event_id,true_master_id,supplier_top1_id,supplier_top1_hit,supplier_top3_hit,supplier_candidates,artwork_top1_id,artwork_top1_hit,artwork_top3_hit,artwork_candidates,supplier_signal_conflict,supplier_conflict_detail,artwork_signal_conflict,artwork_conflict_detail
abt-buy_0000,1029,1029,True,True,1029:0.71|1028:0.39|1026:0.38,1,False,False,1:0.00|2:0.00|3:0.00,False,,False,
abt-buy_0001,1028,1028,True,True,1028:0.65|1029:0.45|1026:0.42,1,False,False,1:0.00|2:0.00|3:0.00,False,,False,
abt-buy_0002,436,436,True,True,436:0.67|959:0.39|101:0.29,1,False,False,1:0.00|2:0.00|3:0.00,False,,False,
abt-buy_0003,215,215,True,True,215:0.71|238:0.46|98:0.21,1,False,False,1:0.00|2:0.00|3:0.00,False,,False,
abt-buy_0004,161,161,True,True,161:0.63|101:0.41|959:0.34,1,False,False,1:0.00|2:0.00|3:0.00,False,,False,
abt-buy_0005,828,828,True,True,828:0.75|864:0.30|865:0.30,1,False,False,1:0.00|2:0.00|3:0.00,False,,False,
abt-buy_0006,779,779,True,True,779:0.65|979:0.25|961:0.25,1,False,False,1:0.00|2:0.00|3:0.00,False,,False,
abt-buy_0007,378,378,True,True,378:0.75|375:0.23|308:0.21,1,False,False,1:0.00|2:0.00|3:0.00,False,,False,
abt-buy_0008,1026,1026,True,True,1026:0.72|1029:0.41|135:0.40,1,False,False,1:0.00|2:0.00|3:0.00,False,,False,
abt-buy_0009,135,135,True,True,135:0.76|1026:0.37|1029:0.31,1,False,False,1:0.00|2:0.00|3:0.00,False,,False,
abt-buy_0010,1027,1027,True,True,1027:0.63|1026:0.34|1029:0.34,1,False,False,1:0.00|2:0.00|3:0.00,False,,False,
abt-buy_0011,463,463,True,True,463:0.74|366:0.36|1081:0.32,1,False,False,1:0.00|2:0.00|3:0.00,False,,False,
abt-buy_0012,219,219,True,True,219:0.79|119:0.22|239:0.21,1,False,False,1:0.00|2:0.00|3:0.00,False,,False,
abt-buy_0013,959,959,True,True,959:0.73|289:0.34|436:0.33,1,False,False,1:0.00|2:0.00|3:0.00,False,,False,
abt-buy_0014,238,238,True,True,238:0.63|215:0.39|98:0.27,1,False,False,1:0.00|2:0.00|3:0.00,False,,False,
abt-buy_0015,824,824,True,True,824:0.71|974:0.23|864:0.21,1,False,False,1:0.00|2:0.00|3:0.00,False,,False,
abt-buy_0016,60,60,True,True,60:0.71|600:0.21|40:0.21,1,False,False,1:0.00|2:0.00|3:0.00,False,,False,
abt-buy_0017,1081,1081,True,True,1081:0.78|463:0.35|1021:0.34,1,False,False,1:0.00|2:0.00|3:0.00,False,,False,
abt-buy_0018,100,100,True,True,100:0.72|90:0.32|870:0.31,1,False,False,1:0.00|2:0.00|3:0.00,False,,False,
abt-buy_0019,827,827,True,True,827:0.57|829:0.20|877:0.20,1,False,False,1:0.00|2:0.00|3:0.00,False,,False,
abt-buy_0020,90,90,True,True,90:0.57|100:0.41|1020:0.29,1,False,False,1:0.00|2:0.00|3:0.00,False,,False,
abt-buy_0021,26,26,True,True,26:0.74|16:0.28|96:0.26,1,False,False,1:0.00|2:0.00|3:0.00,False,,False,
abt-buy_0022,1080,1080,True,True,1080:0.70|1050:0.26|1079:0.23,1,False,False,1:0.00|2:0.00|3:0.00,False,,False,
abt-buy_0023,408,408,True,True,408:0.74|117:0.31|101:0.28,1,False,False,1:0.00|2:0.00|3:0.00,False,,False,
abt-buy_0024,117,117,True,True,117:0.78|408:0.33|107:0.25,1,False,False,1:0.00|2:0.00|3:0.00,False,,False,
abt-buy_0025,101,101,True,True,101:0.78|107:0.41|161:0.41,1,False,False,1:0.00|2:0.00|3:0.00,False,,False,
abt-buy_0026,195,195,True,True,195:0.82|345:0.49|835:0.34,1,False,False,1:0.00|2:0.00|3:0.00,False,,False,
abt-buy_0027,125,125,True,True,125:0.56|525:0.19|145:0.19,1,False,False,1:0.00|2:0.00|3:0.00,False,,False,
abt-buy_0028,93,93,True,True,93:0.49|293:0.42|97:0.39,1,False,False,1:0.00|2:0.00|3:0.00,False,,False,
abt-buy_0029,91,91,True,True,91:0.43|891:0.33|97:0.32,1,False,False,1:0.00|2:0.00|3:0.00,False,,False,
abt-buy_0030,435,435,True,True,435:0.51|434:0.30|433:0.29,1,False,False,1:0.00|2:0.00|3:0.00,False,,False,
abt-buy_0031,92,92,True,True,92:0.51|97:0.39|94:0.38,1,False,False,1:0.00|2:0.00|3:0.00,False,,False,
abt-buy_0032,96,96,True,True,96:0.59|97:0.39|94:0.37,1,False,False,1:0.00|2:0.00|3:0.00,False,,False,
abt-buy_0033,97,97,True,True,97:0.65|293:0.42|94:0.34,1,False,False,1:0.00|2:0.00|3:0.00,False,,False,
abt-buy_0034,199,199,True,True,199:0.70|293:0.40|97:0.39,1,False,False,1:0.00|2:0.00|3:0.00,False,,False,
abt-buy_0035,759,759,True,True,759:0.75|729:0.41|769:0.33,1,False,False,1:0.00|2:0.00|3:0.00,False,,False,
abt-buy_0036,107,107,True,True,107:0.65|101:0.40|959:0.32,1,False,False,1:0.00|2:0.00|3:0.00,False,,False,
abt-buy_0037,729,729,True,True,729:0.58|759:0.44|25:0.33,1,False,False,1:0.00|2:0.00|3:0.00,False,,False,
abt-buy_0038,1004,1004,True,True,1004:0.70|959:0.35|289:0.31,1,False,False,1:0.00|2:0.00|3:0.00,False,,False,
abt-buy_0039,1065,1065,True,True,1065:0.54|1035:0.19|1037:0.19,1,False,False,1:0.00|2:0.00|3:0.00,False,,False,
abt-buy_0040,410,410,True,True,410:0.70|210:0.26|403:0.25,1,False,False,1:0.00|2:0.00|3:0.00,False,,False,
abt-buy_0041,410,410,True,True,410:0.61|403:0.30|1077:0.27,1,False,False,1:0.00|2:0.00|3:0.00,False,,False,
abt-buy_0042,110,110,True,True,110:0.61|910:0.33|111:0.28,1,False,False,1:0.00|2:0.00|3:0.00,False,,False,
abt-buy_0043,293,293,True,True,293:0.58|97:0.31|110:0.29,1,False,False,1:0.00|2:0.00|3:0.00,False,,False,
abt-buy_0044,111,111,True,True,111:0.57|910:0.34|891:0.31,1,False,False,1:0.00|2:0.00|3:0.00,False,,False,
abt-buy_0045,50,50,True,True,50:0.79|56:0.57|367:0.33,1,False,False,1:0.00|2:0.00|3:0.00,False,,False,
abt-buy_0046,1072,1072,True,True,1072:0.65|59:0.25|72:0.24,1,False,False,1:0.00|2:0.00|3:0.00,False,,False,
abt-buy_0047,404,404,True,True,404:0.79|407:0.23|98:0.22,1,False,False,1:0.00|2:0.00|3:0.00,False,,False,
abt-buy_0048,994,994,True,True,994:0.83|1003:0.38|780:0.37,1,False,False,1:0.00|2:0.00|3:0.00,False,,False,
abt-buy_0049,58,58,True,True,58:0.75|57:0.44|354:0.39,1,False,False,1:0.00|2:0.00|3:0.00,False,,False,
abt-buy_0050,57,57,True,True,57:0.64|58:0.41|354:0.39,1,False,False,1:0.00|2:0.00|3:0.00,False,,False,
abt-buy_0051,78,78,True,True,78:0.65|72:0.41|268:0.38,1,False,False,1:0.00|2:0.00|3:0.00,False,,False,
abt-buy_0052,72,72,True,True,72:0.56|78:0.31|269:0.30,1,False,False,1:0.00|2:0.00|3:0.00,False,,False,
abt-buy_0053,345,345,True,True,345:0.82|195:0.46|781:0.36,1,False,False,1:0.00|2:0.00|3:0.00,False,,False,
abt-buy_0054,163,163,True,True,163:0.68|167:0.28|333:0.25,1,False,False,1:0.00|2:0.00|3:0.00,False,,False,
abt-buy_0055,77,77,True,True,77:0.66|877:0.47|172:0.24,1,False,False,1:0.00|2:0.00|3:0.00,False,,False,
abt-buy_0056,283,283,True,True,283:0.80|969:0.26|378:0.23,1,False,False,1:0.00|2:0.00|3:0.00,False,,False,
abt-buy_0057,1022,1022,True,True,1022:0.82|1023:0.42|1024:0.37,1,False,False,1:0.00|2:0.00|3:0.00,False,,False,
abt-buy_0058,265,265,True,True,265:0.70|163:0.32|355:0.31,1,False,False,1:0.00|2:0.00|3:0.00,False,,False,
abt-buy_0059,197,197,True,True,197:0.67|54:0.31|673:0.23,1,False,False,1:0.00|2:0.00|3:0.00,False,,False,
abt-buy_0060,120,120,True,True,120:0.62|116:0.31|177:0.28,1,False,False,1:0.00|2:0.00|3:0.00,False,,False,
abt-buy_0061,109,109,True,True,109:0.72|555:0.39|198:0.30,1,False,False,1:0.00|2:0.00|3:0.00,False,,False,
abt-buy_0062,109,109,True,True,109:0.65|555:0.33|198:0.27,1,False,False,1:0.00|2:0.00|3:0.00,False,,False,
abt-buy_0063,228,228,True,True,228:0.79|873:0.34|128:0.23,1,False,False,1:0.00|2:0.00|3:0.00,False,,False,
abt-buy_0064,54,54,True,True,54:0.71|197:0.31|64:0.22,1,False,False,1:0.00|2:0.00|3:0.00,False,,False,
abt-buy_0065,797,797,True,True,797:0.75|798:0.45|802:0.37,1,False,False,1:0.00|2:0.00|3:0.00,False,,False,
abt-buy_0066,122,122,True,True,122:0.74|132:0.27|1023:0.27,1,False,False,1:0.00|2:0.00|3:0.00,False,,False,
abt-buy_0067,126,126,True,True,126:0.72|306:0.36|911:0.31,1,False,False,1:0.00|2:0.00|3:0.00,False,,False,
abt-buy_0068,181,181,True,True,181:0.61|182:0.37|201:0.25,1,False,False,1:0.00|2:0.00|3:0.00,False,,False,
abt-buy_0069,201,201,True,True,201:0.64|181:0.25|901:0.23,1,False,False,1:0.00|2:0.00|3:0.00,False,,False,
abt-buy_0070,182,182,True,True,182:0.59|181:0.36|982:0.21,1,False,False,1:0.00|2:0.00|3:0.00,False,,False,
abt-buy_0071,156,156,True,True,156:0.64|150:0.20|116:0.20,1,False,False,1:0.00|2:0.00|3:0.00,False,,False,
abt-buy_0072,192,192,True,True,192:0.74|191:0.37|790:0.35,1,False,False,1:0.00|2:0.00|3:0.00,False,,False,
abt-buy_0073,147,147,True,True,147:0.53|257:0.37|148:0.34,1,False,False,1:0.00|2:0.00|3:0.00,False,,False,
abt-buy_0074,148,148,True,True,148:0.58|192:0.38|428:0.38,1,False,False,1:0.00|2:0.00|3:0.00,False,,False,
abt-buy_0075,225,225,True,True,225:0.64|392:0.43|255:0.42,1,False,False,1:0.00|2:0.00|3:0.00,False,,False,
abt-buy_0076,788,788,True,True,788:0.68|265:0.29|778:0.23,1,False,False,1:0.00|2:0.00|3:0.00,False,,False,
abt-buy_0077,118,118,True,True,118:0.58|214:0.30|213:0.29,1,False,False,1:0.00|2:0.00|3:0.00,False,,False,
abt-buy_0078,136,136,True,True,136:0.78|131:0.33|139:0.30,1,False,False,1:0.00|2:0.00|3:0.00,False,,False,
abt-buy_0079,123,123,True,True,123:0.65|757:0.23|126:0.23,1,False,False,1:0.00|2:0.00|3:0.00,False,,False,
abt-buy_0080,85,85,True,True,85:0.63|80:0.31|423:0.30,1,False,False,1:0.00|2:0.00|3:0.00,False,,False,
abt-buy_0081,727,727,True,True,727:0.62|747:0.26|133:0.25,1,False,False,1:0.00|2:0.00|3:0.00,False,,False,
abt-buy_0082,940,940,True,True,940:0.63|133:0.35|80:0.25,1,False,False,1:0.00|2:0.00|3:0.00,False,,False,
abt-buy_0083,799,799,True,True,799:0.75|798:0.36|797:0.32,1,False,False,1:0.00|2:0.00|3:0.00,False,,False,
abt-buy_0084,5,5,True,True,5:0.59|2:0.31|190:0.22,1,False,False,1:0.00|2:0.00|3:0.00,False,,False,
abt-buy_0085,86,86,True,True,86:0.60|85:0.31|587:0.27,1,False,False,1:0.00|2:0.00|3:0.00,False,,False,
abt-buy_0086,323,323,True,True,323:0.78|327:0.25|923:0.23,1,False,False,1:0.00|2:0.00|3:0.00,False,,False,
abt-buy_0087,400,400,True,True,400:0.66|448:0.30|556:0.25,1,False,False,1:0.00|2:0.00|3:0.00,False,,False,
abt-buy_0088,177,177,True,True,177:0.75|171:0.48|61:0.39,1,False,False,1:0.00|2:0.00|3:0.00,False,,False,
abt-buy_0089,168,168,True,True,168:0.68|61:0.44|177:0.44,1,False,False,1:0.00|2:0.00|3:0.00,False,,False,
abt-buy_0090,171,171,True,True,171:0.72|177:0.45|61:0.42,1,False,False,1:0.00|2:0.00|3:0.00,False,,False,
abt-buy_0091,8,8,True,True,8:0.75|37:0.26|508:0.25,1,False,False,1:0.00|2:0.00|3:0.00,False,,False,
abt-buy_0092,800,800,True,True,800:0.73|806:0.42|807:0.42,1,False,False,1:0.00|2:0.00|3:0.00,False,,False,
abt-buy_0093,183,183,True,True,183:0.74|180:0.29|185:0.29,1,False,False,1:0.00|2:0.00|3:0.00,False,,False,
abt-buy_0094,417,417,True,True,417:0.72|179:0.33|418:0.32,1,False,False,1:0.00|2:0.00|3:0.00,False,,False,
abt-buy_0095,359,359,True,True,359:0.67|179:0.37|419:0.37,1,False,False,1:0.00|2:0.00|3:0.00,False,,False,
abt-buy_0096,418,418,True,True,418:0.47|419:0.27|908:0.25,1,False,False,1:0.00|2:0.00|3:0.00,False,,False,
abt-buy_0097,204,204,True,True,204:0.56|421:0.42|767:0.37,1,False,False,1:0.00|2:0.00|3:0.00,False,,False,
abt-buy_0098,179,179,True,True,179:0.48|174:0.30|417:0.26,1,False,False,1:0.00|2:0.00|3:0.00,False,,False,
abt-buy_0099,180,180,True,True,180:0.62|183:0.32|770:0.31,1,False,False,1:0.00|2:0.00|3:0.00,False,,False,
abt-buy_0100,38,38,True,True,38:0.67|291:0.32|718:0.25,1,False,False,1:0.00|2:0.00|3:0.00,False,,False,
abt-buy_0101,296,296,True,True,296:0.77|196:0.27|835:0.27,1,False,False,1:0.00|2:0.00|3:0.00,False,,False,
abt-buy_0102,835,835,True,True,835:0.76|195:0.35|345:0.30,1,False,False,1:0.00|2:0.00|3:0.00,False,,False,
abt-buy_0103,143,143,True,True,143:0.71|142:0.42|169:0.26,1,False,False,1:0.00|2:0.00|3:0.00,False,,False,
abt-buy_0104,132,132,True,True,132:0.71|373:0.35|143:0.26,1,False,False,1:0.00|2:0.00|3:0.00,False,,False,
abt-buy_0105,153,153,True,True,153:0.65|121:0.32|191:0.22,1,False,False,1:0.00|2:0.00|3:0.00,False,,False,
abt-buy_0106,44,44,True,True,44:0.68|72:0.27|78:0.27,1,False,False,1:0.00|2:0.00|3:0.00,False,,False,
abt-buy_0107,10,10,True,True,10:0.73|12:0.42|11:0.38,1,False,False,1:0.00|2:0.00|3:0.00,False,,False,
abt-buy_0108,249,249,True,True,249:0.73|413:0.37|374:0.33,1,False,False,1:0.00|2:0.00|3:0.00,False,,False,
abt-buy_0109,374,374,True,True,374:0.80|249:0.30|413:0.27,1,False,False,1:0.00|2:0.00|3:0.00,False,,False,
abt-buy_0110,176,176,True,True,176:0.67|282:0.35|175:0.34,1,False,False,1:0.00|2:0.00|3:0.00,False,,False,
abt-buy_0111,1041,1041,True,True,1041:0.67|1008:0.23|141:0.21,1,False,False,1:0.00|2:0.00|3:0.00,False,,False,
abt-buy_0112,952,952,True,True,952:0.65|957:0.35|951:0.35,1,False,False,1:0.00|2:0.00|3:0.00,False,,False,
abt-buy_0113,396,396,True,True,396:0.72|1071:0.26|1014:0.24,1,False,False,1:0.00|2:0.00|3:0.00,False,,False,
abt-buy_0114,6,6,True,True,6:0.77|416:0.22|9:0.22,1,False,False,1:0.00|2:0.00|3:0.00,False,,False,
abt-buy_0115,39,39,True,True,39:0.64|512:0.31|548:0.28,1,False,False,1:0.00|2:0.00|3:0.00,False,,False,
abt-buy_0116,99,99,True,True,99:0.59|85:0.35|423:0.33,1,False,False,1:0.00|2:0.00|3:0.00,False,,False,
abt-buy_0117,45,45,True,True,45:0.71|4:0.25|41:0.21,1,False,False,1:0.00|2:0.00|3:0.00,False,,False,
abt-buy_0118,4,4,True,True,4:0.72|14:0.33|13:0.32,1,False,False,1:0.00|2:0.00|3:0.00,False,,False,
abt-buy_0119,22,22,True,True,22:0.62|151:0.30|1:0.22,1,False,False,1:0.00|2:0.00|3:0.00,False,,False,
abt-buy_0120,14,14,True,True,14:0.65|13:0.41|4:0.36,1,False,False,1:0.00|2:0.00|3:0.00,False,,False,
abt-buy_0121,34,34,True,True,34:0.74|24:0.39|264:0.33,1,False,False,1:0.00|2:0.00|3:0.00,False,,False,
abt-buy_0122,36,36,True,True,36:0.74|32:0.26|84:0.25,1,False,False,1:0.00|2:0.00|3:0.00,False,,False,
abt-buy_0123,84,84,True,True,84:0.71|216:0.33|217:0.31,1,False,False,1:0.00|2:0.00|3:0.00,False,,False,
abt-buy_0124,27,27,True,True,27:0.84|326:0.25|4:0.25,1,False,False,1:0.00|2:0.00|3:0.00,False,,False,
abt-buy_0125,131,131,True,True,131:0.74|136:0.38|354:0.33,1,False,False,1:0.00|2:0.00|3:0.00,False,,False,
abt-buy_0126,104,104,True,True,104:0.60|204:0.35|174:0.33,1,False,False,1:0.00|2:0.00|3:0.00,False,,False,
abt-buy_0127,352,352,True,True,352:0.71|354:0.43|136:0.31,1,False,False,1:0.00|2:0.00|3:0.00,False,,False,
abt-buy_0128,259,259,True,True,259:0.81|239:0.24|399:0.22,1,False,False,1:0.00|2:0.00|3:0.00,False,,False,
abt-buy_0129,159,159,True,True,159:0.68|158:0.41|32:0.24,1,False,False,1:0.00|2:0.00|3:0.00,False,,False,
abt-buy_0130,151,151,True,True,151:0.69|51:0.26|159:0.23,1,False,False,1:0.00|2:0.00|3:0.00,False,,False,
abt-buy_0131,103,103,True,True,103:0.66|185:0.41|421:0.40,1,False,False,1:0.00|2:0.00|3:0.00,False,,False,
abt-buy_0132,87,87,True,True,87:0.59|4:0.25|27:0.24,1,False,False,1:0.00|2:0.00|3:0.00,False,,False,
abt-buy_0133,19,19,True,True,19:0.71|37:0.33|76:0.29,1,False,False,1:0.00|2:0.00|3:0.00,False,,False,
abt-buy_0134,47,47,True,True,47:0.71|777:0.24|247:0.23,1,False,False,1:0.00|2:0.00|3:0.00,False,,False,
abt-buy_0135,7,7,True,True,7:0.81|145:0.25|476:0.25,1,False,False,1:0.00|2:0.00|3:0.00,False,,False,
abt-buy_0136,247,247,True,True,247:0.59|246:0.30|297:0.25,1,False,False,1:0.00|2:0.00|3:0.00,False,,False,
abt-buy_0137,246,246,True,True,246:0.47|247:0.26|46:0.24,1,False,False,1:0.00|2:0.00|3:0.00,False,,False,
abt-buy_0138,263,263,True,True,263:0.66|266:0.23|761:0.22,1,False,False,1:0.00|2:0.00|3:0.00,False,,False,
abt-buy_0139,236,236,True,True,236:0.59|237:0.35|692:0.22,1,False,False,1:0.00|2:0.00|3:0.00,False,,False,
abt-buy_0140,260,260,True,True,260:0.78|660:0.26|265:0.25,1,False,False,1:0.00|2:0.00|3:0.00,False,,False,
abt-buy_0141,69,69,True,True,69:0.68|777:0.25|47:0.22,1,False,False,1:0.00|2:0.00|3:0.00,False,,False,
abt-buy_0142,17,17,True,True,17:0.58|489:0.28|1064:0.27,1,False,False,1:0.00|2:0.00|3:0.00,False,,False,
abt-buy_0143,68,68,True,True,68:0.60|56:0.27|50:0.27,1,False,False,1:0.00|2:0.00|3:0.00,False,,False,
abt-buy_0144,56,56,True,True,56:0.62|50:0.42|367:0.37,1,False,False,1:0.00|2:0.00|3:0.00,False,,False,
abt-buy_0145,430,430,True,True,430:0.68|643:0.21|30:0.20,1,False,False,1:0.00|2:0.00|3:0.00,False,,False,
abt-buy_0146,76,76,True,True,76:0.61|19:0.24|486:0.22,1,False,False,1:0.00|2:0.00|3:0.00,False,,False,
abt-buy_0147,37,37,True,True,37:0.62|114:0.29|76:0.27,1,False,False,1:0.00|2:0.00|3:0.00,False,,False,
abt-buy_0148,588,588,True,True,588:0.67|589:0.44|590:0.39,1,False,False,1:0.00|2:0.00|3:0.00,False,,False,
abt-buy_0149,590,590,True,True,590:0.67|588:0.39|589:0.39,1,False,False,1:0.00|2:0.00|3:0.00,False,,False,
abt-buy_0150,589,589,True,True,589:0.67|588:0.44|590:0.39,1,False,False,1:0.00|2:0.00|3:0.00,False,,False,
abt-buy_0151,668,668,True,True,668:0.74|293:0.33|97:0.33,1,False,False,1:0.00|2:0.00|3:0.00,False,,False,
abt-buy_0152,114,114,True,True,114:0.67|214:0.28|442:0.26,1,False,False,1:0.00|2:0.00|3:0.00,False,,False,
abt-buy_0153,643,643,True,True,643:0.73|137:0.27|43:0.20,1,False,False,1:0.00|2:0.00|3:0.00,False,,False,
abt-buy_0154,164,164,True,True,164:0.72|170:0.33|884:0.29,1,False,False,1:0.00|2:0.00|3:0.00,False,,False,
abt-buy_0155,200,200,True,True,200:0.75|798:0.37|797:0.35,1,False,False,1:0.00|2:0.00|3:0.00,False,,False,
abt-buy_0156,162,162,True,True,162:0.63|368:0.31|416:0.31,1,False,False,1:0.00|2:0.00|3:0.00,False,,False,
abt-buy_0157,138,138,True,True,138:0.56|132:0.25|349:0.25,1,False,False,1:0.00|2:0.00|3:0.00,False,,False,
abt-buy_0158,155,155,True,True,155:0.70|614:0.31|48:0.25,1,False,False,1:0.00|2:0.00|3:0.00,False,,False,
abt-buy_0159,426,426,True,True,426:0.55|416:0.27|424:0.25,1,False,False,1:0.00|2:0.00|3:0.00,False,,False,
abt-buy_0160,402,402,True,True,402:0.73|426:0.36|416:0.33,1,False,False,1:0.00|2:0.00|3:0.00,False,,False,
abt-buy_0161,198,198,True,True,198:0.62|109:0.47|555:0.43,1,False,False,1:0.00|2:0.00|3:0.00,False,,False,
abt-buy_0162,1050,1050,True,True,1050:0.72|1013:0.41|410:0.30,1,False,False,1:0.00|2:0.00|3:0.00,False,,False,
abt-buy_0163,144,144,True,True,144:0.60|142:0.31|143:0.30,1,False,False,1:0.00|2:0.00|3:0.00,False,,False,
abt-buy_0164,149,149,True,True,149:0.57|173:0.35|780:0.33,1,False,False,1:0.00|2:0.00|3:0.00,False,,False,
abt-buy_0165,1003,1003,True,True,1003:0.84|994:0.38|780:0.34,1,False,False,1:0.00|2:0.00|3:0.00,False,,False,
abt-buy_0166,1008,1008,True,True,1008:0.64|299:0.23|674:0.22,1,False,False,1:0.00|2:0.00|3:0.00,False,,False,
abt-buy_0167,222,222,True,True,222:0.57|272:0.25|692:0.25,1,False,False,1:0.00|2:0.00|3:0.00,False,,False,
abt-buy_0168,223,223,True,True,223:0.55|273:0.28|303:0.22,1,False,False,1:0.00|2:0.00|3:0.00,False,,False,
abt-buy_0169,664,664,True,True,664:0.68|964:0.36|668:0.30,1,False,False,1:0.00|2:0.00|3:0.00,False,,False,
abt-buy_0170,203,203,True,True,203:0.63|368:0.26|307:0.26,1,False,False,1:0.00|2:0.00|3:0.00,False,,False,
abt-buy_0171,82,82,True,True,82:0.58|48:0.32|49:0.32,1,False,False,1:0.00|2:0.00|3:0.00,False,,False,
abt-buy_0172,173,173,True,True,173:0.77|112:0.31|994:0.28,1,False,False,1:0.00|2:0.00|3:0.00,False,,False,
abt-buy_0173,194,194,True,True,194:0.76|193:0.40|586:0.30,1,False,False,1:0.00|2:0.00|3:0.00,False,,False,
abt-buy_0174,206,206,True,True,206:0.68|205:0.35|306:0.23,1,False,False,1:0.00|2:0.00|3:0.00,False,,False,
abt-buy_0175,121,121,True,True,121:0.67|153:0.33|191:0.26,1,False,False,1:0.00|2:0.00|3:0.00,False,,False,
abt-buy_0176,888,888,True,True,888:0.63|688:0.21|808:0.20,1,False,False,1:0.00|2:0.00|3:0.00,False,,False,
abt-buy_0177,150,150,True,True,150:0.57|159:0.21|190:0.21,1,False,False,1:0.00|2:0.00|3:0.00,False,,False,
abt-buy_0178,434,434,True,True,434:0.52|964:0.29|435:0.28,1,False,False,1:0.00|2:0.00|3:0.00,False,,False,
abt-buy_0179,433,433,True,True,433:0.53|434:0.28|435:0.28,1,False,False,1:0.00|2:0.00|3:0.00,False,,False,
abt-buy_0180,366,366,True,True,366:0.78|345:0.33|463:0.32,1,False,False,1:0.00|2:0.00|3:0.00,False,,False,
abt-buy_0181,185,185,True,True,185:0.70|204:0.37|178:0.35,1,False,False,1:0.00|2:0.00|3:0.00,False,,False,
abt-buy_0182,355,355,True,True,355:0.74|460:0.29|369:0.23,1,False,False,1:0.00|2:0.00|3:0.00,False,,False,
abt-buy_0183,286,286,True,True,286:0.65|188:0.33|986:0.23,1,False,False,1:0.00|2:0.00|3:0.00,False,,False,
abt-buy_0184,145,145,True,True,145:0.82|7:0.25|146:0.23,1,False,False,1:0.00|2:0.00|3:0.00,False,,False,
abt-buy_0185,282,282,True,True,282:0.62|202:0.30|176:0.29,1,False,False,1:0.00|2:0.00|3:0.00,False,,False,
abt-buy_0186,184,184,True,True,184:0.64|221:0.33|357:0.26,1,False,False,1:0.00|2:0.00|3:0.00,False,,False,
abt-buy_0187,206,206,True,True,206:0.75|205:0.37|266:0.22,1,False,False,1:0.00|2:0.00|3:0.00,False,,False,
abt-buy_0188,196,196,True,True,196:0.75|296:0.29|195:0.28,1,False,False,1:0.00|2:0.00|3:0.00,False,,False,
abt-buy_0189,220,220,True,True,220:0.72|460:0.29|426:0.27,1,False,False,1:0.00|2:0.00|3:0.00,False,,False,
abt-buy_0190,218,218,True,True,218:0.65|321:0.24|128:0.23,1,False,False,1:0.00|2:0.00|3:0.00,False,,False,
abt-buy_0191,427,427,True,True,427:0.66|1060:0.35|729:0.31,1,False,False,1:0.00|2:0.00|3:0.00,False,,False,
abt-buy_0192,398,398,True,True,398:0.78|1070:0.42|598:0.29,1,False,False,1:0.00|2:0.00|3:0.00,False,,False,
abt-buy_0193,372,372,True,True,372:0.75|598:0.35|1031:0.31,1,False,False,1:0.00|2:0.00|3:0.00,False,,False,
abt-buy_0194,784,784,True,True,784:0.66|783:0.48|584:0.21,1,False,False,1:0.00|2:0.00|3:0.00,False,,False,
abt-buy_0195,234,234,True,True,234:0.73|1031:0.29|598:0.29,1,False,False,1:0.00|2:0.00|3:0.00,False,,False,
abt-buy_0196,792,792,True,True,792:0.66|894:0.26|627:0.23,1,False,False,1:0.00|2:0.00|3:0.00,False,,False,
abt-buy_0197,353,353,True,True,353:0.65|352:0.25|354:0.24,1,False,False,1:0.00|2:0.00|3:0.00,False,,False,
abt-buy_0198,209,209,True,True,209:0.62|799:0.27|169:0.26,1,False,False,1:0.00|2:0.00|3:0.00,False,,False,
abt-buy_0199,419,419,True,True,419:0.67|418:0.38|185:0.32,1,False,False,1:0.00|2:0.00|3:0.00,False,,False,
abt-buy_0200,493,493,True,True,493:0.61|793:0.25|893:0.24,1,False,False,1:0.00|2:0.00|3:0.00,False,,False,
abt-buy_0201,1048,1048,True,True,1048:0.66|88:0.29|81:0.28,1,False,False,1:0.00|2:0.00|3:0.00,False,,False,
abt-buy_0202,1052,1052,True,True,1052:0.67|512:0.24|52:0.22,1,False,False,1:0.00|2:0.00|3:0.00,False,,False,
abt-buy_0203,329,329,True,True,329:0.66|428:0.32|790:0.31,1,False,False,1:0.00|2:0.00|3:0.00,False,,False,
abt-buy_0204,257,257,True,True,257:0.62|281:0.32|251:0.32,1,False,False,1:0.00|2:0.00|3:0.00,False,,False,
abt-buy_0205,280,280,True,True,280:0.63|257:0.39|281:0.34,1,False,False,1:0.00|2:0.00|3:0.00,False,,False,
abt-buy_0206,421,421,True,True,421:0.71|422:0.42|420:0.38,1,False,False,1:0.00|2:0.00|3:0.00,False,,False,
abt-buy_0207,393,393,True,True,393:0.64|785:0.33|891:0.25,1,False,False,1:0.00|2:0.00|3:0.00,False,,False,
abt-buy_0208,318,318,True,True,318:0.68|48:0.28|20:0.25,1,False,False,1:0.00|2:0.00|3:0.00,False,,False,
abt-buy_0209,1057,1057,True,True,1057:0.67|432:0.28|63:0.26,1,False,False,1:0.00|2:0.00|3:0.00,False,,False,
abt-buy_0210,360,360,True,True,360:0.65|168:0.31|432:0.31,1,False,False,1:0.00|2:0.00|3:0.00,False,,False,
abt-buy_0211,432,432,True,True,432:0.59|1057:0.24|360:0.23,1,False,False,1:0.00|2:0.00|3:0.00,False,,False,
abt-buy_0212,787,787,True,True,787:0.69|764:0.35|958:0.27,1,False,False,1:0.00|2:0.00|3:0.00,False,,False,
abt-buy_0213,244,244,True,True,244:0.67|245:0.43|444:0.25,1,False,False,1:0.00|2:0.00|3:0.00,False,,False,
abt-buy_0214,258,258,True,True,258:0.68|231:0.40|563:0.26,1,False,False,1:0.00|2:0.00|3:0.00,False,,False,
abt-buy_0215,221,221,True,True,221:0.66|184:0.27|271:0.27,1,False,False,1:0.00|2:0.00|3:0.00,False,,False,
abt-buy_0216,188,188,True,True,188:0.65|286:0.33|109:0.23,1,False,False,1:0.00|2:0.00|3:0.00,False,,False,
abt-buy_0217,67,67,True,True,67:0.71|52:0.33|108:0.33,1,False,False,1:0.00|2:0.00|3:0.00,False,,False,
abt-buy_0218,108,108,True,True,108:0.71|67:0.34|52:0.30,1,False,False,1:0.00|2:0.00|3:0.00,False,,False,
abt-buy_0219,186,186,True,True,186:0.82|189:0.32|141:0.32,1,False,False,1:0.00|2:0.00|3:0.00,False,,False,
abt-buy_0220,229,229,True,True,229:0.53|213:0.33|214:0.32,1,False,False,1:0.00|2:0.00|3:0.00,False,,False,
abt-buy_0221,212,212,True,True,212:0.60|213:0.39|214:0.39,1,False,False,1:0.00|2:0.00|3:0.00,False,,False,
abt-buy_0222,230,230,True,True,230:0.61|212:0.34|250:0.33,1,False,False,1:0.00|2:0.00|3:0.00,False,,False,
abt-buy_0223,211,211,True,True,211:0.52|214:0.31|213:0.31,1,False,False,1:0.00|2:0.00|3:0.00,False,,False,
abt-buy_0224,287,287,True,True,287:0.63|307:0.24|379:0.21,1,False,False,1:0.00|2:0.00|3:0.00,False,,False,
abt-buy_0225,420,420,True,True,420:0.69|421:0.32|422:0.29,1,False,False,1:0.00|2:0.00|3:0.00,False,,False,
abt-buy_0226,213,213,True,True,213:0.65|214:0.41|212:0.37,1,False,False,1:0.00|2:0.00|3:0.00,False,,False,
abt-buy_0227,248,248,True,True,248:0.63|214:0.36|230:0.36,1,False,False,1:0.00|2:0.00|3:0.00,False,,False,
abt-buy_0228,214,214,True,True,214:0.64|213:0.36|230:0.35,1,False,False,1:0.00|2:0.00|3:0.00,False,,False,
abt-buy_0229,245,245,True,True,245:0.68|244:0.36|365:0.30,1,False,False,1:0.00|2:0.00|3:0.00,False,,False,
abt-buy_0230,339,339,True,True,339:0.73|234:0.28|1051:0.25,1,False,False,1:0.00|2:0.00|3:0.00,False,,False,
abt-buy_0231,1074,1074,True,True,1074:0.63|1077:0.21|1079:0.20,1,False,False,1:0.00|2:0.00|3:0.00,False,,False,
abt-buy_0232,375,375,True,True,375:0.59|377:0.32|814:0.26,1,False,False,1:0.00|2:0.00|3:0.00,False,,False,
abt-buy_0233,1051,1051,True,True,1051:0.70|1031:0.26|339:0.25,1,False,False,1:0.00|2:0.00|3:0.00,False,,False,
abt-buy_0234,838,838,True,True,838:0.61|372:0.41|598:0.36,1,False,False,1:0.00|2:0.00|3:0.00,False,,False,
abt-buy_0235,174,174,True,True,174:0.60|172:0.33|183:0.33,1,False,False,1:0.00|2:0.00|3:0.00,False,,False,
abt-buy_0236,251,251,True,True,251:0.67|257:0.37|191:0.31,1,False,False,1:0.00|2:0.00|3:0.00,False,,False,
abt-buy_0237,241,241,True,True,241:0.73|641:0.28|242:0.23,1,False,False,1:0.00|2:0.00|3:0.00,False,,False,
abt-buy_0238,377,377,True,True,377:0.62|960:0.24|319:0.18,1,False,False,1:0.00|2:0.00|3:0.00,False,,False,
abt-buy_0239,267,267,True,True,267:0.64|268:0.36|269:0.34,1,False,False,1:0.00|2:0.00|3:0.00,False,,False,
abt-buy_0240,289,289,True,True,289:0.74|101:0.37|959:0.32,1,False,False,1:0.00|2:0.00|3:0.00,False,,False,
abt-buy_0241,559,559,True,True,559:0.78|1022:0.24|1023:0.24,1,False,False,1:0.00|2:0.00|3:0.00,False,,False,
abt-buy_0242,507,507,True,True,507:0.61|680:0.24|682:0.23,1,False,False,1:0.00|2:0.00|3:0.00,False,,False,
abt-buy_0243,271,271,True,True,271:0.77|267:0.46|270:0.45,1,False,False,1:0.00|2:0.00|3:0.00,False,,False,
abt-buy_0244,290,290,True,True,290:0.76|271:0.47|267:0.47,1,False,False,1:0.00|2:0.00|3:0.00,False,,False,
abt-buy_0245,309,309,True,True,309:0.67|44:0.36|269:0.34,1,False,False,1:0.00|2:0.00|3:0.00,False,,False,
abt-buy_0246,269,269,True,True,269:0.80|267:0.47|271:0.44,1,False,False,1:0.00|2:0.00|3:0.00,False,,False,
abt-buy_0247,268,268,True,True,268:0.77|270:0.47|267:0.42,1,False,False,1:0.00|2:0.00|3:0.00,False,,False,
abt-buy_0248,270,270,True,True,270:0.77|268:0.47|271:0.45,1,False,False,1:0.00|2:0.00|3:0.00,False,,False,
abt-buy_0249,253,253,True,True,253:0.66|725:0.27|803:0.27,1,False,False,1:0.00|2:0.00|3:0.00,False,,False,
abt-buy_0250,231,231,True,True,231:0.69|258:0.40|531:0.31,1,False,False,1:0.00|2:0.00|3:0.00,False,,False,
abt-buy_0251,141,141,True,True,141:0.75|186:0.34|130:0.33,1,False,False,1:0.00|2:0.00|3:0.00,False,,False,
abt-buy_0252,52,52,True,True,52:0.74|67:0.32|108:0.28,1,False,False,1:0.00|2:0.00|3:0.00,False,,False,
abt-buy_0253,112,112,True,True,112:0.65|173:0.32|149:0.31,1,False,False,1:0.00|2:0.00|3:0.00,False,,False,
abt-buy_0254,187,187,True,True,187:0.60|131:0.35|347:0.30,1,False,False,1:0.00|2:0.00|3:0.00,False,,False,
abt-buy_0255,1054,1054,True,True,1054:0.55|209:0.27|365:0.24,1,False,False,1:0.00|2:0.00|3:0.00,False,,False,
abt-buy_0256,361,361,True,True,361:0.60|173:0.32|780:0.29,1,False,False,1:0.00|2:0.00|3:0.00,False,,False,
abt-buy_0257,969,969,True,True,969:0.77|283:0.32|378:0.21,1,False,False,1:0.00|2:0.00|3:0.00,False,,False,
abt-buy_0258,137,137,True,True,137:0.57|643:0.21|197:0.19,1,False,False,1:0.00|2:0.00|3:0.00,False,,False,
abt-buy_0259,224,224,True,True,224:0.64|430:0.20|24:0.20,1,False,False,1:0.00|2:0.00|3:0.00,False,,False,
abt-buy_0260,1030,1030,True,True,1030:0.69|1038:0.18|1031:0.17,1,False,False,1:0.00|2:0.00|3:0.00,False,,False,
abt-buy_0261,274,274,True,True,274:0.73|964:0.24|77:0.24,1,False,False,1:0.00|2:0.00|3:0.00,False,,False,
abt-buy_0262,240,240,True,True,240:0.70|200:0.24|800:0.20,1,False,False,1:0.00|2:0.00|3:0.00,False,,False,
abt-buy_0263,668,668,True,True,668:0.72|293:0.33|97:0.32,1,False,False,1:0.00|2:0.00|3:0.00,False,,False,
abt-buy_0264,974,974,True,True,974:0.81|973:0.45|971:0.44,1,False,False,1:0.00|2:0.00|3:0.00,False,,False,
abt-buy_0265,239,239,True,True,239:0.73|469:0.26|279:0.23,1,False,False,1:0.00|2:0.00|3:0.00,False,,False,
abt-buy_0266,855,855,True,True,855:0.65|865:0.31|864:0.26,1,False,False,1:0.00|2:0.00|3:0.00,False,,False,
abt-buy_0267,126,126,True,True,126:0.53|306:0.34|122:0.29,1,False,False,1:0.00|2:0.00|3:0.00,False,,False,
abt-buy_0268,122,122,True,True,122:0.57|132:0.29|1023:0.26,1,False,False,1:0.00|2:0.00|3:0.00,False,,False,
abt-buy_0269,124,124,True,True,124:0.73|701:0.32|764:0.27,1,False,False,1:0.00|2:0.00|3:0.00,False,,False,
abt-buy_0270,301,301,True,True,301:0.54|401:0.22|351:0.21,1,False,False,1:0.00|2:0.00|3:0.00,False,,False,
abt-buy_0271,297,297,True,True,297:0.62|299:0.32|298:0.30,1,False,False,1:0.00|2:0.00|3:0.00,False,,False,
abt-buy_0272,272,272,True,True,272:0.54|222:0.25|232:0.23,1,False,False,1:0.00|2:0.00|3:0.00,False,,False,
abt-buy_0273,273,273,True,True,273:0.53|223:0.22|207:0.21,1,False,False,1:0.00|2:0.00|3:0.00,False,,False,
abt-buy_0274,279,279,True,True,279:0.63|829:0.28|239:0.24,1,False,False,1:0.00|2:0.00|3:0.00,False,,False,
abt-buy_0275,640,640,True,True,640:0.77|620:0.26|648:0.22,1,False,False,1:0.00|2:0.00|3:0.00,False,,False,
abt-buy_0276,1079,1079,True,True,1079:0.81|1071:0.28|1077:0.27,1,False,False,1:0.00|2:0.00|3:0.00,False,,False,
abt-buy_0277,1071,1071,True,True,1071:0.72|1014:0.39|1079:0.31,1,False,False,1:0.00|2:0.00|3:0.00,False,,False,
abt-buy_0278,416,416,True,True,416:0.67|426:0.44|460:0.36,1,False,False,1:0.00|2:0.00|3:0.00,False,,False,
abt-buy_0279,292,292,True,True,292:0.68|491:0.24|822:0.22,1,False,False,1:0.00|2:0.00|3:0.00,False,,False,
abt-buy_0280,313,313,True,True,313:0.58|855:0.34|617:0.32,1,False,False,1:0.00|2:0.00|3:0.00,False,,False,
abt-buy_0281,333,333,True,True,333:0.63|332:0.46|331:0.45,1,False,False,1:0.00|2:0.00|3:0.00,False,,False,
abt-buy_0282,788,788,True,True,788:0.61|265:0.29|782:0.24,1,False,False,1:0.00|2:0.00|3:0.00,False,,False,
abt-buy_0283,1077,1077,True,True,1077:0.71|1046:0.31|1079:0.30,1,False,False,1:0.00|2:0.00|3:0.00,False,,False,
abt-buy_0284,337,337,True,True,337:0.68|757:0.31|391:0.29,1,False,False,1:0.00|2:0.00|3:0.00,False,,False,
abt-buy_0285,391,391,True,True,391:0.74|757:0.42|123:0.35,1,False,False,1:0.00|2:0.00|3:0.00,False,,False,
abt-buy_0286,291,291,True,True,291:0.68|38:0.38|271:0.32,1,False,False,1:0.00|2:0.00|3:0.00,False,,False,
abt-buy_0287,422,422,True,True,422:0.74|421:0.39|420:0.33,1,False,False,1:0.00|2:0.00|3:0.00,False,,False,
abt-buy_0288,321,321,True,True,321:0.57|381:0.22|351:0.22,1,False,False,1:0.00|2:0.00|3:0.00,False,,False,
abt-buy_0289,381,381,True,True,381:0.62|81:0.20|361:0.19,1,False,False,1:0.00|2:0.00|3:0.00,False,,False,
abt-buy_0290,306,306,True,True,306:0.73|911:0.36|126:0.36,1,False,False,1:0.00|2:0.00|3:0.00,False,,False,
abt-buy_0291,275,275,True,True,275:0.72|875:0.34|371:0.30,1,False,False,1:0.00|2:0.00|3:0.00,False,,False,
abt-buy_0292,403,403,True,True,403:0.80|973:0.45|971:0.43,1,False,False,1:0.00|2:0.00|3:0.00,False,,False,
abt-buy_0293,311,311,True,True,311:0.59|911:0.36|306:0.28,1,False,False,1:0.00|2:0.00|3:0.00,False,,False,
abt-buy_0294,978,978,True,True,978:0.80|974:0.34|971:0.33,1,False,False,1:0.00|2:0.00|3:0.00,False,,False,
abt-buy_0295,491,491,True,True,491:0.56|41:0.24|401:0.22,1,False,False,1:0.00|2:0.00|3:0.00,False,,False,
abt-buy_0296,519,519,True,True,519:0.72|518:0.33|751:0.28,1,False,False,1:0.00|2:0.00|3:0.00,False,,False,
abt-buy_0297,518,518,True,True,518:0.78|519:0.33|751:0.31,1,False,False,1:0.00|2:0.00|3:0.00,False,,False,
abt-buy_0298,340,340,True,True,340:0.60|342:0.17|347:0.16,1,False,False,1:0.00|2:0.00|3:0.00,False,,False,
abt-buy_0299,341,341,True,True,341:0.59|347:0.16|41:0.16,1,False,False,1:0.00|2:0.00|3:0.00,False,,False,
abt-buy_0300,349,349,True,True,349:0.76|364:0.41|486:0.36,1,False,False,1:0.00|2:0.00|3:0.00,False,,False,
abt-buy_0301,364,364,True,True,364:0.74|349:0.45|486:0.36,1,False,False,1:0.00|2:0.00|3:0.00,False,,False,
abt-buy_0302,342,342,True,True,342:0.61|343:0.22|942:0.22,1,False,False,1:0.00|2:0.00|3:0.00,False,,False,
abt-buy_0303,556,556,True,True,556:0.64|448:0.35|400:0.32,1,False,False,1:0.00|2:0.00|3:0.00,False,,False,
abt-buy_0304,448,448,True,True,448:0.65|400:0.37|556:0.34,1,False,False,1:0.00|2:0.00|3:0.00,False,,False,
abt-buy_0305,588,588,True,True,588:0.56|589:0.36|590:0.31,1,False,False,1:0.00|2:0.00|3:0.00,False,,False,
abt-buy_0306,316,316,True,True,316:0.62|315:0.35|813:0.27,1,False,False,1:0.00|2:0.00|3:0.00,False,,False,
abt-buy_0307,343,343,True,True,343:0.66|346:0.41|941:0.36,1,False,False,1:0.00|2:0.00|3:0.00,False,,False,
abt-buy_0308,346,346,True,True,346:0.66|942:0.39|343:0.36,1,False,False,1:0.00|2:0.00|3:0.00,False,,False,
abt-buy_0309,399,399,True,True,399:0.77|259:0.22|102:0.22,1,False,False,1:0.00|2:0.00|3:0.00,False,,False,
abt-buy_0310,807,807,True,True,807:0.62|800:0.37|806:0.35,1,False,False,1:0.00|2:0.00|3:0.00,False,,False,
abt-buy_0311,299,299,True,True,299:0.50|699:0.25|297:0.22,1,False,False,1:0.00|2:0.00|3:0.00,False,,False,
abt-buy_0312,300,300,True,True,300:0.50|305:0.28|108:0.27,1,False,False,1:0.00|2:0.00|3:0.00,False,,False,
abt-buy_0313,298,298,True,True,298:0.60|299:0.45|297:0.37,1,False,False,1:0.00|2:0.00|3:0.00,False,,False,
abt-buy_0314,302,302,True,True,302:0.47|300:0.29|692:0.28,1,False,False,1:0.00|2:0.00|3:0.00,False,,False,
abt-buy_0315,303,303,True,True,303:0.51|302:0.33|300:0.28,1,False,False,1:0.00|2:0.00|3:0.00,False,,False,
abt-buy_0316,306,306,True,True,306:0.56|126:0.23|454:0.21,1,False,False,1:0.00|2:0.00|3:0.00,False,,False,
abt-buy_0317,957,957,True,True,957:0.64|952:0.36|951:0.35,1,False,False,1:0.00|2:0.00|3:0.00,False,,False,
abt-buy_0318,821,821,True,True,821:0.54|817:0.31|641:0.30,1,False,False,1:0.00|2:0.00|3:0.00,False,,False,
abt-buy_0319,865,865,True,True,865:0.74|864:0.47|855:0.37,1,False,False,1:0.00|2:0.00|3:0.00,False,,False,
abt-buy_0320,327,327,True,True,327:0.69|924:0.37|323:0.26,1,False,False,1:0.00|2:0.00|3:0.00,False,,False,
abt-buy_0321,358,358,True,True,358:0.64|152:0.27|885:0.27,1,False,False,1:0.00|2:0.00|3:0.00,False,,False,
abt-buy_0322,354,354,True,True,354:0.80|352:0.48|555:0.34,1,False,False,1:0.00|2:0.00|3:0.00,False,,False,
abt-buy_0323,394,394,True,True,394:0.76|894:0.31|601:0.27,1,False,False,1:0.00|2:0.00|3:0.00,False,,False,
abt-buy_0324,347,347,True,True,347:0.61|352:0.36|354:0.36,1,False,False,1:0.00|2:0.00|3:0.00,False,,False,
abt-buy_0325,1020,1020,True,True,1020:0.66|1023:0.39|1021:0.37,1,False,False,1:0.00|2:0.00|3:0.00,False,,False,
abt-buy_0326,601,601,True,True,601:0.74|394:0.31|631:0.22,1,False,False,1:0.00|2:0.00|3:0.00,False,,False,
abt-buy_0327,808,808,True,True,808:0.61|806:0.31|807:0.30,1,False,False,1:0.00|2:0.00|3:0.00,False,,False,
abt-buy_0328,365,365,True,True,365:0.60|245:0.34|244:0.28,1,False,False,1:0.00|2:0.00|3:0.00,False,,False,
abt-buy_0329,1060,1060,True,True,1060:0.75|729:0.27|769:0.25,1,False,False,1:0.00|2:0.00|3:0.00,False,,False,
abt-buy_0330,344,344,True,True,344:0.52|373:0.24|4:0.21,1,False,False,1:0.00|2:0.00|3:0.00,False,,False,
abt-buy_0331,455,455,True,True,455:0.71|479:0.40|1032:0.35,1,False,False,1:0.00|2:0.00|3:0.00,False,,False,
abt-buy_0332,586,586,True,True,586:0.62|194:0.26|193:0.25,1,False,False,1:0.00|2:0.00|3:0.00,False,,False,
abt-buy_0333,413,413,True,True,413:0.79|249:0.32|374:0.26,1,False,False,1:0.00|2:0.00|3:0.00,False,,False,
abt-buy_0334,386,386,True,True,386:0.51|389:0.31|388:0.31,1,False,False,1:0.00|2:0.00|3:0.00,False,,False,
abt-buy_0335,388,388,True,True,388:0.54|389:0.34|386:0.34,1,False,False,1:0.00|2:0.00|3:0.00,False,,False,
abt-buy_0336,387,387,True,True,387:0.54|389:0.35|388:0.35,1,False,False,1:0.00|2:0.00|3:0.00,False,,False,
abt-buy_0337,389,389,True,True,389:0.55|388:0.35|386:0.34,1,False,False,1:0.00|2:0.00|3:0.00,False,,False,
abt-buy_0338,178,178,True,True,178:0.68|185:0.38|421:0.34,1,False,False,1:0.00|2:0.00|3:0.00,False,,False,
abt-buy_0339,649,649,True,True,649:0.70|689:0.22|647:0.22,1,False,False,1:0.00|2:0.00|3:0.00,False,,False,
abt-buy_0340,428,428,True,True,428:0.74|192:0.33|281:0.33,1,False,False,1:0.00|2:0.00|3:0.00,False,,False,
abt-buy_0341,401,401,True,True,401:0.64|191:0.32|428:0.30,1,False,False,1:0.00|2:0.00|3:0.00,False,,False,
abt-buy_0342,409,409,True,True,409:0.76|499:0.27|709:0.24,1,False,False,1:0.00|2:0.00|3:0.00,False,,False,
abt-buy_0343,1035,1035,True,True,1035:0.81|1081:0.26|1024:0.23,1,False,False,1:0.00|2:0.00|3:0.00,False,,False,
abt-buy_0344,370,370,True,True,370:0.65|460:0.37|382:0.36,1,False,False,1:0.00|2:0.00|3:0.00,False,,False,
abt-buy_0345,382,382,True,True,382:0.74|368:0.40|369:0.36,1,False,False,1:0.00|2:0.00|3:0.00,False,,False,
abt-buy_0346,368,368,True,True,368:0.76|369:0.40|382:0.34,1,False,False,1:0.00|2:0.00|3:0.00,False,,False,
abt-buy_0347,369,369,True,True,369:0.69|368:0.46|382:0.36,1,False,False,1:0.00|2:0.00|3:0.00,False,,False,
abt-buy_0348,527,527,True,True,527:0.69|355:0.27|627:0.24,1,False,False,1:0.00|2:0.00|3:0.00,False,,False,
abt-buy_0349,761,761,True,True,761:0.80|810:0.23|892:0.22,1,False,False,1:0.00|2:0.00|3:0.00,False,,False,
abt-buy_0350,806,806,True,True,806:0.65|800:0.37|807:0.34,1,False,False,1:0.00|2:0.00|3:0.00,False,,False,
abt-buy_0351,312,312,True,True,312:0.61|319:0.29|412:0.28,1,False,False,1:0.00|2:0.00|3:0.00,False,,False,
abt-buy_0352,371,371,True,True,371:0.71|826:0.32|907:0.31,1,False,False,1:0.00|2:0.00|3:0.00,False,,False,
abt-buy_0353,320,320,True,True,320:0.74|863:0.39|322:0.28,1,False,False,1:0.00|2:0.00|3:0.00,False,,False,
abt-buy_0354,362,362,True,True,362:0.65|106:0.30|863:0.24,1,False,False,1:0.00|2:0.00|3:0.00,False,,False,
abt-buy_0355,106,106,True,True,106:0.66|362:0.33|466:0.20,1,False,False,1:0.00|2:0.00|3:0.00,False,,False,
abt-buy_0356,781,781,True,True,781:0.77|345:0.33|195:0.29,1,False,False,1:0.00|2:0.00|3:0.00,False,,False,
abt-buy_0357,210,210,True,True,210:0.67|109:0.27|410:0.26,1,False,False,1:0.00|2:0.00|3:0.00,False,,False,
abt-buy_0358,460,460,True,True,460:0.77|426:0.39|355:0.33,1,False,False,1:0.00|2:0.00|3:0.00,False,,False,
abt-buy_0359,539,539,True,True,539:0.75|384:0.36|839:0.20,1,False,False,1:0.00|2:0.00|3:0.00,False,,False,
abt-buy_0360,1024,1024,True,True,1024:0.75|1022:0.39|1081:0.35,1,False,False,1:0.00|2:0.00|3:0.00,False,,False,
abt-buy_0361,1019,1019,True,True,1019:0.74|1020:0.34|1023:0.33,1,False,False,1:0.00|2:0.00|3:0.00,False,,False,
abt-buy_0362,617,617,True,True,617:0.80|407:0.49|656:0.37,1,False,False,1:0.00|2:0.00|3:0.00,False,,False,
abt-buy_0363,407,407,True,True,407:0.79|617:0.50|656:0.32,1,False,False,1:0.00|2:0.00|3:0.00,False,,False,
abt-buy_0364,367,367,True,True,367:0.76|56:0.30|50:0.30,1,False,False,1:0.00|2:0.00|3:0.00,False,,False,
abt-buy_0365,1023,1023,True,True,1023:0.80|1020:0.46|1019:0.40,1,False,False,1:0.00|2:0.00|3:0.00,False,,False,
abt-buy_0366,825,825,True,True,825:0.75|885:0.22|829:0.22,1,False,False,1:0.00|2:0.00|3:0.00,False,,False,
abt-buy_0367,24,24,True,True,24:0.67|264:0.36|34:0.35,1,False,False,1:0.00|2:0.00|3:0.00,False,,False,
abt-buy_0368,264,264,True,True,264:0.63|766:0.33|970:0.30,1,False,False,1:0.00|2:0.00|3:0.00,False,,False,
abt-buy_0369,442,442,True,True,442:0.70|114:0.30|489:0.26,1,False,False,1:0.00|2:0.00|3:0.00,False,,False,
abt-buy_0370,489,489,True,True,489:0.70|1064:0.39|17:0.35,1,False,False,1:0.00|2:0.00|3:0.00,False,,False,
abt-buy_0371,235,235,True,True,235:0.81|367:0.20|37:0.19,1,False,False,1:0.00|2:0.00|3:0.00,False,,False,
abt-buy_0372,1033,1033,True,True,1033:0.74|1003:0.23|1039:0.19,1,False,False,1:0.00|2:0.00|3:0.00,False,,False,
abt-buy_0373,304,304,True,True,304:0.73|284:0.26|379:0.23,1,False,False,1:0.00|2:0.00|3:0.00,False,,False,
abt-buy_0374,397,397,True,True,397:0.55|387:0.25|297:0.25,1,False,False,1:0.00|2:0.00|3:0.00,False,,False,
abt-buy_0375,951,951,True,True,951:0.60|952:0.36|957:0.35,1,False,False,1:0.00|2:0.00|3:0.00,False,,False,
abt-buy_0376,892,892,True,True,892:0.73|761:0.34|810:0.26,1,False,False,1:0.00|2:0.00|3:0.00,False,,False,
abt-buy_0377,555,555,True,True,555:0.75|109:0.42|354:0.31,1,False,False,1:0.00|2:0.00|3:0.00,False,,False,
abt-buy_0378,864,864,True,True,864:0.74|865:0.47|855:0.31,1,False,False,1:0.00|2:0.00|3:0.00,False,,False,
abt-buy_0379,656,656,True,True,656:0.74|865:0.31|617:0.30,1,False,False,1:0.00|2:0.00|3:0.00,False,,False,
abt-buy_0380,454,454,True,True,454:0.76|459:0.48|451:0.48,1,False,False,1:0.00|2:0.00|3:0.00,False,,False,
abt-buy_0381,451,451,True,True,451:0.75|459:0.53|454:0.47,1,False,False,1:0.00|2:0.00|3:0.00,False,,False,
abt-buy_0382,453,453,True,True,453:0.70|452:0.42|459:0.33,1,False,False,1:0.00|2:0.00|3:0.00,False,,False,
abt-buy_0383,459,459,True,True,459:0.76|451:0.55|454:0.49,1,False,False,1:0.00|2:0.00|3:0.00,False,,False,
abt-buy_0384,458,458,True,True,458:0.59|456:0.38|452:0.37,1,False,False,1:0.00|2:0.00|3:0.00,False,,False,
abt-buy_0385,457,457,True,True,457:0.60|453:0.36|452:0.36,1,False,False,1:0.00|2:0.00|3:0.00,False,,False,
abt-buy_0386,456,456,True,True,456:0.57|458:0.36|457:0.34,1,False,False,1:0.00|2:0.00|3:0.00,False,,False,
abt-buy_0387,525,525,True,True,525:0.77|561:0.44|503:0.36,1,False,False,1:0.00|2:0.00|3:0.00,False,,False,
abt-buy_0388,429,429,True,True,429:0.63|512:0.33|513:0.32,1,False,False,1:0.00|2:0.00|3:0.00,False,,False,
abt-buy_0389,757,757,True,True,757:0.71|391:0.40|337:0.33,1,False,False,1:0.00|2:0.00|3:0.00,False,,False,
abt-buy_0390,535,535,True,True,535:0.77|534:0.54|595:0.52,1,False,False,1:0.00|2:0.00|3:0.00,False,,False,
abt-buy_0391,595,595,True,True,595:0.77|535:0.52|534:0.49,1,False,False,1:0.00|2:0.00|3:0.00,False,,False,
abt-buy_0392,1070,1070,True,True,1070:0.77|398:0.40|1032:0.27,1,False,False,1:0.00|2:0.00|3:0.00,False,,False,
abt-buy_0393,831,831,True,True,831:0.75|838:0.49|1031:0.30,1,False,False,1:0.00|2:0.00|3:0.00,False,,False,
abt-buy_0394,278,278,True,True,278:0.71|878:0.26|972:0.22,1,False,False,1:0.00|2:0.00|3:0.00,False,,False,
abt-buy_0395,605,605,True,True,605:0.58|635:0.24|606:0.23,1,False,False,1:0.00|2:0.00|3:0.00,False,,False,
abt-buy_0396,606,606,True,True,606:0.57|607:0.37|605:0.24,1,False,False,1:0.00|2:0.00|3:0.00,False,,False,
abt-buy_0397,607,607,True,True,607:0.59|606:0.39|605:0.25,1,False,False,1:0.00|2:0.00|3:0.00,False,,False,
abt-buy_0398,1046,1046,True,True,1046:0.79|1077:0.42|1013:0.30,1,False,False,1:0.00|2:0.00|3:0.00,False,,False,
abt-buy_0399,599,599,True,True,599:0.65|749:0.36|596:0.31,1,False,False,1:0.00|2:0.00|3:0.00,False,,False,
abt-buy_0400,494,494,True,True,494:0.57|495:0.41|294:0.21,1,False,False,1:0.00|2:0.00|3:0.00,False,,False,
abt-buy_0401,495,495,True,True,495:0.70|494:0.38|295:0.22,1,False,False,1:0.00|2:0.00|3:0.00,False,,False,
abt-buy_0402,762,762,True,True,762:0.69|379:0.29|722:0.20,1,False,False,1:0.00|2:0.00|3:0.00,False,,False,
abt-buy_0403,284,284,True,True,284:0.64|304:0.28|379:0.25,1,False,False,1:0.00|2:0.00|3:0.00,False,,False,
abt-buy_0404,379,379,True,True,379:0.80|909:0.25|284:0.23,1,False,False,1:0.00|2:0.00|3:0.00,False,,False,
abt-buy_0405,810,810,True,True,810:0.74|761:0.33|823:0.25,1,False,False,1:0.00|2:0.00|3:0.00,False,,False,
abt-buy_0406,522,522,True,True,522:0.70|521:0.47|523:0.45,1,False,False,1:0.00|2:0.00|3:0.00,False,,False,
abt-buy_0407,521,521,True,True,521:0.68|522:0.44|520:0.43,1,False,False,1:0.00|2:0.00|3:0.00,False,,False,
abt-buy_0408,523,523,True,True,523:0.70|522:0.44|521:0.41,1,False,False,1:0.00|2:0.00|3:0.00,False,,False,
abt-buy_0409,520,520,True,True,520:0.68|521:0.50|522:0.47,1,False,False,1:0.00|2:0.00|3:0.00,False,,False,
abt-buy_0410,767,767,True,True,767:0.77|185:0.38|421:0.35,1,False,False,1:0.00|2:0.00|3:0.00,False,,False,
abt-buy_0411,891,891,True,True,891:0.71|927:0.35|910:0.34,1,False,False,1:0.00|2:0.00|3:0.00,False,,False,
abt-buy_0412,490,490,True,True,490:0.67|903:0.37|904:0.37,1,False,False,1:0.00|2:0.00|3:0.00,False,,False,
abt-buy_0413,487,487,True,True,487:0.67|488:0.43|988:0.38,1,False,False,1:0.00|2:0.00|3:0.00,False,,False,
abt-buy_0414,998,998,True,True,998:0.66|988:0.38|488:0.38,1,False,False,1:0.00|2:0.00|3:0.00,False,,False,
abt-buy_0415,488,488,True,True,488:0.65|487:0.42|988:0.38,1,False,False,1:0.00|2:0.00|3:0.00,False,,False,
abt-buy_0416,600,600,True,True,600:0.74|100:0.32|90:0.27,1,False,False,1:0.00|2:0.00|3:0.00,False,,False,
abt-buy_0417,526,526,True,True,526:0.61|512:0.33|429:0.32,1,False,False,1:0.00|2:0.00|3:0.00,False,,False,
abt-buy_0418,515,515,True,True,515:0.59|517:0.37|516:0.33,1,False,False,1:0.00|2:0.00|3:0.00,False,,False,
abt-buy_0419,514,514,True,True,514:0.60|512:0.38|513:0.35,1,False,False,1:0.00|2:0.00|3:0.00,False,,False,
abt-buy_0420,516,516,True,True,516:0.59|515:0.36|517:0.36,1,False,False,1:0.00|2:0.00|3:0.00,False,,False,
abt-buy_0421,513,513,True,True,513:0.65|512:0.43|510:0.35,1,False,False,1:0.00|2:0.00|3:0.00,False,,False,
abt-buy_0422,486,486,True,True,486:0.74|349:0.40|364:0.36,1,False,False,1:0.00|2:0.00|3:0.00,False,,False,
abt-buy_0423,406,406,True,True,406:0.82|405:0.51|496:0.24,1,False,False,1:0.00|2:0.00|3:0.00,False,,False,
abt-buy_0424,503,503,True,True,503:0.74|561:0.40|525:0.35,1,False,False,1:0.00|2:0.00|3:0.00,False,,False,
abt-buy_0425,441,441,True,True,441:0.74|440:0.50|443:0.49,1,False,False,1:0.00|2:0.00|3:0.00,False,,False,
abt-buy_0426,701,701,True,True,701:0.65|781:0.22|124:0.22,1,False,False,1:0.00|2:0.00|3:0.00,False,,False,
abt-buy_0427,499,499,True,True,499:0.73|497:0.44|655:0.35,1,False,False,1:0.00|2:0.00|3:0.00,False,,False,
abt-buy_0428,504,504,True,True,504:0.70|500:0.46|505:0.43,1,False,False,1:0.00|2:0.00|3:0.00,False,,False,
abt-buy_0429,506,506,True,True,506:0.70|502:0.46|560:0.44,1,False,False,1:0.00|2:0.00|3:0.00,False,,False,
abt-buy_0430,505,505,True,True,505:0.70|501:0.46|504:0.43,1,False,False,1:0.00|2:0.00|3:0.00,False,,False,
abt-buy_0431,500,500,True,True,500:0.65|504:0.42|501:0.40,1,False,False,1:0.00|2:0.00|3:0.00,False,,False,
abt-buy_0432,502,502,True,True,502:0.70|506:0.46|500:0.43,1,False,False,1:0.00|2:0.00|3:0.00,False,,False,
abt-buy_0433,501,501,True,True,501:0.70|505:0.46|500:0.43,1,False,False,1:0.00|2:0.00|3:0.00,False,,False,
abt-buy_0434,497,497,True,True,497:0.72|499:0.44|500:0.34,1,False,False,1:0.00|2:0.00|3:0.00,False,,False,
abt-buy_0435,326,326,True,True,326:0.66|622:0.25|755:0.25,1,False,False,1:0.00|2:0.00|3:0.00,False,,False,
abt-buy_0436,633,633,True,True,633:0.74|631:0.27|625:0.24,1,False,False,1:0.00|2:0.00|3:0.00,False,,False,
abt-buy_0437,939,939,True,True,939:0.64|169:0.28|142:0.28,1,False,False,1:0.00|2:0.00|3:0.00,False,,False,
abt-buy_0438,325,325,True,True,325:0.67|626:0.25|545:0.24,1,False,False,1:0.00|2:0.00|3:0.00,False,,False,
abt-buy_0439,631,631,True,True,631:0.75|632:0.34|633:0.31,1,False,False,1:0.00|2:0.00|3:0.00,False,,False,
abt-buy_0440,1076,1076,True,True,1076:0.68|21:0.25|20:0.25,1,False,False,1:0.00|2:0.00|3:0.00,False,,False,
abt-buy_0441,336,336,True,True,336:0.54|956:0.30|326:0.30,1,False,False,1:0.00|2:0.00|3:0.00,False,,False,
abt-buy_0442,383,383,True,True,383:0.57|373:0.23|317:0.21,1,False,False,1:0.00|2:0.00|3:0.00,False,,False,
abt-buy_0443,608,608,True,True,608:0.68|498:0.39|980:0.34,1,False,False,1:0.00|2:0.00|3:0.00,False,,False,
abt-buy_0444,446,446,True,True,446:0.72|445:0.51|496:0.45,1,False,False,1:0.00|2:0.00|3:0.00,False,,False,
abt-buy_0445,901,901,True,True,901:0.71|481:0.40|496:0.39,1,False,False,1:0.00|2:0.00|3:0.00,False,,False,
abt-buy_0446,461,461,True,True,461:0.67|561:0.39|991:0.33,1,False,False,1:0.00|2:0.00|3:0.00,False,,False,
abt-buy_0447,465,465,True,True,465:0.72|467:0.39|470:0.34,1,False,False,1:0.00|2:0.00|3:0.00,False,,False,
abt-buy_0448,467,467,True,True,467:0.71|465:0.39|470:0.38,1,False,False,1:0.00|2:0.00|3:0.00,False,,False,
abt-buy_0449,470,470,True,True,470:0.71|467:0.38|465:0.34,1,False,False,1:0.00|2:0.00|3:0.00,False,,False,
abt-buy_0450,440,440,True,True,440:0.74|441:0.50|443:0.50,1,False,False,1:0.00|2:0.00|3:0.00,False,,False,
abt-buy_0451,443,443,True,True,443:0.74|440:0.50|441:0.50,1,False,False,1:0.00|2:0.00|3:0.00,False,,False,
abt-buy_0452,444,444,True,True,444:0.78|440:0.45|441:0.45,1,False,False,1:0.00|2:0.00|3:0.00,False,,False,
abt-buy_0453,575,575,True,True,575:0.75|670:0.34|886:0.32,1,False,False,1:0.00|2:0.00|3:0.00,False,,False,
abt-buy_0454,597,597,True,True,597:0.70|596:0.47|858:0.37,1,False,False,1:0.00|2:0.00|3:0.00,False,,False,
abt-buy_0455,576,576,True,True,576:0.67|226:0.30|594:0.29,1,False,False,1:0.00|2:0.00|3:0.00,False,,False,
abt-buy_0456,624,624,True,True,624:0.77|670:0.47|886:0.33,1,False,False,1:0.00|2:0.00|3:0.00,False,,False,
abt-buy_0457,886,886,True,True,886:0.73|670:0.39|575:0.30,1,False,False,1:0.00|2:0.00|3:0.00,False,,False,
abt-buy_0458,670,670,True,True,670:0.78|624:0.47|886:0.36,1,False,False,1:0.00|2:0.00|3:0.00,False,,False,
abt-buy_0459,561,561,True,True,561:0.74|525:0.41|503:0.41,1,False,False,1:0.00|2:0.00|3:0.00,False,,False,
abt-buy_0460,541,541,True,True,541:0.66|511:0.40|895:0.32,1,False,False,1:0.00|2:0.00|3:0.00,False,,False,
abt-buy_0461,517,517,True,True,517:0.63|511:0.43|510:0.36,1,False,False,1:0.00|2:0.00|3:0.00,False,,False,
abt-buy_0462,511,511,True,True,511:0.66|517:0.39|541:0.38,1,False,False,1:0.00|2:0.00|3:0.00,False,,False,
abt-buy_0463,548,548,True,True,548:0.73|512:0.43|510:0.35,1,False,False,1:0.00|2:0.00|3:0.00,False,,False,
abt-buy_0464,551,551,True,True,551:0.71|549:0.41|531:0.32,1,False,False,1:0.00|2:0.00|3:0.00,False,,False,
abt-buy_0465,549,549,True,True,549:0.71|551:0.41|529:0.31,1,False,False,1:0.00|2:0.00|3:0.00,False,,False,
abt-buy_0466,558,558,True,True,558:0.61|557:0.35|554:0.35,1,False,False,1:0.00|2:0.00|3:0.00,False,,False,
abt-buy_0467,557,557,True,True,557:0.61|558:0.35|553:0.35,1,False,False,1:0.00|2:0.00|3:0.00,False,,False,
abt-buy_0468,553,553,True,True,553:0.60|554:0.34|557:0.31,1,False,False,1:0.00|2:0.00|3:0.00,False,,False,
abt-buy_0469,524,524,True,True,524:0.76|517:0.36|511:0.34,1,False,False,1:0.00|2:0.00|3:0.00,False,,False,
abt-buy_0470,992,992,True,True,992:0.76|929:0.35|984:0.34,1,False,False,1:0.00|2:0.00|3:0.00,False,,False,
abt-buy_0471,466,466,True,True,466:0.71|468:0.53|469:0.46,1,False,False,1:0.00|2:0.00|3:0.00,False,,False,
abt-buy_0472,468,468,True,True,468:0.76|466:0.48|469:0.48,1,False,False,1:0.00|2:0.00|3:0.00,False,,False,
abt-buy_0473,469,469,True,True,469:0.78|468:0.50|466:0.45,1,False,False,1:0.00|2:0.00|3:0.00,False,,False,
abt-buy_0474,791,791,True,True,791:0.63|789:0.29|591:0.27,1,False,False,1:0.00|2:0.00|3:0.00,False,,False,
abt-buy_0475,596,596,True,True,596:0.70|597:0.46|986:0.38,1,False,False,1:0.00|2:0.00|3:0.00,False,,False,
abt-buy_0476,986,986,True,True,986:0.65|596:0.42|597:0.34,1,False,False,1:0.00|2:0.00|3:0.00,False,,False,
abt-buy_0477,485,485,True,True,485:0.63|906:0.31|173:0.29,1,False,False,1:0.00|2:0.00|3:0.00,False,,False,
abt-buy_0478,508,508,True,True,508:0.70|509:0.37|505:0.33,1,False,False,1:0.00|2:0.00|3:0.00,False,,False,
abt-buy_0479,758,758,True,True,758:0.67|756:0.33|655:0.32,1,False,False,1:0.00|2:0.00|3:0.00,False,,False,
abt-buy_0480,509,509,True,True,509:0.71|506:0.34|504:0.33,1,False,False,1:0.00|2:0.00|3:0.00,False,,False,
abt-buy_0481,390,390,True,True,390:0.82|266:0.35|1006:0.32,1,False,False,1:0.00|2:0.00|3:0.00,False,,False,
abt-buy_0482,769,769,True,True,769:0.69|759:0.38|729:0.32,1,False,False,1:0.00|2:0.00|3:0.00,False,,False,
abt-buy_0483,613,613,True,True,613:0.67|576:0.31|453:0.28,1,False,False,1:0.00|2:0.00|3:0.00,False,,False,
abt-buy_0484,363,363,True,True,363:0.81|368:0.24|36:0.23,1,False,False,1:0.00|2:0.00|3:0.00,False,,False,
abt-buy_0485,663,663,True,True,663:0.77|662:0.46|660:0.46,1,False,False,1:0.00|2:0.00|3:0.00,False,,False,
abt-buy_0486,770,770,True,True,770:0.64|771:0.40|740:0.38,1,False,False,1:0.00|2:0.00|3:0.00,False,,False,
abt-buy_0487,1073,1073,True,True,1073:0.71|1033:0.27|1074:0.20,1,False,False,1:0.00|2:0.00|3:0.00,False,,False,
abt-buy_0488,740,740,True,True,740:0.65|770:0.38|771:0.35,1,False,False,1:0.00|2:0.00|3:0.00,False,,False,
abt-buy_0489,771,771,True,True,771:0.65|770:0.41|740:0.35,1,False,False,1:0.00|2:0.00|3:0.00,False,,False,
abt-buy_0490,534,534,True,True,534:0.79|535:0.53|595:0.47,1,False,False,1:0.00|2:0.00|3:0.00,False,,False,
abt-buy_0491,789,789,True,True,789:0.73|791:0.37|739:0.29,1,False,False,1:0.00|2:0.00|3:0.00,False,,False,
abt-buy_0492,405,405,True,True,405:0.72|406:0.47|105:0.29,1,False,False,1:0.00|2:0.00|3:0.00,False,,False,
abt-buy_0493,496,496,True,True,496:0.78|480:0.45|686:0.43,1,False,False,1:0.00|2:0.00|3:0.00,False,,False,
abt-buy_0494,445,445,True,True,445:0.74|446:0.49|478:0.49,1,False,False,1:0.00|2:0.00|3:0.00,False,,False,
abt-buy_0495,477,477,True,True,477:0.75|478:0.51|481:0.45,1,False,False,1:0.00|2:0.00|3:0.00,False,,False,
abt-buy_0496,658,658,True,True,658:0.75|665:0.41|765:0.41,1,False,False,1:0.00|2:0.00|3:0.00,False,,False,
abt-buy_0497,665,665,True,True,665:0.73|765:0.46|666:0.45,1,False,False,1:0.00|2:0.00|3:0.00,False,,False,
abt-buy_0498,644,644,True,True,644:0.67|645:0.43|658:0.42,1,False,False,1:0.00|2:0.00|3:0.00,False,,False,
abt-buy_0499,645,645,True,True,645:0.59|665:0.36|644:0.34,1,False,False,1:0.00|2:0.00|3:0.00,False,,False,
abt-buy_0500,616,616,True,True,616:0.58|666:0.37|536:0.34,1,False,False,1:0.00|2:0.00|3:0.00,False,,False,
abt-buy_0501,615,615,True,True,615:0.58|665:0.36|616:0.34,1,False,False,1:0.00|2:0.00|3:0.00,False,,False,
abt-buy_0502,750,750,True,True,750:0.76|658:0.47|765:0.45,1,False,False,1:0.00|2:0.00|3:0.00,False,,False,
abt-buy_0503,536,536,True,True,536:0.67|534:0.31|666:0.31,1,False,False,1:0.00|2:0.00|3:0.00,False,,False,
abt-buy_0504,666,666,True,True,666:0.62|536:0.37|665:0.36,1,False,False,1:0.00|2:0.00|3:0.00,False,,False,
abt-buy_0505,765,765,True,True,765:0.73|665:0.46|658:0.42,1,False,False,1:0.00|2:0.00|3:0.00,False,,False,
abt-buy_0506,538,538,True,True,538:0.65|336:0.26|138:0.25,1,False,False,1:0.00|2:0.00|3:0.00,False,,False,
abt-buy_0507,32,32,True,True,32:0.62|36:0.35|13:0.25,1,False,False,1:0.00|2:0.00|3:0.00,False,,False,
abt-buy_0508,540,540,True,True,540:0.65|575:0.25|170:0.25,1,False,False,1:0.00|2:0.00|3:0.00,False,,False,
abt-buy_0509,412,412,True,True,412:0.72|411:0.47|912:0.25,1,False,False,1:0.00|2:0.00|3:0.00,False,,False,
abt-buy_0510,570,570,True,True,570:0.70|573:0.44|650:0.38,1,False,False,1:0.00|2:0.00|3:0.00,False,,False,
abt-buy_0511,567,567,True,True,567:0.70|569:0.44|568:0.36,1,False,False,1:0.00|2:0.00|3:0.00,False,,False,
abt-buy_0512,749,749,True,True,749:0.64|599:0.34|790:0.26,1,False,False,1:0.00|2:0.00|3:0.00,False,,False,
abt-buy_0513,571,571,True,True,571:0.70|568:0.39|570:0.36,1,False,False,1:0.00|2:0.00|3:0.00,False,,False,
abt-buy_0514,714,714,True,True,714:0.69|716:0.45|637:0.38,1,False,False,1:0.00|2:0.00|3:0.00,False,,False,
abt-buy_0515,585,585,True,True,585:0.71|583:0.45|584:0.37,1,False,False,1:0.00|2:0.00|3:0.00,False,,False,
abt-buy_0516,577,577,True,True,577:0.67|578:0.41|947:0.36,1,False,False,1:0.00|2:0.00|3:0.00,False,,False,
abt-buy_0517,578,578,True,True,578:0.67|577:0.41|988:0.40,1,False,False,1:0.00|2:0.00|3:0.00,False,,False,
abt-buy_0518,780,780,True,True,780:0.84|994:0.37|1003:0.34,1,False,False,1:0.00|2:0.00|3:0.00,False,,False,
abt-buy_0519,591,591,True,True,591:0.65|714:0.31|716:0.30,1,False,False,1:0.00|2:0.00|3:0.00,False,,False,
abt-buy_0520,568,568,True,True,568:0.61|768:0.34|567:0.33,1,False,False,1:0.00|2:0.00|3:0.00,False,,False,
abt-buy_0521,573,573,True,True,573:0.70|570:0.44|878:0.38,1,False,False,1:0.00|2:0.00|3:0.00,False,,False,
abt-buy_0522,728,728,True,True,728:0.63|82:0.31|48:0.30,1,False,False,1:0.00|2:0.00|3:0.00,False,,False,
abt-buy_0523,584,584,True,True,584:0.72|583:0.40|585:0.37,1,False,False,1:0.00|2:0.00|3:0.00,False,,False,
abt-buy_0524,1061,1061,True,True,1061:0.60|492:0.28|1015:0.26,1,False,False,1:0.00|2:0.00|3:0.00,False,,False,
abt-buy_0525,492,492,True,True,492:0.60|842:0.32|942:0.32,1,False,False,1:0.00|2:0.00|3:0.00,False,,False,
abt-buy_0526,636,636,True,True,636:0.75|621:0.42|582:0.34,1,False,False,1:0.00|2:0.00|3:0.00,False,,False,
abt-buy_0527,512,512,True,True,512:0.76|510:0.42|548:0.41,1,False,False,1:0.00|2:0.00|3:0.00,False,,False,
abt-buy_0528,510,510,True,True,510:0.66|512:0.50|548:0.41,1,False,False,1:0.00|2:0.00|3:0.00,False,,False,
abt-buy_0529,569,569,True,True,569:0.70|567:0.44|570:0.34,1,False,False,1:0.00|2:0.00|3:0.00,False,,False,
abt-buy_0530,621,621,True,True,621:0.75|636:0.42|618:0.39,1,False,False,1:0.00|2:0.00|3:0.00,False,,False,
abt-buy_0531,583,583,True,True,583:0.71|585:0.45|584:0.40,1,False,False,1:0.00|2:0.00|3:0.00,False,,False,
abt-buy_0532,662,662,True,True,662:0.77|661:0.48|660:0.48,1,False,False,1:0.00|2:0.00|3:0.00,False,,False,
abt-buy_0533,659,659,True,True,659:0.77|663:0.44|662:0.43,1,False,False,1:0.00|2:0.00|3:0.00,False,,False,
abt-buy_0534,661,661,True,True,661:0.77|662:0.48|660:0.47,1,False,False,1:0.00|2:0.00|3:0.00,False,,False,
abt-buy_0535,660,660,True,True,660:0.77|662:0.48|661:0.48,1,False,False,1:0.00|2:0.00|3:0.00,False,,False,
abt-buy_0536,472,472,True,True,472:0.69|473:0.42|464:0.40,1,False,False,1:0.00|2:0.00|3:0.00,False,,False,
abt-buy_0537,471,471,True,True,471:0.68|441:0.34|470:0.33,1,False,False,1:0.00|2:0.00|3:0.00,False,,False,
abt-buy_0538,582,582,True,True,582:0.75|581:0.42|580:0.41,1,False,False,1:0.00|2:0.00|3:0.00,False,,False,
abt-buy_0539,973,973,True,True,973:0.81|971:0.50|403:0.45,1,False,False,1:0.00|2:0.00|3:0.00,False,,False,
abt-buy_0540,744,744,True,True,744:0.67|679:0.25|680:0.23,1,False,False,1:0.00|2:0.00|3:0.00,False,,False,
abt-buy_0541,581,581,True,True,581:0.75|582:0.42|580:0.40,1,False,False,1:0.00|2:0.00|3:0.00,False,,False,
abt-buy_0542,937,937,True,True,937:0.70|996:0.28|931:0.19,1,False,False,1:0.00|2:0.00|3:0.00,False,,False,
abt-buy_0543,971,971,True,True,971:0.78|973:0.51|974:0.45,1,False,False,1:0.00|2:0.00|3:0.00,False,,False,
abt-buy_0544,655,655,True,True,655:0.65|502:0.35|560:0.35,1,False,False,1:0.00|2:0.00|3:0.00,False,,False,
abt-buy_0545,473,473,True,True,473:0.69|472:0.42|464:0.40,1,False,False,1:0.00|2:0.00|3:0.00,False,,False,
abt-buy_0546,679,679,True,True,679:0.63|680:0.31|682:0.31,1,False,False,1:0.00|2:0.00|3:0.00,False,,False,
abt-buy_0547,609,609,True,True,609:0.71|612:0.42|805:0.41,1,False,False,1:0.00|2:0.00|3:0.00,False,,False,
abt-buy_0548,726,726,True,True,726:0.65|379:0.24|525:0.22,1,False,False,1:0.00|2:0.00|3:0.00,False,,False,
abt-buy_0549,966,966,True,True,966:0.73|61:0.38|66:0.34,1,False,False,1:0.00|2:0.00|3:0.00,False,,False,
abt-buy_0550,887,887,True,True,887:0.53|88:0.19|587:0.18,1,False,False,1:0.00|2:0.00|3:0.00,False,,False,
abt-buy_0551,592,592,True,True,592:0.66|593:0.40|570:0.33,1,False,False,1:0.00|2:0.00|3:0.00,False,,False,
abt-buy_0552,593,593,True,True,593:0.73|592:0.33|573:0.31,1,False,False,1:0.00|2:0.00|3:0.00,False,,False,
abt-buy_0553,591,591,True,True,591:0.76|637:0.31|714:0.31,1,False,False,1:0.00|2:0.00|3:0.00,False,,False,
abt-buy_0554,580,580,True,True,580:0.71|804:0.40|582:0.36,1,False,False,1:0.00|2:0.00|3:0.00,False,,False,
abt-buy_0555,804,804,True,True,804:0.75|580:0.43|805:0.40,1,False,False,1:0.00|2:0.00|3:0.00,False,,False,
abt-buy_0556,612,612,True,True,612:0.70|609:0.43|582:0.40,1,False,False,1:0.00|2:0.00|3:0.00,False,,False,
abt-buy_0557,805,805,True,True,805:0.70|609:0.40|612:0.36,1,False,False,1:0.00|2:0.00|3:0.00,False,,False,
abt-buy_0558,618,618,True,True,618:0.70|619:0.44|612:0.36,1,False,False,1:0.00|2:0.00|3:0.00,False,,False,
abt-buy_0559,610,610,True,True,610:0.67|612:0.32|711:0.31,1,False,False,1:0.00|2:0.00|3:0.00,False,,False,
abt-buy_0560,716,716,True,True,716:0.67|714:0.45|776:0.38,1,False,False,1:0.00|2:0.00|3:0.00,False,,False,
abt-buy_0561,338,338,True,True,338:0.64|175:0.29|176:0.27,1,False,False,1:0.00|2:0.00|3:0.00,False,,False,
abt-buy_0562,822,822,True,True,822:0.51|642:0.27|821:0.25,1,False,False,1:0.00|2:0.00|3:0.00,False,,False,
abt-buy_0563,815,815,True,True,815:0.62|816:0.36|817:0.29,1,False,False,1:0.00|2:0.00|3:0.00,False,,False,
abt-buy_0564,817,817,True,True,817:0.62|818:0.36|815:0.26,1,False,False,1:0.00|2:0.00|3:0.00,False,,False,
abt-buy_0565,816,816,True,True,816:0.63|815:0.36|817:0.29,1,False,False,1:0.00|2:0.00|3:0.00,False,,False,
abt-buy_0566,638,638,True,True,638:0.58|642:0.31|641:0.31,1,False,False,1:0.00|2:0.00|3:0.00,False,,False,
abt-buy_0567,642,642,True,True,642:0.57|641:0.35|638:0.30,1,False,False,1:0.00|2:0.00|3:0.00,False,,False,
abt-buy_0568,818,818,True,True,818:0.61|817:0.37|638:0.29,1,False,False,1:0.00|2:0.00|3:0.00,False,,False,
abt-buy_0569,641,641,True,True,641:0.59|642:0.36|638:0.30,1,False,False,1:0.00|2:0.00|3:0.00,False,,False,
abt-buy_0570,529,529,True,True,529:0.81|532:0.54|531:0.54,1,False,False,1:0.00|2:0.00|3:0.00,False,,False,
abt-buy_0571,574,574,True,True,574:0.73|1:0.34|514:0.21,1,False,False,1:0.00|2:0.00|3:0.00,False,,False,
abt-buy_0572,464,464,True,True,464:0.74|472:0.37|473:0.36,1,False,False,1:0.00|2:0.00|3:0.00,False,,False,
abt-buy_0573,319,319,True,True,319:0.81|412:0.28|411:0.28,1,False,False,1:0.00|2:0.00|3:0.00,False,,False,
abt-buy_0574,158,158,True,True,158:0.64|159:0.35|151:0.23,1,False,False,1:0.00|2:0.00|3:0.00,False,,False,
abt-buy_0575,650,650,True,True,650:0.73|651:0.42|570:0.39,1,False,False,1:0.00|2:0.00|3:0.00,False,,False,
abt-buy_0576,1055,1055,True,True,1055:0.68|1009:0.20|1015:0.20,1,False,False,1:0.00|2:0.00|3:0.00,False,,False,
abt-buy_0577,545,545,True,True,545:0.72|546:0.44|547:0.44,1,False,False,1:0.00|2:0.00|3:0.00,False,,False,
abt-buy_0578,546,546,True,True,546:0.72|545:0.44|547:0.44,1,False,False,1:0.00|2:0.00|3:0.00,False,,False,
abt-buy_0579,823,823,True,True,823:0.69|423:0.26|825:0.26,1,False,False,1:0.00|2:0.00|3:0.00,False,,False,
abt-buy_0580,619,619,True,True,619:0.75|618:0.47|582:0.37,1,False,False,1:0.00|2:0.00|3:0.00,False,,False,
abt-buy_0581,680,680,True,True,680:0.65|682:0.42|679:0.30,1,False,False,1:0.00|2:0.00|3:0.00,False,,False,
abt-buy_0582,611,611,True,True,611:0.71|695:0.35|646:0.35,1,False,False,1:0.00|2:0.00|3:0.00,False,,False,
abt-buy_0583,646,646,True,True,646:0.71|695:0.35|611:0.35,1,False,False,1:0.00|2:0.00|3:0.00,False,,False,
abt-buy_0584,564,564,True,True,564:0.64|563:0.43|565:0.33,1,False,False,1:0.00|2:0.00|3:0.00,False,,False,
abt-buy_0585,1012,1012,True,True,1012:0.62|12:0.28|257:0.28,1,False,False,1:0.00|2:0.00|3:0.00,False,,False,
abt-buy_0586,783,783,True,True,783:0.67|784:0.41|985:0.21,1,False,False,1:0.00|2:0.00|3:0.00,False,,False,
abt-buy_0587,748,748,True,True,748:0.73|875:0.34|521:0.32,1,False,False,1:0.00|2:0.00|3:0.00,False,,False,
abt-buy_0588,651,651,True,True,651:0.62|650:0.34|621:0.30,1,False,False,1:0.00|2:0.00|3:0.00,False,,False,
abt-buy_0589,614,614,True,True,614:0.68|49:0.25|48:0.25,1,False,False,1:0.00|2:0.00|3:0.00,False,,False,
abt-buy_0590,579,579,True,True,579:0.64|874:0.34|657:0.33,1,False,False,1:0.00|2:0.00|3:0.00,False,,False,
abt-buy_0591,667,667,True,True,667:0.62|568:0.32|987:0.32,1,False,False,1:0.00|2:0.00|3:0.00,False,,False,
abt-buy_0592,686,686,True,True,686:0.76|496:0.48|480:0.47,1,False,False,1:0.00|2:0.00|3:0.00,False,,False,
abt-buy_0593,706,706,True,True,706:0.70|791:0.26|716:0.26,1,False,False,1:0.00|2:0.00|3:0.00,False,,False,
abt-buy_0594,637,637,True,True,637:0.73|591:0.33|1038:0.32,1,False,False,1:0.00|2:0.00|3:0.00,False,,False,
abt-buy_0595,1049,1049,True,True,1049:0.83|1053:0.23|1044:0.22,1,False,False,1:0.00|2:0.00|3:0.00,False,,False,
abt-buy_0596,725,725,True,True,725:0.62|515:0.30|622:0.28,1,False,False,1:0.00|2:0.00|3:0.00,False,,False,
abt-buy_0597,528,528,True,True,528:0.71|543:0.37|1067:0.24,1,False,False,1:0.00|2:0.00|3:0.00,False,,False,
abt-buy_0598,314,314,True,True,314:0.61|395:0.28|414:0.21,1,False,False,1:0.00|2:0.00|3:0.00,False,,False,
abt-buy_0599,437,437,True,True,437:0.59|439:0.34|415:0.29,1,False,False,1:0.00|2:0.00|3:0.00,False,,False,
abt-buy_0600,415,415,True,True,415:0.62|425:0.30|438:0.26,1,False,False,1:0.00|2:0.00|3:0.00,False,,False,
abt-buy_0601,474,474,True,True,474:0.64|472:0.30|473:0.30,1,False,False,1:0.00|2:0.00|3:0.00,False,,False,
abt-buy_0602,696,696,True,True,696:0.70|592:0.32|636:0.28,1,False,False,1:0.00|2:0.00|3:0.00,False,,False,
abt-buy_0603,954,954,True,True,954:0.66|953:0.38|952:0.35,1,False,False,1:0.00|2:0.00|3:0.00,False,,False,
abt-buy_0604,711,711,True,True,711:0.60|583:0.27|585:0.27,1,False,False,1:0.00|2:0.00|3:0.00,False,,False,
abt-buy_0605,746,746,True,True,746:0.67|747:0.42|756:0.24,1,False,False,1:0.00|2:0.00|3:0.00,False,,False,
abt-buy_0606,782,782,True,True,782:0.63|85:0.30|788:0.28,1,False,False,1:0.00|2:0.00|3:0.00,False,,False,
abt-buy_0607,424,424,True,True,424:0.72|243:0.36|782:0.32,1,False,False,1:0.00|2:0.00|3:0.00,False,,False,
abt-buy_0608,438,438,True,True,438:0.62|439:0.28|437:0.28,1,False,False,1:0.00|2:0.00|3:0.00,False,,False,
abt-buy_0609,425,425,True,True,425:0.65|415:0.31|439:0.28,1,False,False,1:0.00|2:0.00|3:0.00,False,,False,
abt-buy_0610,747,747,True,True,747:0.67|746:0.43|727:0.27,1,False,False,1:0.00|2:0.00|3:0.00,False,,False,
abt-buy_0611,566,566,True,True,566:0.54|565:0.40|564:0.36,1,False,False,1:0.00|2:0.00|3:0.00,False,,False,
abt-buy_0612,450,450,True,True,450:0.62|259:0.22|453:0.18,1,False,False,1:0.00|2:0.00|3:0.00,False,,False,
abt-buy_0613,439,439,True,True,439:0.58|437:0.34|415:0.30,1,False,False,1:0.00|2:0.00|3:0.00,False,,False,
abt-buy_0614,334,334,True,True,334:0.53|330:0.31|335:0.30,1,False,False,1:0.00|2:0.00|3:0.00,False,,False,
abt-buy_0615,544,544,True,True,544:0.65|545:0.40|546:0.40,1,False,False,1:0.00|2:0.00|3:0.00,False,,False,
abt-buy_0616,547,547,True,True,547:0.72|545:0.44|546:0.44,1,False,False,1:0.00|2:0.00|3:0.00,False,,False,
abt-buy_0617,562,562,True,True,562:0.79|626:0.47|620:0.39,1,False,False,1:0.00|2:0.00|3:0.00,False,,False,
abt-buy_0618,626,626,True,True,626:0.77|562:0.49|620:0.44,1,False,False,1:0.00|2:0.00|3:0.00,False,,False,
abt-buy_0619,530,530,True,True,530:0.76|532:0.58|531:0.57,1,False,False,1:0.00|2:0.00|3:0.00,False,,False,
abt-buy_0620,532,532,True,True,532:0.77|531:0.56|530:0.55,1,False,False,1:0.00|2:0.00|3:0.00,False,,False,
abt-buy_0621,563,563,True,True,563:0.67|564:0.45|565:0.35,1,False,False,1:0.00|2:0.00|3:0.00,False,,False,
abt-buy_0622,677,677,True,True,677:0.45|297:0.25|1008:0.25,1,False,False,1:0.00|2:0.00|3:0.00,False,,False,
abt-buy_0623,694,694,True,True,694:0.47|693:0.30|692:0.29,1,False,False,1:0.00|2:0.00|3:0.00,False,,False,
abt-buy_0624,698,698,True,True,698:0.46|298:0.30|693:0.30,1,False,False,1:0.00|2:0.00|3:0.00,False,,False,
abt-buy_0625,699,699,True,True,699:0.46|299:0.34|693:0.30,1,False,False,1:0.00|2:0.00|3:0.00,False,,False,
abt-buy_0626,697,697,True,True,697:0.46|297:0.30|693:0.30,1,False,False,1:0.00|2:0.00|3:0.00,False,,False,
abt-buy_0627,700,700,True,True,700:0.48|300:0.31|1008:0.24,1,False,False,1:0.00|2:0.00|3:0.00,False,,False,
abt-buy_0628,704,704,True,True,704:0.44|700:0.26|703:0.24,1,False,False,1:0.00|2:0.00|3:0.00,False,,False,
abt-buy_0629,705,705,True,True,705:0.68|700:0.42|703:0.42,1,False,False,1:0.00|2:0.00|3:0.00,False,,False,
abt-buy_0630,703,703,True,True,703:0.53|700:0.33|705:0.31,1,False,False,1:0.00|2:0.00|3:0.00,False,,False,
abt-buy_0631,743,743,True,True,743:0.57|703:0.32|700:0.31,1,False,False,1:0.00|2:0.00|3:0.00,False,,False,
abt-buy_0632,736,736,True,True,736:0.71|733:0.46|735:0.44,1,False,False,1:0.00|2:0.00|3:0.00,False,,False,
abt-buy_0633,735,735,True,True,735:0.60|733:0.34|736:0.34,1,False,False,1:0.00|2:0.00|3:0.00,False,,False,
abt-buy_0634,733,733,True,True,733:0.46|732:0.26|736:0.26,1,False,False,1:0.00|2:0.00|3:0.00,False,,False,
abt-buy_0635,732,732,True,True,732:0.45|731:0.26|735:0.25,1,False,False,1:0.00|2:0.00|3:0.00,False,,False,
abt-buy_0636,731,731,True,True,731:0.49|732:0.28|735:0.28,1,False,False,1:0.00|2:0.00|3:0.00,False,,False,
abt-buy_0637,718,718,True,True,718:0.55|717:0.35|720:0.34,1,False,False,1:0.00|2:0.00|3:0.00,False,,False,
abt-buy_0638,717,717,True,True,717:0.47|720:0.27|718:0.27,1,False,False,1:0.00|2:0.00|3:0.00,False,,False,
abt-buy_0639,693,693,True,True,693:0.69|692:0.48|690:0.45,1,False,False,1:0.00|2:0.00|3:0.00,False,,False,
abt-buy_0640,674,674,True,True,674:0.61|693:0.44|692:0.43,1,False,False,1:0.00|2:0.00|3:0.00,False,,False,
abt-buy_0641,692,692,True,True,692:0.68|693:0.49|690:0.45,1,False,False,1:0.00|2:0.00|3:0.00,False,,False,
abt-buy_0642,690,690,True,True,690:0.65|693:0.49|692:0.48,1,False,False,1:0.00|2:0.00|3:0.00,False,,False,
abt-buy_0643,691,691,True,True,691:0.61|693:0.49|692:0.48,1,False,False,1:0.00|2:0.00|3:0.00,False,,False,
abt-buy_0644,713,713,True,True,713:0.61|693:0.40|712:0.39,1,False,False,1:0.00|2:0.00|3:0.00,False,,False,
abt-buy_0645,715,715,True,True,715:0.57|713:0.41|712:0.39,1,False,False,1:0.00|2:0.00|3:0.00,False,,False,
abt-buy_0646,712,712,True,True,712:0.59|713:0.41|692:0.40,1,False,False,1:0.00|2:0.00|3:0.00,False,,False,
abt-buy_0647,482,482,True,True,482:0.81|480:0.52|481:0.52,1,False,False,1:0.00|2:0.00|3:0.00,False,,False,
abt-buy_0648,481,481,True,True,481:0.80|480:0.54|484:0.53,1,False,False,1:0.00|2:0.00|3:0.00,False,,False,
abt-buy_0649,484,484,True,True,484:0.80|483:0.56|481:0.52,1,False,False,1:0.00|2:0.00|3:0.00,False,,False,
abt-buy_0650,872,872,True,True,872:0.54|871:0.33|72:0.19,1,False,False,1:0.00|2:0.00|3:0.00,False,,False,
abt-buy_0651,871,871,True,True,871:0.55|872:0.34|271:0.20,1,False,False,1:0.00|2:0.00|3:0.00,False,,False,
abt-buy_0652,317,317,True,True,317:0.60|383:0.29|631:0.28,1,False,False,1:0.00|2:0.00|3:0.00,False,,False,
abt-buy_0653,719,719,True,True,719:0.53|717:0.35|718:0.35,1,False,False,1:0.00|2:0.00|3:0.00,False,,False,
abt-buy_0654,721,721,True,True,721:0.64|720:0.44|723:0.42,1,False,False,1:0.00|2:0.00|3:0.00,False,,False,
abt-buy_0655,720,720,True,True,720:0.64|721:0.44|723:0.42,1,False,False,1:0.00|2:0.00|3:0.00,False,,False,
abt-buy_0656,723,723,True,True,723:0.62|720:0.44|721:0.44,1,False,False,1:0.00|2:0.00|3:0.00,False,,False,
abt-buy_0657,1014,1014,True,True,1014:0.75|1071:0.38|396:0.28,1,False,False,1:0.00|2:0.00|3:0.00,False,,False,
abt-buy_0658,820,820,True,True,820:0.62|819:0.34|826:0.29,1,False,False,1:0.00|2:0.00|3:0.00,False,,False,
abt-buy_0659,819,819,True,True,819:0.62|820:0.34|826:0.23,1,False,False,1:0.00|2:0.00|3:0.00,False,,False,
abt-buy_0660,768,768,True,True,768:0.73|711:0.34|592:0.32,1,False,False,1:0.00|2:0.00|3:0.00,False,,False,
abt-buy_0661,543,543,True,True,543:0.74|528:0.38|1067:0.24,1,False,False,1:0.00|2:0.00|3:0.00,False,,False,
abt-buy_0662,775,775,True,True,775:0.73|774:0.47|972:0.27,1,False,False,1:0.00|2:0.00|3:0.00,False,,False,
abt-buy_0663,657,657,True,True,657:0.69|893:0.33|687:0.32,1,False,False,1:0.00|2:0.00|3:0.00,False,,False,
abt-buy_0664,785,785,True,True,785:0.73|965:0.22|780:0.21,1,False,False,1:0.00|2:0.00|3:0.00,False,,False,
abt-buy_0665,42,42,True,True,42:0.72|43:0.49|717:0.30,1,False,False,1:0.00|2:0.00|3:0.00,False,,False,
abt-buy_0666,43,43,True,True,43:0.67|42:0.45|723:0.41,1,False,False,1:0.00|2:0.00|3:0.00,False,,False,
abt-buy_0667,1021,1021,True,True,1021:0.83|1020:0.37|1023:0.36,1,False,False,1:0.00|2:0.00|3:0.00,False,,False,
abt-buy_0668,839,839,True,True,839:0.63|843:0.38|849:0.37,1,False,False,1:0.00|2:0.00|3:0.00,False,,False,
abt-buy_0669,751,751,True,True,751:0.77|519:0.29|518:0.28,1,False,False,1:0.00|2:0.00|3:0.00,False,,False,
abt-buy_0670,167,167,True,True,167:0.68|163:0.29|102:0.25,1,False,False,1:0.00|2:0.00|3:0.00,False,,False,
abt-buy_0671,764,764,True,True,764:0.75|958:0.33|787:0.31,1,False,False,1:0.00|2:0.00|3:0.00,False,,False,
abt-buy_0672,772,772,True,True,772:0.73|734:0.28|776:0.28,1,False,False,1:0.00|2:0.00|3:0.00,False,,False,
abt-buy_0673,598,598,True,True,598:0.68|838:0.33|1031:0.32,1,False,False,1:0.00|2:0.00|3:0.00,False,,False,
abt-buy_0674,676,676,True,True,676:0.73|675:0.37|678:0.35,1,False,False,1:0.00|2:0.00|3:0.00,False,,False,
abt-buy_0675,739,739,True,True,739:0.77|968:0.38|956:0.29,1,False,False,1:0.00|2:0.00|3:0.00,False,,False,
abt-buy_0676,602,602,True,True,602:0.56|502:0.24|509:0.24,1,False,False,1:0.00|2:0.00|3:0.00,False,,False,
abt-buy_0677,687,687,True,True,687:0.65|657:0.38|874:0.34,1,False,False,1:0.00|2:0.00|3:0.00,False,,False,
abt-buy_0678,653,653,True,True,653:0.70|654:0.45|652:0.43,1,False,False,1:0.00|2:0.00|3:0.00,False,,False,
abt-buy_0679,678,678,True,True,678:0.72|683:0.37|676:0.35,1,False,False,1:0.00|2:0.00|3:0.00,False,,False,
abt-buy_0680,681,681,True,True,681:0.70|684:0.33|685:0.33,1,False,False,1:0.00|2:0.00|3:0.00,False,,False,
abt-buy_0681,708,708,True,True,708:0.55|758:0.32|768:0.29,1,False,False,1:0.00|2:0.00|3:0.00,False,,False,
abt-buy_0682,654,654,True,True,654:0.71|653:0.45|652:0.39,1,False,False,1:0.00|2:0.00|3:0.00,False,,False,
abt-buy_0683,756,756,True,True,756:0.72|560:0.39|859:0.37,1,False,False,1:0.00|2:0.00|3:0.00,False,,False,
abt-buy_0684,478,478,True,True,478:0.81|477:0.51|480:0.49,1,False,False,1:0.00|2:0.00|3:0.00,False,,False,
abt-buy_0685,18,18,True,True,18:0.76|184:0.35|46:0.31,1,False,False,1:0.00|2:0.00|3:0.00,False,,False,
abt-buy_0686,688,688,True,True,688:0.70|478:0.47|686:0.47,1,False,False,1:0.00|2:0.00|3:0.00,False,,False,
abt-buy_0687,1064,1064,True,True,1064:0.72|489:0.33|17:0.28,1,False,False,1:0.00|2:0.00|3:0.00,False,,False,
abt-buy_0688,395,395,True,True,395:0.58|314:0.31|45:0.22,1,False,False,1:0.00|2:0.00|3:0.00,False,,False,
abt-buy_0689,1038,1038,True,True,1038:0.65|637:0.29|591:0.28,1,False,False,1:0.00|2:0.00|3:0.00,False,,False,
abt-buy_0690,881,881,True,True,881:0.70|834:0.34|885:0.26,1,False,False,1:0.00|2:0.00|3:0.00,False,,False,
abt-buy_0691,834,834,True,True,834:0.67|881:0.28|823:0.27,1,False,False,1:0.00|2:0.00|3:0.00,False,,False,
abt-buy_0692,1043,1043,True,True,1043:0.70|1044:0.25|1053:0.22,1,False,False,1:0.00|2:0.00|3:0.00,False,,False,
abt-buy_0693,885,885,True,True,885:0.72|358:0.30|1063:0.26,1,False,False,1:0.00|2:0.00|3:0.00,False,,False,
abt-buy_0694,863,863,True,True,863:0.72|320:0.38|362:0.23,1,False,False,1:0.00|2:0.00|3:0.00,False,,False,
abt-buy_0695,953,953,True,True,953:0.61|954:0.37|952:0.34,1,False,False,1:0.00|2:0.00|3:0.00,False,,False,
abt-buy_0696,861,861,True,True,861:0.62|862:0.35|870:0.31,1,False,False,1:0.00|2:0.00|3:0.00,False,,False,
abt-buy_0697,862,862,True,True,862:0.62|861:0.35|870:0.30,1,False,False,1:0.00|2:0.00|3:0.00,False,,False,
abt-buy_0698,870,870,True,True,870:0.67|861:0.29|862:0.29,1,False,False,1:0.00|2:0.00|3:0.00,False,,False,
abt-buy_0699,356,356,True,True,356:0.72|357:0.51|184:0.26,1,False,False,1:0.00|2:0.00|3:0.00,False,,False,
abt-buy_0700,357,357,True,True,357:0.70|356:0.49|184:0.28,1,False,False,1:0.00|2:0.00|3:0.00,False,,False,
abt-buy_0701,295,295,True,True,295:0.73|425:0.33|285:0.21,1,False,False,1:0.00|2:0.00|3:0.00,False,,False,
abt-buy_0702,620,620,True,True,620:0.75|626:0.46|562:0.43,1,False,False,1:0.00|2:0.00|3:0.00,False,,False,
abt-buy_0703,632,632,True,True,632:0.66|637:0.40|734:0.35,1,False,False,1:0.00|2:0.00|3:0.00,False,,False,
abt-buy_0704,531,531,True,True,531:0.77|532:0.57|530:0.55,1,False,False,1:0.00|2:0.00|3:0.00,False,,False,
abt-buy_0705,276,276,True,True,276:0.54|206:0.22|275:0.20,1,False,False,1:0.00|2:0.00|3:0.00,False,,False,
abt-buy_0706,130,130,True,True,130:0.64|256:0.34|141:0.31,1,False,False,1:0.00|2:0.00|3:0.00,False,,False,
abt-buy_0707,189,189,True,True,189:0.69|186:0.37|552:0.34,1,False,False,1:0.00|2:0.00|3:0.00,False,,False,
abt-buy_0708,75,75,True,True,75:0.61|74:0.40|46:0.33,1,False,False,1:0.00|2:0.00|3:0.00,False,,False,
abt-buy_0709,256,256,True,True,256:0.58|552:0.32|46:0.32,1,False,False,1:0.00|2:0.00|3:0.00,False,,False,
abt-buy_0710,552,552,True,True,552:0.71|630:0.35|189:0.33,1,False,False,1:0.00|2:0.00|3:0.00,False,,False,
abt-buy_0711,630,630,True,True,630:0.74|552:0.39|130:0.33,1,False,False,1:0.00|2:0.00|3:0.00,False,,False,
abt-buy_0712,842,842,True,True,842:0.59|942:0.37|492:0.33,1,False,False,1:0.00|2:0.00|3:0.00,False,,False,
abt-buy_0713,550,550,True,True,550:0.68|250:0.31|730:0.24,1,False,False,1:0.00|2:0.00|3:0.00,False,,False,
abt-buy_0714,462,462,True,True,462:0.62|213:0.33|212:0.31,1,False,False,1:0.00|2:0.00|3:0.00,False,,False,
abt-buy_0715,250,250,True,True,250:0.70|213:0.36|230:0.36,1,False,False,1:0.00|2:0.00|3:0.00,False,,False,
abt-buy_0716,560,560,True,True,560:0.72|506:0.42|502:0.41,1,False,False,1:0.00|2:0.00|3:0.00,False,,False,
abt-buy_0717,533,533,True,True,533:0.74|532:0.56|531:0.55,1,False,False,1:0.00|2:0.00|3:0.00,False,,False,
abt-buy_0718,480,480,True,True,480:0.78|481:0.54|482:0.52,1,False,False,1:0.00|2:0.00|3:0.00,False,,False,
abt-buy_0719,639,639,True,True,639:0.72|737:0.36|681:0.35,1,False,False,1:0.00|2:0.00|3:0.00,False,,False,
abt-buy_0720,652,652,True,True,652:0.68|653:0.43|654:0.40,1,False,False,1:0.00|2:0.00|3:0.00,False,,False,
abt-buy_0721,737,737,True,True,737:0.75|639:0.41|882:0.33,1,False,False,1:0.00|2:0.00|3:0.00,False,,False,
abt-buy_0722,709,709,True,True,709:0.72|714:0.27|734:0.26,1,False,False,1:0.00|2:0.00|3:0.00,False,,False,
abt-buy_0723,734,734,True,True,734:0.75|714:0.34|637:0.32,1,False,False,1:0.00|2:0.00|3:0.00,False,,False,
abt-buy_0724,695,695,True,True,695:0.71|611:0.35|646:0.35,1,False,False,1:0.00|2:0.00|3:0.00,False,,False,
abt-buy_0725,738,738,True,True,738:0.72|741:0.37|742:0.34,1,False,False,1:0.00|2:0.00|3:0.00,False,,False,
abt-buy_0726,741,741,True,True,741:0.73|742:0.39|738:0.37,1,False,False,1:0.00|2:0.00|3:0.00,False,,False,
abt-buy_0727,710,710,True,True,710:0.69|681:0.33|742:0.31,1,False,False,1:0.00|2:0.00|3:0.00,False,,False,
abt-buy_0728,683,683,True,True,683:0.70|685:0.38|678:0.37,1,False,False,1:0.00|2:0.00|3:0.00,False,,False,
abt-buy_0729,684,684,True,True,684:0.71|685:0.42|742:0.36,1,False,False,1:0.00|2:0.00|3:0.00,False,,False,
abt-buy_0730,722,722,True,True,722:0.66|745:0.33|724:0.31,1,False,False,1:0.00|2:0.00|3:0.00,False,,False,
abt-buy_0731,724,724,True,True,724:0.67|722:0.31|602:0.25,1,False,False,1:0.00|2:0.00|3:0.00,False,,False,
abt-buy_0732,752,752,True,True,752:0.55|708:0.27|52:0.25,1,False,False,1:0.00|2:0.00|3:0.00,False,,False,
abt-buy_0733,1078,1078,True,True,1078:0.69|653:0.23|652:0.23,1,False,False,1:0.00|2:0.00|3:0.00,False,,False,
abt-buy_0734,754,754,True,True,754:0.73|753:0.44|654:0.37,1,False,False,1:0.00|2:0.00|3:0.00,False,,False,
abt-buy_0735,745,745,True,True,745:0.65|722:0.30|742:0.24,1,False,False,1:0.00|2:0.00|3:0.00,False,,False,
abt-buy_0736,685,685,True,True,685:0.70|684:0.42|683:0.38,1,False,False,1:0.00|2:0.00|3:0.00,False,,False,
abt-buy_0737,753,753,True,True,753:0.71|754:0.45|653:0.42,1,False,False,1:0.00|2:0.00|3:0.00,False,,False,
abt-buy_0738,793,793,True,True,793:0.68|695:0.35|611:0.30,1,False,False,1:0.00|2:0.00|3:0.00,False,,False,
abt-buy_0739,826,826,True,True,826:0.69|906:0.31|866:0.30,1,False,False,1:0.00|2:0.00|3:0.00,False,,False,
abt-buy_0740,894,894,True,True,894:0.61|394:0.29|814:0.17,1,False,False,1:0.00|2:0.00|3:0.00,False,,False,
abt-buy_0741,447,447,True,True,447:0.77|449:0.45|989:0.38,1,False,False,1:0.00|2:0.00|3:0.00,False,,False,
abt-buy_0742,449,449,True,True,449:0.75|447:0.42|989:0.37,1,False,False,1:0.00|2:0.00|3:0.00,False,,False,
abt-buy_0743,673,673,True,True,673:0.84|873:0.25|54:0.25,1,False,False,1:0.00|2:0.00|3:0.00,False,,False,
abt-buy_0744,884,884,True,True,884:0.68|883:0.40|164:0.32,1,False,False,1:0.00|2:0.00|3:0.00,False,,False,
abt-buy_0745,760,760,True,True,760:0.64|755:0.31|27:0.29,1,False,False,1:0.00|2:0.00|3:0.00,False,,False,
abt-buy_0746,956,956,True,True,956:0.74|968:0.37|739:0.33,1,False,False,1:0.00|2:0.00|3:0.00,False,,False,
abt-buy_0747,776,776,True,True,776:0.57|716:0.27|739:0.24,1,False,False,1:0.00|2:0.00|3:0.00,False,,False,
abt-buy_0748,1045,1045,True,True,1045:0.59|848:0.25|573:0.25,1,False,False,1:0.00|2:0.00|3:0.00,False,,False,
abt-buy_0749,987,987,True,True,987:0.58|667:0.29|850:0.25,1,False,False,1:0.00|2:0.00|3:0.00,False,,False,
abt-buy_0750,74,74,True,True,74:0.62|75:0.42|46:0.33,1,False,False,1:0.00|2:0.00|3:0.00,False,,False,
abt-buy_0751,140,140,True,True,140:0.65|141:0.42|130:0.37,1,False,False,1:0.00|2:0.00|3:0.00,False,,False,
abt-buy_0752,830,830,True,True,830:0.62|711:0.27|583:0.24,1,False,False,1:0.00|2:0.00|3:0.00,False,,False,
abt-buy_0753,909,909,True,True,909:0.81|929:0.35|992:0.32,1,False,False,1:0.00|2:0.00|3:0.00,False,,False,
abt-buy_0754,895,895,True,True,895:0.62|992:0.33|517:0.31,1,False,False,1:0.00|2:0.00|3:0.00,False,,False,
abt-buy_0755,832,832,True,True,832:0.66|513:0.38|526:0.32,1,False,False,1:0.00|2:0.00|3:0.00,False,,False,
abt-buy_0756,960,960,True,True,960:0.75|377:0.35|764:0.26,1,False,False,1:0.00|2:0.00|3:0.00,False,,False,
abt-buy_0757,1013,1013,True,True,1013:0.76|1050:0.37|1014:0.31,1,False,False,1:0.00|2:0.00|3:0.00,False,,False,
abt-buy_0758,938,938,True,True,938:0.59|838:0.21|749:0.21,1,False,False,1:0.00|2:0.00|3:0.00,False,,False,
abt-buy_0759,682,682,True,True,682:0.59|680:0.40|679:0.27,1,False,False,1:0.00|2:0.00|3:0.00,False,,False,
abt-buy_0760,877,877,True,True,877:0.68|77:0.40|875:0.21,1,False,False,1:0.00|2:0.00|3:0.00,False,,False,
abt-buy_0761,905,905,True,True,905:0.55|995:0.32|947:0.22,1,False,False,1:0.00|2:0.00|3:0.00,False,,False,
abt-buy_0762,995,995,True,True,995:0.53|905:0.25|998:0.24,1,False,False,1:0.00|2:0.00|3:0.00,False,,False,
abt-buy_0763,965,965,True,True,965:0.72|928:0.42|910:0.41,1,False,False,1:0.00|2:0.00|3:0.00,False,,False,
abt-buy_0764,875,875,True,True,875:0.53|869:0.26|866:0.26,1,False,False,1:0.00|2:0.00|3:0.00,False,,False,
abt-buy_0765,869,869,True,True,869:0.69|866:0.42|867:0.40,1,False,False,1:0.00|2:0.00|3:0.00,False,,False,
abt-buy_0766,866,866,True,True,866:0.53|869:0.31|867:0.31,1,False,False,1:0.00|2:0.00|3:0.00,False,,False,
abt-buy_0767,867,867,True,True,867:0.57|869:0.37|866:0.36,1,False,False,1:0.00|2:0.00|3:0.00,False,,False,
abt-buy_0768,1040,1040,True,True,1040:0.64|964:0.32|965:0.28,1,False,False,1:0.00|2:0.00|3:0.00,False,,False,
abt-buy_0769,929,929,True,True,929:0.66|984:0.33|992:0.32,1,False,False,1:0.00|2:0.00|3:0.00,False,,False,
abt-buy_0770,984,984,True,True,984:0.72|929:0.37|992:0.33,1,False,False,1:0.00|2:0.00|3:0.00,False,,False,
abt-buy_0771,857,857,True,True,857:0.61|856:0.35|874:0.35,1,False,False,1:0.00|2:0.00|3:0.00,False,,False,
abt-buy_0772,898,898,True,True,898:0.57|896:0.33|897:0.31,1,False,False,1:0.00|2:0.00|3:0.00,False,,False,
abt-buy_0773,896,896,True,True,896:0.55|897:0.31|898:0.31,1,False,False,1:0.00|2:0.00|3:0.00,False,,False,
abt-buy_0774,908,908,True,True,908:0.58|900:0.37|418:0.28,1,False,False,1:0.00|2:0.00|3:0.00,False,,False,
abt-buy_0775,943,943,True,True,943:0.70|562:0.38|626:0.36,1,False,False,1:0.00|2:0.00|3:0.00,False,,False,
abt-buy_0776,829,829,True,True,829:0.71|836:0.23|837:0.23,1,False,False,1:0.00|2:0.00|3:0.00,False,,False,
abt-buy_0777,836,836,True,True,836:0.71|837:0.45|414:0.29,1,False,False,1:0.00|2:0.00|3:0.00,False,,False,
abt-buy_0778,71,71,True,True,71:0.71|471:0.19|171:0.19,1,False,False,1:0.00|2:0.00|3:0.00,False,,False,
abt-buy_0779,993,993,True,True,993:0.68|992:0.33|996:0.31,1,False,False,1:0.00|2:0.00|3:0.00,False,,False,
abt-buy_0780,945,945,True,True,945:0.63|946:0.40|993:0.31,1,False,False,1:0.00|2:0.00|3:0.00,False,,False,
abt-buy_0781,946,946,True,True,946:0.65|945:0.39|996:0.32,1,False,False,1:0.00|2:0.00|3:0.00,False,,False,
abt-buy_0782,310,310,True,True,310:0.59|430:0.31|105:0.20,1,False,False,1:0.00|2:0.00|3:0.00,False,,False,
abt-buy_0783,958,958,True,True,958:0.60|764:0.33|787:0.26,1,False,False,1:0.00|2:0.00|3:0.00,False,,False,
abt-buy_0784,925,925,True,True,925:0.78|320:0.25|322:0.21,1,False,False,1:0.00|2:0.00|3:0.00,False,,False,
abt-buy_0785,903,903,True,True,903:0.69|902:0.54|988:0.40,1,False,False,1:0.00|2:0.00|3:0.00,False,,False,
abt-buy_0786,904,904,True,True,904:0.75|903:0.40|902:0.40,1,False,False,1:0.00|2:0.00|3:0.00,False,,False,
abt-buy_0787,1047,1047,True,True,1047:0.76|1077:0.18|1057:0.18,1,False,False,1:0.00|2:0.00|3:0.00,False,,False,
abt-buy_0788,961,961,True,True,961:0.62|964:0.45|962:0.38,1,False,False,1:0.00|2:0.00|3:0.00,False,,False,
abt-buy_0789,962,962,True,True,962:0.64|961:0.40|963:0.37,1,False,False,1:0.00|2:0.00|3:0.00,False,,False,
abt-buy_0790,963,963,True,True,963:0.66|96:0.43|961:0.39,1,False,False,1:0.00|2:0.00|3:0.00,False,,False,
abt-buy_0791,906,906,True,True,906:0.68|907:0.35|173:0.29,1,False,False,1:0.00|2:0.00|3:0.00,False,,False,
abt-buy_0792,907,907,True,True,907:0.56|906:0.32|947:0.28,1,False,False,1:0.00|2:0.00|3:0.00,False,,False,
abt-buy_0793,927,927,True,True,927:0.70|928:0.37|965:0.33,1,False,False,1:0.00|2:0.00|3:0.00,False,,False,
abt-buy_0794,1017,1017,True,True,1017:0.76|976:0.33|975:0.33,1,False,False,1:0.00|2:0.00|3:0.00,False,,False,
abt-buy_0795,850,850,True,True,850:0.64|854:0.29|987:0.29,1,False,False,1:0.00|2:0.00|3:0.00,False,,False,
abt-buy_0796,854,854,True,True,854:0.75|850:0.37|878:0.36,1,False,False,1:0.00|2:0.00|3:0.00,False,,False,
abt-buy_0797,911,911,True,True,911:0.82|306:0.37|126:0.35,1,False,False,1:0.00|2:0.00|3:0.00,False,,False,
abt-buy_0798,910,910,True,True,910:0.72|965:0.41|928:0.41,1,False,False,1:0.00|2:0.00|3:0.00,False,,False,
abt-buy_0799,928,928,True,True,928:0.70|965:0.40|910:0.39,1,False,False,1:0.00|2:0.00|3:0.00,False,,False,
abt-buy_0800,977,977,True,True,977:0.78|976:0.44|975:0.43,1,False,False,1:0.00|2:0.00|3:0.00,False,,False,
abt-buy_0801,976,976,True,True,976:0.77|975:0.52|977:0.44,1,False,False,1:0.00|2:0.00|3:0.00,False,,False,
abt-buy_0802,930,930,True,True,930:0.67|931:0.36|933:0.36,1,False,False,1:0.00|2:0.00|3:0.00,False,,False,
abt-buy_0803,890,890,True,True,890:0.70|889:0.42|459:0.40,1,False,False,1:0.00|2:0.00|3:0.00,False,,False,
abt-buy_0804,889,889,True,True,889:0.70|459:0.45|890:0.42,1,False,False,1:0.00|2:0.00|3:0.00,False,,False,
abt-buy_0805,452,452,True,True,452:0.69|453:0.42|459:0.34,1,False,False,1:0.00|2:0.00|3:0.00,False,,False,
abt-buy_0806,707,707,True,True,707:0.65|702:0.41|647:0.22,1,False,False,1:0.00|2:0.00|3:0.00,False,,False,
abt-buy_0807,565,565,True,True,565:0.62|563:0.36|566:0.34,1,False,False,1:0.00|2:0.00|3:0.00,False,,False,
abt-buy_0808,675,675,True,True,675:0.72|676:0.38|678:0.33,1,False,False,1:0.00|2:0.00|3:0.00,False,,False,
abt-buy_0809,40,40,True,True,40:0.70|328:0.30|46:0.24,1,False,False,1:0.00|2:0.00|3:0.00,False,,False,
abt-buy_0810,328,328,True,True,328:0.73|40:0.33|18:0.20,1,False,False,1:0.00|2:0.00|3:0.00,False,,False,
abt-buy_0811,931,931,True,True,931:0.70|934:0.41|935:0.41,1,False,False,1:0.00|2:0.00|3:0.00,False,,False,
abt-buy_0812,878,878,True,True,878:0.75|848:0.45|570:0.41,1,False,False,1:0.00|2:0.00|3:0.00,False,,False,
abt-buy_0813,856,856,True,True,856:0.60|857:0.34|874:0.34,1,False,False,1:0.00|2:0.00|3:0.00,False,,False,
abt-buy_0814,936,936,True,True,936:0.71|932:0.36|934:0.36,1,False,False,1:0.00|2:0.00|3:0.00,False,,False,
abt-buy_0815,947,947,True,True,947:0.67|903:0.42|902:0.42,1,False,False,1:0.00|2:0.00|3:0.00,False,,False,
abt-buy_0816,988,988,True,True,988:0.75|578:0.42|902:0.40,1,False,False,1:0.00|2:0.00|3:0.00,False,,False,
abt-buy_0817,949,949,True,True,949:0.60|948:0.37|947:0.37,1,False,False,1:0.00|2:0.00|3:0.00,False,,False,
abt-buy_0818,948,948,True,True,948:0.58|947:0.35|949:0.33,1,False,False,1:0.00|2:0.00|3:0.00,False,,False,
abt-buy_0819,924,924,True,True,924:0.69|327:0.38|922:0.29,1,False,False,1:0.00|2:0.00|3:0.00,False,,False,
abt-buy_0820,1066,1066,True,True,1066:0.53|1076:0.21|1067:0.20,1,False,False,1:0.00|2:0.00|3:0.00,False,,False,
abt-buy_0821,1059,1059,True,True,1059:0.77|1058:0.28|589:0.27,1,False,False,1:0.00|2:0.00|3:0.00,False,,False,
abt-buy_0822,1009,1009,True,True,1009:0.68|1007:0.23|1055:0.23,1,False,False,1:0.00|2:0.00|3:0.00,False,,False,
abt-buy_0823,848,848,True,True,848:0.63|878:0.37|1045:0.29,1,False,False,1:0.00|2:0.00|3:0.00,False,,False,
abt-buy_0824,950,950,True,True,950:0.62|949:0.34|948:0.31,1,False,False,1:0.00|2:0.00|3:0.00,False,,False,
abt-buy_0825,868,868,True,True,868:0.76|913:0.28|923:0.27,1,False,False,1:0.00|2:0.00|3:0.00,False,,False,
abt-buy_0826,914,914,True,True,914:0.66|913:0.36|912:0.35,1,False,False,1:0.00|2:0.00|3:0.00,False,,False,
abt-buy_0827,922,922,True,True,922:0.66|923:0.41|912:0.30,1,False,False,1:0.00|2:0.00|3:0.00,False,,False,
abt-buy_0828,915,915,True,True,915:0.80|916:0.47|917:0.47,1,False,False,1:0.00|2:0.00|3:0.00,False,,False,
abt-buy_0829,916,916,True,True,916:0.80|917:0.50|918:0.49,1,False,False,1:0.00|2:0.00|3:0.00,False,,False,
abt-buy_0830,917,917,True,True,917:0.80|916:0.51|918:0.50,1,False,False,1:0.00|2:0.00|3:0.00,False,,False,
abt-buy_0831,918,918,True,True,918:0.80|916:0.50|917:0.49,1,False,False,1:0.00|2:0.00|3:0.00,False,,False,
abt-buy_0832,920,920,True,True,920:0.80|921:0.49|917:0.44,1,False,False,1:0.00|2:0.00|3:0.00,False,,False,
abt-buy_0833,923,923,True,True,923:0.66|922:0.42|913:0.30,1,False,False,1:0.00|2:0.00|3:0.00,False,,False,
abt-buy_0834,921,921,True,True,921:0.80|920:0.48|916:0.45,1,False,False,1:0.00|2:0.00|3:0.00,False,,False,
abt-buy_0835,919,919,True,True,919:0.64|918:0.34|915:0.33,1,False,False,1:0.00|2:0.00|3:0.00,False,,False,
abt-buy_0836,858,858,True,True,858:0.71|597:0.36|596:0.34,1,False,False,1:0.00|2:0.00|3:0.00,False,,False,
abt-buy_0837,1058,1058,True,True,1058:0.80|1059:0.27|98:0.25,1,False,False,1:0.00|2:0.00|3:0.00,False,,False,
abt-buy_0838,912,912,True,True,912:0.66|915:0.36|913:0.36,1,False,False,1:0.00|2:0.00|3:0.00,False,,False,
abt-buy_0839,913,913,True,True,913:0.67|914:0.37|912:0.36,1,False,False,1:0.00|2:0.00|3:0.00,False,,False,
abt-buy_0840,941,941,True,True,941:0.55|942:0.32|948:0.30,1,False,False,1:0.00|2:0.00|3:0.00,False,,False,
abt-buy_0841,942,942,True,True,942:0.55|346:0.29|941:0.28,1,False,False,1:0.00|2:0.00|3:0.00,False,,False,
abt-buy_0842,996,996,True,True,996:0.62|937:0.28|926:0.19,1,False,False,1:0.00|2:0.00|3:0.00,False,,False,
abt-buy_0843,603,603,True,True,603:0.61|504:0.24|500:0.24,1,False,False,1:0.00|2:0.00|3:0.00,False,,False,
abt-buy_0844,742,742,True,True,742:0.70|741:0.39|684:0.38,1,False,False,1:0.00|2:0.00|3:0.00,False,,False,
abt-buy_0845,989,989,True,True,989:0.76|990:0.43|449:0.40,1,False,False,1:0.00|2:0.00|3:0.00,False,,False,
abt-buy_0846,634,634,True,True,634:0.69|380:0.20|734:0.20,1,False,False,1:0.00|2:0.00|3:0.00,False,,False,
abt-buy_0847,859,859,True,True,859:0.69|756:0.31|560:0.30,1,False,False,1:0.00|2:0.00|3:0.00,False,,False,
abt-buy_0848,384,384,True,True,384:0.74|539:0.40|394:0.23,1,False,False,1:0.00|2:0.00|3:0.00,False,,False,
abt-buy_0849,944,944,True,True,944:0.73|960:0.27|764:0.26,1,False,False,1:0.00|2:0.00|3:0.00,False,,False,
abt-buy_0850,935,935,True,True,935:0.57|933:0.35|934:0.35,1,False,False,1:0.00|2:0.00|3:0.00,False,,False,
abt-buy_0851,933,933,True,True,933:0.71|934:0.50|935:0.50,1,False,False,1:0.00|2:0.00|3:0.00,False,,False,
abt-buy_0852,932,932,True,True,932:0.70|934:0.50|933:0.50,1,False,False,1:0.00|2:0.00|3:0.00,False,,False,
abt-buy_0853,934,934,True,True,934:0.56|933:0.35|935:0.35,1,False,False,1:0.00|2:0.00|3:0.00,False,,False,
abt-buy_0854,647,647,True,True,647:0.75|648:0.47|837:0.28,1,False,False,1:0.00|2:0.00|3:0.00,False,,False,
abt-buy_0855,414,414,True,True,414:0.58|836:0.25|423:0.23,1,False,False,1:0.00|2:0.00|3:0.00,False,,False,
abt-buy_0856,1039,1039,True,True,1039:0.49|1079:0.23|1038:0.23,1,False,False,1:0.00|2:0.00|3:0.00,False,,False,
abt-buy_0857,981,981,True,True,981:0.67|982:0.40|983:0.39,1,False,False,1:0.00|2:0.00|3:0.00,False,,False,
abt-buy_0858,380,380,True,True,380:0.69|888:0.22|689:0.21,1,False,False,1:0.00|2:0.00|3:0.00,False,,False,
abt-buy_0859,985,985,True,True,985:0.70|997:0.46|956:0.33,1,False,False,1:0.00|2:0.00|3:0.00,False,,False,
abt-buy_0860,997,997,True,True,997:0.78|985:0.39|956:0.34,1,False,False,1:0.00|2:0.00|3:0.00,False,,False,
abt-buy_0861,991,991,True,True,991:0.59|996:0.29|1018:0.25,1,False,False,1:0.00|2:0.00|3:0.00,False,,False,
abt-buy_0862,1011,1011,True,True,1011:0.62|1010:0.29|1001:0.24,1,False,False,1:0.00|2:0.00|3:0.00,False,,False,
abt-buy_0863,1018,1018,True,True,1018:0.73|991:0.34|503:0.31,1,False,False,1:0.00|2:0.00|3:0.00,False,,False,
abt-buy_0864,970,970,True,True,970:0.77|264:0.44|766:0.40,1,False,False,1:0.00|2:0.00|3:0.00,False,,False,
abt-buy_0865,476,476,True,True,476:0.73|7:0.28|145:0.24,1,False,False,1:0.00|2:0.00|3:0.00,False,,False,
abt-buy_0866,350,350,True,True,350:0.69|750:0.20|370:0.20,1,False,False,1:0.00|2:0.00|3:0.00,False,,False,
abt-buy_0867,766,766,True,True,766:0.73|264:0.42|970:0.37,1,False,False,1:0.00|2:0.00|3:0.00,False,,False,
abt-buy_0868,537,537,True,True,537:0.75|277:0.28|324:0.23,1,False,False,1:0.00|2:0.00|3:0.00,False,,False,
abt-buy_0869,964,964,True,True,964:0.60|963:0.32|961:0.28,1,False,False,1:0.00|2:0.00|3:0.00,False,,False,
abt-buy_0870,1031,1031,True,True,1031:0.68|1032:0.35|831:0.33,1,False,False,1:0.00|2:0.00|3:0.00,False,,False,
abt-buy_0871,1037,1037,True,True,1037:0.67|820:0.28|1031:0.25,1,False,False,1:0.00|2:0.00|3:0.00,False,,False,
abt-buy_0872,968,968,True,True,968:0.66|568:0.27|768:0.27,1,False,False,1:0.00|2:0.00|3:0.00,False,,False,
abt-buy_0873,1002,1002,True,True,1002:0.58|1061:0.29|343:0.29,1,False,False,1:0.00|2:0.00|3:0.00,False,,False,
abt-buy_0874,874,874,True,True,874:0.69|893:0.33|579:0.33,1,False,False,1:0.00|2:0.00|3:0.00,False,,False,
abt-buy_0875,876,876,True,True,876:0.62|874:0.35|893:0.33,1,False,False,1:0.00|2:0.00|3:0.00,False,,False,
abt-buy_0876,893,893,True,True,893:0.69|874:0.31|657:0.30,1,False,False,1:0.00|2:0.00|3:0.00,False,,False,
abt-buy_0877,899,899,True,True,899:0.60|708:0.26|299:0.25,1,False,False,1:0.00|2:0.00|3:0.00,False,,False,
abt-buy_0878,475,475,True,True,475:0.61|412:0.28|411:0.27,1,False,False,1:0.00|2:0.00|3:0.00,False,,False,
abt-buy_0879,625,625,True,True,625:0.60|325:0.28|627:0.28,1,False,False,1:0.00|2:0.00|3:0.00,False,,False,
abt-buy_0880,814,814,True,True,814:0.80|764:0.29|714:0.27,1,False,False,1:0.00|2:0.00|3:0.00,False,,False,
abt-buy_0881,990,990,True,True,990:0.76|989:0.43|447:0.39,1,False,False,1:0.00|2:0.00|3:0.00,False,,False,
abt-buy_0882,1025,1025,True,True,1025:0.67|1035:0.20|1065:0.19,1,False,False,1:0.00|2:0.00|3:0.00,False,,False,
abt-buy_0883,777,777,True,True,777:0.78|47:0.28|69:0.27,1,False,False,1:0.00|2:0.00|3:0.00,False,,False,
abt-buy_0884,880,880,True,True,880:0.75|882:0.43|639:0.34,1,False,False,1:0.00|2:0.00|3:0.00,False,,False,
abt-buy_0885,882,882,True,True,882:0.75|880:0.44|639:0.37,1,False,False,1:0.00|2:0.00|3:0.00,False,,False,
abt-buy_0886,1036,1036,True,True,1036:0.73|1016:0.23|1006:0.22,1,False,False,1:0.00|2:0.00|3:0.00,False,,False,
abt-buy_0887,376,376,True,True,376:0.56|270:0.32|271:0.30,1,False,False,1:0.00|2:0.00|3:0.00,False,,False,
abt-buy_0888,1016,1016,True,True,1016:0.61|1013:0.22|1046:0.21,1,False,False,1:0.00|2:0.00|3:0.00,False,,False,
abt-buy_0889,582,582,True,True,582:0.71|612:0.38|581:0.38,1,False,False,1:0.00|2:0.00|3:0.00,False,,False,
abt-buy_0890,604,604,True,True,604:0.62|305:0.21|42:0.20,1,False,False,1:0.00|2:0.00|3:0.00,False,,False,
abt-buy_0891,46,46,True,True,46:0.64|75:0.35|74:0.34,1,False,False,1:0.00|2:0.00|3:0.00,False,,False,
abt-buy_0892,1062,1062,True,True,1062:0.57|979:0.27|800:0.24,1,False,False,1:0.00|2:0.00|3:0.00,False,,False,
abt-buy_0893,1044,1044,True,True,1044:0.66|83:0.25|113:0.22,1,False,False,1:0.00|2:0.00|3:0.00,False,,False,
abt-buy_0894,1068,1068,True,True,1068:0.62|1069:0.38|1078:0.18,1,False,False,1:0.00|2:0.00|3:0.00,False,,False,
abt-buy_0895,1069,1069,True,True,1069:0.72|1068:0.39|1019:0.19,1,False,False,1:0.00|2:0.00|3:0.00,False,,False,
abt-buy_0896,128,128,True,True,128:0.61|129:0.37|127:0.29,1,False,False,1:0.00|2:0.00|3:0.00,False,,False,
abt-buy_0897,129,129,True,True,129:0.59|128:0.37|139:0.33,1,False,False,1:0.00|2:0.00|3:0.00,False,,False,
abt-buy_0898,127,127,True,True,127:0.66|128:0.27|129:0.25,1,False,False,1:0.00|2:0.00|3:0.00,False,,False,
abt-buy_0899,431,431,True,True,431:0.70|1044:0.25|83:0.25,1,False,False,1:0.00|2:0.00|3:0.00,False,,False,
abt-buy_0900,3,3,True,True,3:0.62|4:0.20|13:0.20,1,False,True,1:0.00|2:0.00|3:0.00,False,,False,
abt-buy_0901,12,12,True,True,12:0.61|33:0.38|11:0.37,1,False,False,1:0.00|2:0.00|3:0.00,False,,False,
abt-buy_0902,35,35,True,True,35:0.70|419:0.32|418:0.29,1,False,False,1:0.00|2:0.00|3:0.00,False,,False,
abt-buy_0903,98,98,True,True,98:0.73|1058:0.25|238:0.24,1,False,False,1:0.00|2:0.00|3:0.00,False,,False,
abt-buy_0904,20,20,True,True,20:0.64|21:0.44|49:0.29,1,False,False,1:0.00|2:0.00|3:0.00,False,,False,
abt-buy_0905,21,21,True,True,21:0.64|20:0.44|49:0.31,1,False,False,1:0.00|2:0.00|3:0.00,False,,False,
abt-buy_0906,31,31,True,True,31:0.73|30:0.51|2:0.26,1,False,False,1:0.00|2:0.00|3:0.00,False,,False,
abt-buy_0907,25,25,True,True,25:0.68|729:0.32|427:0.28,1,False,False,1:0.00|2:0.00|3:0.00,False,,False,
abt-buy_0908,30,30,True,True,30:0.73|31:0.51|2:0.26,1,False,False,1:0.00|2:0.00|3:0.00,False,,False,
abt-buy_0909,15,15,True,True,15:0.67|16:0.40|11:0.28,1,False,False,1:0.00|2:0.00|3:0.00,False,,False,
abt-buy_0910,172,172,True,True,172:0.64|119:0.29|587:0.26,1,False,False,1:0.00|2:0.00|3:0.00,False,,False,
abt-buy_0911,61,61,True,True,61:0.67|63:0.48|66:0.48,1,False,False,1:0.00|2:0.00|3:0.00,False,,False,
abt-buy_0912,28,28,True,True,28:0.69|29:0.40|20:0.34,1,False,False,1:0.00|2:0.00|3:0.00,False,,False,
abt-buy_0913,29,29,True,True,29:0.69|28:0.41|20:0.32,1,False,False,1:0.00|2:0.00|3:0.00,False,,False,
abt-buy_0914,833,833,True,True,833:0.64|89:0.41|533:0.22,1,False,False,1:0.00|2:0.00|3:0.00,False,,False,
abt-buy_0915,33,33,True,True,33:0.77|330:0.32|11:0.27,1,False,False,1:0.00|2:0.00|3:0.00,False,,False,
abt-buy_0916,113,113,True,True,113:0.77|763:0.48|83:0.45,1,False,False,1:0.00|2:0.00|3:0.00,False,,False,
abt-buy_0917,116,116,True,True,116:0.74|66:0.40|168:0.36,1,False,False,1:0.00|2:0.00|3:0.00,False,,False,
abt-buy_0918,41,41,True,True,41:0.61|646:0.32|611:0.32,1,False,False,1:0.00|2:0.00|3:0.00,False,,False,
abt-buy_0919,16,16,True,True,16:0.69|15:0.39|26:0.29,1,False,False,1:0.00|2:0.00|3:0.00,False,,False,
abt-buy_0920,330,330,True,True,330:0.65|10:0.37|33:0.35,1,False,False,1:0.00|2:0.00|3:0.00,False,,False,
abt-buy_0921,13,13,True,True,13:0.70|14:0.53|23:0.28,1,False,False,1:0.00|2:0.00|3:0.00,False,,False,
abt-buy_0922,809,809,True,True,809:0.68|802:0.41|799:0.32,1,False,False,1:0.00|2:0.00|3:0.00,False,,False,
abt-buy_0923,23,23,True,True,23:0.74|13:0.34|14:0.25,1,False,False,1:0.00|2:0.00|3:0.00,False,,False,
abt-buy_0924,49,49,True,True,49:0.71|48:0.51|20:0.34,1,False,False,1:0.00|2:0.00|3:0.00,False,,False,
abt-buy_0925,55,55,True,True,55:0.77|809:0.36|802:0.32,1,False,False,1:0.00|2:0.00|3:0.00,False,,False,
abt-buy_0926,59,59,True,True,59:0.56|89:0.29|859:0.26,1,False,False,1:0.00|2:0.00|3:0.00,False,,False,
abt-buy_0927,802,802,True,True,802:0.83|809:0.39|55:0.33,1,False,False,1:0.00|2:0.00|3:0.00,False,,False,
abt-buy_0928,801,801,True,True,801:0.63|780:0.37|994:0.32,1,False,False,1:0.00|2:0.00|3:0.00,False,,False,
abt-buy_0929,763,763,True,True,763:0.73|83:0.47|113:0.43,1,False,False,1:0.00|2:0.00|3:0.00,False,,False,
abt-buy_0930,821,821,True,True,821:0.55|641:0.32|817:0.28,1,False,False,1:0.00|2:0.00|3:0.00,False,,False,
abt-buy_0931,88,88,True,True,88:0.68|61:0.45|63:0.38,1,False,False,1:0.00|2:0.00|3:0.00,False,,False,
abt-buy_0932,65,65,True,True,65:0.75|66:0.52|63:0.46,1,False,False,1:0.00|2:0.00|3:0.00,False,,False,
abt-buy_0933,165,165,True,True,165:0.68|65:0.32|115:0.32,1,False,False,1:0.00|2:0.00|3:0.00,False,,False,
abt-buy_0934,66,66,True,True,66:0.75|65:0.52|63:0.46,1,False,False,1:0.00|2:0.00|3:0.00,False,,False,
abt-buy_0935,81,81,True,True,81:0.79|88:0.30|61:0.30,1,False,False,1:0.00|2:0.00|3:0.00,False,,False,
abt-buy_0936,73,73,True,True,73:0.71|62:0.42|213:0.23,1,False,False,1:0.00|2:0.00|3:0.00,False,,False,
abt-buy_0937,62,62,True,True,62:0.73|73:0.44|462:0.26,1,False,False,1:0.00|2:0.00|3:0.00,False,,False,
abt-buy_0938,124,124,True,True,124:0.70|701:0.30|764:0.28,1,False,False,1:0.00|2:0.00|3:0.00,False,,False,
abt-buy_0939,48,48,True,True,48:0.78|49:0.54|21:0.32,1,False,False,1:0.00|2:0.00|3:0.00,False,,False,
abt-buy_0940,79,79,True,True,79:0.75|226:0.40|613:0.39,1,False,False,1:0.00|2:0.00|3:0.00,False,,False,
abt-buy_0941,94,94,True,True,94:0.73|434:0.39|92:0.38,1,False,False,1:0.00|2:0.00|3:0.00,False,,False,
abt-buy_0942,95,95,True,True,95:0.73|93:0.40|435:0.39,1,False,False,1:0.00|2:0.00|3:0.00,False,,False,
abt-buy_0943,115,115,True,True,115:0.78|116:0.31|165:0.30,1,False,False,1:0.00|2:0.00|3:0.00,False,,False,
abt-buy_0944,373,373,True,True,373:0.73|383:0.29|132:0.29,1,False,False,1:0.00|2:0.00|3:0.00,False,,False,
abt-buy_0945,175,175,True,True,175:0.64|338:0.39|176:0.38,1,False,False,1:0.00|2:0.00|3:0.00,False,,False,
abt-buy_0946,169,169,True,True,169:0.67|164:0.37|262:0.32,1,False,False,1:0.00|2:0.00|3:0.00,False,,False,
abt-buy_0947,798,798,True,True,798:0.76|797:0.46|799:0.38,1,False,False,1:0.00|2:0.00|3:0.00,False,,False,
abt-buy_0948,202,202,True,True,202:0.68|176:0.36|175:0.35,1,False,False,1:0.00|2:0.00|3:0.00,False,,False,
abt-buy_0949,243,243,True,True,243:0.79|424:0.36|782:0.35,1,False,False,1:0.00|2:0.00|3:0.00,False,,False,
abt-buy_0950,281,281,True,True,281:0.68|428:0.35|280:0.33,1,False,False,1:0.00|2:0.00|3:0.00,False,,False,
abt-buy_0951,277,277,True,True,277:0.72|324:0.33|537:0.27,1,False,False,1:0.00|2:0.00|3:0.00,False,,False,
abt-buy_0952,955,955,True,True,955:0.75|555:0.27|1074:0.22,1,False,False,1:0.00|2:0.00|3:0.00,False,,False,
abt-buy_0953,262,262,True,True,262:0.66|169:0.36|164:0.30,1,False,False,1:0.00|2:0.00|3:0.00,False,,False,
abt-buy_0954,324,324,True,True,324:0.68|277:0.34|884:0.29,1,False,False,1:0.00|2:0.00|3:0.00,False,,False,
abt-buy_0955,423,423,True,True,423:0.59|424:0.27|425:0.27,1,False,False,1:0.00|2:0.00|3:0.00,False,,False,
abt-buy_0956,216,216,True,True,216:0.76|217:0.47|84:0.33,1,False,False,1:0.00|2:0.00|3:0.00,False,,False,
abt-buy_0957,479,479,True,True,479:0.71|455:0.40|1032:0.35,1,False,False,1:0.00|2:0.00|3:0.00,False,,False,
abt-buy_0958,1032,1032,True,True,1032:0.72|479:0.36|455:0.36,1,False,False,1:0.00|2:0.00|3:0.00,False,,False,
abt-buy_0959,1005,1005,True,True,1005:0.74|105:0.31|285:0.28,1,False,False,1:0.00|2:0.00|3:0.00,False,,False,
abt-buy_0960,623,623,True,True,623:0.61|672:0.28|671:0.28,1,False,False,1:0.00|2:0.00|3:0.00,False,,False,
abt-buy_0961,1010,1010,True,True,1010:0.77|799:0.25|1011:0.23,1,False,False,1:0.00|2:0.00|3:0.00,False,,False,
abt-buy_0962,873,873,True,True,873:0.82|228:0.32|870:0.26,1,False,False,1:0.00|2:0.00|3:0.00,False,,False,
abt-buy_0963,594,594,True,True,594:0.68|576:0.30|599:0.25,1,False,False,1:0.00|2:0.00|3:0.00,False,,False,
abt-buy_0964,587,587,True,True,587:0.71|689:0.37|119:0.22,1,False,False,1:0.00|2:0.00|3:0.00,False,,False,
abt-buy_0965,689,689,True,True,689:0.72|587:0.36|119:0.26,1,False,False,1:0.00|2:0.00|3:0.00,False,,False,
abt-buy_0966,1001,1001,True,True,1001:0.65|597:0.35|858:0.35,1,False,False,1:0.00|2:0.00|3:0.00,False,,False,
abt-buy_0967,672,672,True,True,672:0.64|671:0.41|852:0.33,1,False,False,1:0.00|2:0.00|3:0.00,False,,False,
abt-buy_0968,671,671,True,True,671:0.63|672:0.42|851:0.31,1,False,False,1:0.00|2:0.00|3:0.00,False,,False,
abt-buy_0969,492,492,True,True,492:0.68|1061:0.40|842:0.39,1,False,False,1:0.00|2:0.00|3:0.00,False,,False,
abt-buy_0970,572,572,True,True,572:0.65|12:0.23|502:0.21,1,False,False,1:0.00|2:0.00|3:0.00,False,,False,
abt-buy_0971,335,335,True,True,335:0.53|334:0.32|330:0.32,1,False,False,1:0.00|2:0.00|3:0.00,False,,False,
abt-buy_0972,846,846,True,True,846:0.61|847:0.41|849:0.40,1,False,False,1:0.00|2:0.00|3:0.00,False,,False,
abt-buy_0973,852,852,True,True,852:0.62|853:0.41|851:0.40,1,False,False,1:0.00|2:0.00|3:0.00,False,,False,
abt-buy_0974,795,795,True,True,795:0.59|796:0.37|845:0.37,1,False,False,1:0.00|2:0.00|3:0.00,False,,False,
abt-buy_0975,845,845,True,True,845:0.63|843:0.42|841:0.41,1,False,False,1:0.00|2:0.00|3:0.00,False,,False,
abt-buy_0976,843,843,True,True,843:0.63|845:0.42|841:0.41,1,False,False,1:0.00|2:0.00|3:0.00,False,,False,
abt-buy_0977,841,841,True,True,841:0.63|843:0.42|845:0.42,1,False,False,1:0.00|2:0.00|3:0.00,False,,False,
abt-buy_0978,796,796,True,True,796:0.59|795:0.38|846:0.33,1,False,False,1:0.00|2:0.00|3:0.00,False,,False,
abt-buy_0979,847,847,True,True,847:0.62|846:0.40|849:0.40,1,False,False,1:0.00|2:0.00|3:0.00,False,,False,
abt-buy_0980,844,844,True,True,844:0.62|845:0.42|843:0.42,1,False,False,1:0.00|2:0.00|3:0.00,False,,False,
abt-buy_0981,840,840,True,True,840:0.63|843:0.42|845:0.42,1,False,False,1:0.00|2:0.00|3:0.00,False,,False,
abt-buy_0982,849,849,True,True,849:0.61|847:0.41|846:0.40,1,False,False,1:0.00|2:0.00|3:0.00,False,,False,
abt-buy_0983,851,851,True,True,851:0.62|853:0.41|852:0.41,1,False,False,1:0.00|2:0.00|3:0.00,False,,False,
abt-buy_0984,853,853,True,True,853:0.62|852:0.41|851:0.40,1,False,False,1:0.00|2:0.00|3:0.00,False,,False,
abt-buy_0985,837,837,True,True,837:0.65|836:0.36|414:0.29,1,False,False,1:0.00|2:0.00|3:0.00,False,,False,
abt-buy_0986,883,883,True,True,883:0.67|884:0.42|53:0.32,1,False,False,1:0.00|2:0.00|3:0.00,False,,False,
abt-buy_0987,483,483,True,True,483:0.81|484:0.53|480:0.48,1,False,False,1:0.00|2:0.00|3:0.00,False,,False,
abt-buy_0988,142,142,True,True,142:0.68|143:0.45|132:0.29,1,False,False,1:0.00|2:0.00|3:0.00,False,,False,
abt-buy_0989,1063,1063,True,True,1063:0.63|358:0.29|885:0.28,1,False,False,1:0.00|2:0.00|3:0.00,False,,False,
abt-buy_0990,999,999,True,True,999:0.79|559:0.24|949:0.23,1,False,False,1:0.00|2:0.00|3:0.00,False,,False,
abt-buy_0991,648,648,True,True,648:0.71|647:0.50|1053:0.24,1,False,False,1:0.00|2:0.00|3:0.00,False,,False,
abt-buy_0992,983,983,True,True,983:0.67|982:0.43|981:0.40,1,False,False,1:0.00|2:0.00|3:0.00,False,,False,
abt-buy_0993,1015,1015,True,True,1015:0.73|1061:0.29|1011:0.27,1,False,False,1:0.00|2:0.00|3:0.00,False,,False,
abt-buy_0994,982,982,True,True,982:0.67|983:0.42|981:0.40,1,False,False,1:0.00|2:0.00|3:0.00,False,,False,
abt-buy_0995,1053,1053,True,True,1053:0.73|543:0.23|1063:0.21,1,False,False,1:0.00|2:0.00|3:0.00,False,,False,
abt-buy_0996,975,975,True,True,975:0.67|976:0.39|977:0.32,1,False,False,1:0.00|2:0.00|3:0.00,False,,False,
abt-buy_0997,1056,1056,True,True,1056:0.71|870:0.23|933:0.23,1,False,False,1:0.00|2:0.00|3:0.00,False,,False,
abt-buy_0998,166,166,True,True,166:0.71|465:0.26|706:0.23,1,False,False,1:0.00|2:0.00|3:0.00,False,,False,
abt-buy_0999,63,63,True,True,63:0.75|66:0.46|65:0.46,1,False,False,1:0.00|2:0.00|3:0.00,False,,False,
abt-buy_1000,53,53,True,True,53:0.67|55:0.26|169:0.24,1,False,False,1:0.00|2:0.00|3:0.00,False,,False,
abt-buy_1001,64,64,True,True,64:0.41|166:0.31|444:0.31,1,False,False,1:0.00|2:0.00|3:0.00,False,,False,
abt-buy_1002,794,794,True,True,794:0.76|797:0.30|806:0.28,1,False,False,1:0.00|2:0.00|3:0.00,False,,False,
abt-buy_1003,119,119,True,True,119:0.57|172:0.26|689:0.26,1,False,False,1:0.00|2:0.00|3:0.00,False,,False,
abt-buy_1004,102,102,True,True,102:0.72|167:0.27|399:0.23,1,False,False,1:0.00|2:0.00|3:0.00,False,,False,
abt-buy_1005,123,123,True,True,123:0.59|757:0.25|121:0.23,1,False,False,1:0.00|2:0.00|3:0.00,False,,False,
abt-buy_1006,191,191,True,True,191:0.66|192:0.34|257:0.29,1,False,False,1:0.00|2:0.00|3:0.00,False,,False,
abt-buy_1007,294,294,True,True,294:0.65|257:0.31|11:0.28,1,False,False,1:0.00|2:0.00|3:0.00,False,,False,
abt-buy_1008,146,146,True,True,146:0.59|33:0.39|536:0.32,1,False,False,1:0.00|2:0.00|3:0.00,False,,False,
abt-buy_1009,233,233,True,True,233:0.67|238:0.21|136:0.20,1,False,False,1:0.00|2:0.00|3:0.00,False,,False,
abt-buy_1010,208,208,True,True,208:0.59|232:0.33|108:0.25,1,False,False,1:0.00|2:0.00|3:0.00,False,,False,
abt-buy_1011,237,237,True,True,237:0.47|236:0.26|297:0.25,1,False,False,1:0.00|2:0.00|3:0.00,False,,False,
abt-buy_1012,207,207,True,True,207:0.52|387:0.28|208:0.27,1,False,False,1:0.00|2:0.00|3:0.00,False,,False,
abt-buy_1013,811,811,True,True,811:0.77|881:0.24|810:0.22,1,False,False,1:0.00|2:0.00|3:0.00,False,,False,
abt-buy_1014,70,70,True,True,70:0.46|453:0.25|470:0.25,1,False,False,1:0.00|2:0.00|3:0.00,False,,False,
abt-buy_1015,232,232,True,True,232:0.60|208:0.33|233:0.25,1,False,False,1:0.00|2:0.00|3:0.00,False,,False,
abt-buy_1016,193,193,True,True,193:0.66|194:0.33|493:0.26,1,False,False,1:0.00|2:0.00|3:0.00,False,,False,
abt-buy_1017,261,261,True,True,261:0.78|786:0.39|661:0.35,1,False,False,1:0.00|2:0.00|3:0.00,False,,False,
abt-buy_1018,190,190,True,True,190:0.72|196:0.25|292:0.23,1,False,False,1:0.00|2:0.00|3:0.00,False,,False,
abt-buy_1019,205,205,True,True,205:0.73|206:0.38|215:0.23,1,False,False,1:0.00|2:0.00|3:0.00,False,,False,
abt-buy_1020,266,266,True,True,266:0.75|1006:0.36|390:0.32,1,False,False,1:0.00|2:0.00|3:0.00,False,,False,
abt-buy_1021,288,288,True,True,288:0.63|638:0.24|818:0.22,1,False,False,1:0.00|2:0.00|3:0.00,False,,False,
abt-buy_1022,315,315,True,True,315:0.61|316:0.36|813:0.27,1,False,False,1:0.00|2:0.00|3:0.00,False,,False,
abt-buy_1023,786,786,True,True,786:0.79|261:0.40|285:0.30,1,False,False,1:0.00|2:0.00|3:0.00,False,,False,
abt-buy_1024,385,385,True,True,385:0.66|348:0.32|365:0.21,1,False,False,1:0.00|2:0.00|3:0.00,False,,False,
abt-buy_1025,348,348,True,True,348:0.61|385:0.30|444:0.28,1,False,False,1:0.00|2:0.00|3:0.00,False,,False,
abt-buy_1026,227,227,True,True,227:0.69|226:0.40|254:0.37,1,False,False,1:0.00|2:0.00|3:0.00,False,,False,
abt-buy_1027,254,254,True,True,254:0.67|79:0.36|484:0.35,1,False,False,1:0.00|2:0.00|3:0.00,False,,False,
abt-buy_1028,322,322,True,True,322:0.79|320:0.29|362:0.26,1,False,False,1:0.00|2:0.00|3:0.00,False,,False,
abt-buy_1029,790,790,True,True,790:0.70|192:0.37|750:0.32,1,False,False,1:0.00|2:0.00|3:0.00,False,,False,
abt-buy_1030,730,730,True,True,730:0.58|230:0.32|635:0.31,1,False,False,1:0.00|2:0.00|3:0.00,False,,False,
abt-buy_1031,635,635,True,True,635:0.60|230:0.27|605:0.25,1,False,False,1:0.00|2:0.00|3:0.00,False,,False,
abt-buy_1032,554,554,True,True,554:0.60|553:0.34|558:0.30,1,False,False,1:0.00|2:0.00|3:0.00,False,,False,
abt-buy_1033,622,622,True,True,622:0.53|725:0.25|429:0.23,1,False,False,1:0.00|2:0.00|3:0.00,False,,False,
abt-buy_1034,542,542,True,True,542:0.64|582:0.27|725:0.27,1,False,False,1:0.00|2:0.00|3:0.00,False,,False,
abt-buy_1035,808,808,True,True,808:0.67|800:0.33|807:0.27,1,False,False,1:0.00|2:0.00|3:0.00,False,,False,
abt-buy_1036,773,773,True,True,773:0.71|714:0.32|716:0.31,1,False,False,1:0.00|2:0.00|3:0.00,False,,False,
abt-buy_1037,774,774,True,True,774:0.70|775:0.52|972:0.28,1,False,False,1:0.00|2:0.00|3:0.00,False,,False,
abt-buy_1038,755,755,True,True,755:0.61|725:0.31|760:0.25,1,False,False,1:0.00|2:0.00|3:0.00,False,,False,
abt-buy_1039,702,702,True,True,702:0.71|707:0.32|902:0.20,1,False,False,1:0.00|2:0.00|3:0.00,False,,False,
abt-buy_1040,498,498,True,True,498:0.78|980:0.41|608:0.33,1,False,False,1:0.00|2:0.00|3:0.00,False,,False,
abt-buy_1041,778,778,True,True,778:0.59|78:0.25|33:0.25,1,False,False,1:0.00|2:0.00|3:0.00,False,,False,
abt-buy_1042,813,813,True,True,813:0.70|812:0.35|316:0.26,1,False,False,1:0.00|2:0.00|3:0.00,False,,False,
abt-buy_1043,812,812,True,True,812:0.63|813:0.40|316:0.26,1,False,False,1:0.00|2:0.00|3:0.00,False,,False,
abt-buy_1044,305,305,True,True,305:0.68|300:0.32|299:0.25,1,False,False,1:0.00|2:0.00|3:0.00,False,,False,
abt-buy_1045,1034,1034,True,True,1034:0.69|34:0.20|1014:0.19,1,False,False,1:0.00|2:0.00|3:0.00,False,,False,
abt-buy_1046,803,803,True,True,803:0.68|909:0.27|513:0.26,1,False,False,1:0.00|2:0.00|3:0.00,False,,False,
abt-buy_1047,897,897,True,True,897:0.58|896:0.34|898:0.32,1,False,False,1:0.00|2:0.00|3:0.00,False,,False,
abt-buy_1048,900,900,True,True,900:0.65|908:0.40|740:0.32,1,False,False,1:0.00|2:0.00|3:0.00,False,,False,
abt-buy_1049,972,972,True,True,972:0.63|775:0.25|774:0.25,1,False,False,1:0.00|2:0.00|3:0.00,False,,False,
abt-buy_1050,1042,1042,True,True,1042:0.70|1032:0.27|1031:0.24,1,False,False,1:0.00|2:0.00|3:0.00,False,,False,
abt-buy_1051,860,860,True,True,860:0.59|812:0.28|813:0.27,1,False,False,1:0.00|2:0.00|3:0.00,False,,False,
abt-buy_1052,979,979,True,True,979:0.71|806:0.33|807:0.33,1,False,False,1:0.00|2:0.00|3:0.00,False,,False,
abt-buy_1053,926,926,True,True,926:0.67|320:0.28|626:0.26,1,False,False,1:0.00|2:0.00|3:0.00,False,,False,
abt-buy_1054,1006,1006,True,True,1006:0.74|266:0.36|390:0.29,1,False,False,1:0.00|2:0.00|3:0.00,False,,False,
abt-buy_1055,980,980,True,True,980:0.75|498:0.44|956:0.31,1,False,False,1:0.00|2:0.00|3:0.00,False,,False,
abt-buy_1056,879,879,True,True,879:0.65|159:0.20|889:0.19,1,False,False,1:0.00|2:0.00|3:0.00,False,,False,
abt-buy_1057,1067,1067,True,True,1067:0.62|637:0.27|1039:0.26,1,False,False,1:0.00|2:0.00|3:0.00,False,,False,
abt-buy_1058,967,967,True,True,967:0.77|917:0.36|916:0.32,1,False,False,1:0.00|2:0.00|3:0.00,False,,False,
abt-buy_1059,1000,1000,True,True,1000:0.68|536:0.28|1012:0.28,1,False,False,1:0.00|2:0.00|3:0.00,False,,False,
abt-buy_1060,1075,1075,True,True,1075:0.61|897:0.23|896:0.23,1,False,False,1:0.00|2:0.00|3:0.00,False,,False,
abt-buy_1061,139,139,True,True,139:0.55|129:0.30|136:0.27,1,False,False,1:0.00|2:0.00|3:0.00,False,,False,
abt-buy_1062,11,11,True,True,11:0.63|33:0.38|12:0.35,1,False,False,1:0.00|2:0.00|3:0.00,False,,False,
abt-buy_1063,9,9,True,True,9:0.61|6:0.24|41:0.23,1,False,False,1:0.00|2:0.00|3:0.00,False,,False,
abt-buy_1064,1,1,True,True,1:0.72|51:0.29|574:0.26,1,True,True,1:0.00|2:0.00|3:0.00,False,,False,
abt-buy_1065,51,51,True,True,51:0.75|1:0.31|61:0.29,1,False,False,1:0.00|2:0.00|3:0.00,False,,False,
abt-buy_1066,83,83,True,True,83:0.76|113:0.42|763:0.42,1,False,False,1:0.00|2:0.00|3:0.00,False,,False,
abt-buy_1067,134,134,True,True,134:0.71|138:0.20|999:0.20,1,False,False,1:0.00|2:0.00|3:0.00,False,,False,
abt-buy_1068,160,160,True,True,160:0.65|980:0.28|608:0.27,1,False,False,1:0.00|2:0.00|3:0.00,False,,False,
abt-buy_1069,255,255,True,True,255:0.76|225:0.38|392:0.34,1,False,False,1:0.00|2:0.00|3:0.00,False,,False,
abt-buy_1070,392,392,True,True,392:0.72|225:0.36|255:0.29,1,False,False,1:0.00|2:0.00|3:0.00,False,,False,
abt-buy_1071,627,627,True,True,627:0.68|629:0.45|628:0.45,1,False,False,1:0.00|2:0.00|3:0.00,False,,False,
abt-buy_1072,628,628,True,True,628:0.69|627:0.45|629:0.43,1,False,False,1:0.00|2:0.00|3:0.00,False,,False,
abt-buy_1073,629,629,True,True,629:0.68|627:0.45|628:0.42,1,False,False,1:0.00|2:0.00|3:0.00,False,,False,
abt-buy_1074,1007,1007,True,True,1007:0.78|1009:0.28|885:0.25,1,False,False,1:0.00|2:0.00|3:0.00,False,,False,
abt-buy_1075,105,105,True,True,105:0.74|285:0.36|1005:0.32,1,False,False,1:0.00|2:0.00|3:0.00,False,,False,
abt-buy_1076,307,307,True,True,307:0.62|308:0.32|332:0.29,1,False,False,1:0.00|2:0.00|3:0.00,False,,False,
abt-buy_1077,308,308,True,True,308:0.61|307:0.33|332:0.28,1,False,False,1:0.00|2:0.00|3:0.00,False,,False,
abt-buy_1078,285,285,True,True,285:0.70|105:0.28|786:0.27,1,False,False,1:0.00|2:0.00|3:0.00,False,,False,
abt-buy_1079,80,80,True,True,80:0.75|85:0.25|425:0.24,1,False,False,1:0.00|2:0.00|3:0.00,False,,False,
abt-buy_1080,2,2,True,True,2:0.76|5:0.29|1067:0.23,1,False,True,1:0.00|2:0.00|3:0.00,False,,False,
abt-buy_1081,152,152,True,True,152:0.52|157:0.29|332:0.28,1,False,False,1:0.00|2:0.00|3:0.00,False,,False,
abt-buy_1082,157,157,True,True,157:0.58|152:0.34|307:0.27,1,False,False,1:0.00|2:0.00|3:0.00,False,,False,
abt-buy_1083,154,154,True,True,154:0.66|226:0.36|254:0.35,1,False,False,1:0.00|2:0.00|3:0.00,False,,False,
abt-buy_1084,170,170,True,True,170:0.76|164:0.29|53:0.26,1,False,False,1:0.00|2:0.00|3:0.00,False,,False,
abt-buy_1085,217,217,True,True,217:0.72|216:0.43|84:0.30,1,False,False,1:0.00|2:0.00|3:0.00,False,,False,
abt-buy_1086,331,331,True,True,331:0.75|332:0.46|333:0.37,1,False,False,1:0.00|2:0.00|3:0.00,False,,False,
abt-buy_1087,332,332,True,True,332:0.73|331:0.47|307:0.42,1,False,False,1:0.00|2:0.00|3:0.00,False,,False,
abt-buy_1088,242,242,True,True,242:0.61|252:0.37|254:0.35,1,False,False,1:0.00|2:0.00|3:0.00,False,,False,
abt-buy_1089,252,252,True,True,252:0.67|242:0.41|254:0.38,1,False,False,1:0.00|2:0.00|3:0.00,False,,False,
abt-buy_1090,351,351,True,True,351:0.64|751:0.21|252:0.21,1,False,False,1:0.00|2:0.00|3:0.00,False,,False,
abt-buy_1091,226,226,True,True,226:0.77|227:0.43|242:0.29,1,False,False,1:0.00|2:0.00|3:0.00,False,,False,
