event_id,true_master_id,brand_artwork_vs_supplier,brand_artwork_vs_master,brand_supplier_vs_master,brand_all_agree,quantity_artwork_vs_supplier,quantity_artwork_vs_master,quantity_supplier_vs_master,quantity_all_agree,gtin_artwork_vs_supplier,gtin_artwork_vs_master,gtin_supplier_vs_master,gtin_all_agree,fields_fully_agreed,fields_compared,agreement_score,cross_check_status,artwork_fields_wrong_vs_master,supplier_fields_wrong_vs_master
abt-buy_0000,1029,False,False,False,False,False,False,False,False,False,False,True,False,0,3,0.0,disagreement,3,2
abt-buy_0001,1028,False,False,False,False,False,False,False,False,False,False,True,False,0,3,0.0,disagreement,3,2
abt-buy_0002,436,False,False,False,False,False,False,False,False,False,False,True,False,0,3,0.0,disagreement,3,2
abt-buy_0003,215,False,False,False,False,False,False,False,False,False,False,True,False,0,3,0.0,disagreement,3,2
abt-buy_0004,161,False,False,False,False,False,False,False,False,False,False,True,False,0,3,0.0,disagreement,3,2
abt-buy_0005,828,False,False,False,False,False,False,False,False,False,False,True,False,0,3,0.0,disagreement,3,2
abt-buy_0006,779,False,False,False,False,False,False,False,False,False,False,True,False,0,3,0.0,disagreement,3,2
abt-buy_0007,378,False,False,False,False,False,False,False,False,False,False,True,False,0,3,0.0,disagreement,3,2
abt-buy_0008,1026,False,False,False,False,False,False,False,False,False,False,True,False,0,3,0.0,disagreement,3,2
abt-buy_0009,135,False,False,False,False,False,False,False,False,False,False,True,False,0,3,0.0,disagreement,3,2
abt-buy_0010,1027,False,False,False,False,False,False,False,False,False,False,True,False,0,3,0.0,disagreement,3,2
abt-buy_0011,463,False,False,False,False,False,False,False,False,False,False,True,False,0,3,0.0,disagreement,3,2
abt-buy_0012,219,False,False,False,False,False,False,False,False,False,False,True,False,0,3,0.0,disagreement,3,2
abt-buy_0013,959,False,False,False,False,False,False,False,False,False,False,True,False,0,3,0.0,disagreement,3,2
abt-buy_0014,238,False,False,False,False,False,False,False,False,False,False,True,False,0,3,0.0,disagreement,3,2
abt-buy_0015,824,False,False,False,False,False,False,False,False,False,False,True,False,0,3,0.0,disagreement,3,2
abt-buy_0016,60,False,False,False,False,False,False,False,False,False,False,True,False,0,3,0.0,disagreement,3,2
abt-buy_0017,1081,False,False,False,False,False,False,False,False,False,False,True,False,0,3,0.0,disagreement,3,2
abt-buy_0018,100,False,False,False,False,False,False,False,False,False,False,True,False,0,3,0.0,disagreement,3,2
abt-buy_0019,827,False,False,False,False,False,False,False,False,False,False,True,False,0,3,0.0,disagreement,3,2
abt-buy_0020,90,False,False,False,False,False,False,False,False,False,False,True,False,0,3,0.0,disagreement,3,2
abt-buy_0021,26,False,False,False,False,False,False,False,False,False,False,True,False,0,3,0.0,disagreement,3,2
abt-buy_0022,1080,False,False,False,False,False,False,False,False,False,False,True,False,0,3,0.0,disagreement,3,2
abt-buy_0023,408,False,False,False,False,False,False,False,False,False,False,True,False,0,3,0.0,disagreement,3,2
abt-buy_0024,117,False,False,False,False,False,False,False,False,False,False,True,False,0,3,0.0,disagreement,3,2
abt-buy_0025,101,False,False,False,False,False,False,False,False,False,False,True,False,0,3,0.0,disagreement,3,2
abt-buy_0026,195,False,False,False,False,False,False,False,False,False,False,True,False,0,3,0.0,disagreement,3,2
abt-buy_0027,125,False,False,False,False,False,False,False,False,False,False,True,False,0,3,0.0,disagreement,3,2
abt-buy_0028,93,False,False,False,False,False,False,False,False,False,False,True,False,0,3,0.0,disagreement,3,2
abt-buy_0029,91,False,False,False,False,False,False,False,False,False,False,True,False,0,3,0.0,disagreement,3,2
abt-buy_0030,435,False,False,False,False,False,False,False,False,False,False,True,False,0,3,0.0,disagreement,3,2
abt-buy_0031,92,False,False,False,False,False,False,False,False,False,False,True,False,0,3,0.0,disagreement,3,2
abt-buy_0032,96,False,False,False,False,False,False,False,False,False,False,True,False,0,3,0.0,disagreement,3,2
abt-buy_0033,97,False,False,False,False,False,False,False,False,False,False,True,False,0,3,0.0,disagreement,3,2
abt-buy_0034,199,False,False,False,False,False,False,False,False,False,False,True,False,0,3,0.0,disagreement,3,2
abt-buy_0035,759,False,False,False,False,False,False,False,False,False,False,True,False,0,3,0.0,disagreement,3,2
abt-buy_0036,107,False,False,False,False,False,False,False,False,False,False,True,False,0,3,0.0,disagreement,3,2
abt-buy_0037,729,False,False,False,False,False,False,False,False,False,False,True,False,0,3,0.0,disagreement,3,2
abt-buy_0038,1004,False,False,False,False,False,False,False,False,False,False,True,False,0,3,0.0,disagreement,3,2
abt-buy_0039,1065,False,False,False,False,False,False,False,False,False,False,True,False,0,3,0.0,disagreement,3,2
abt-buy_0040,410,False,False,False,False,False,False,False,False,False,False,True,False,0,3,0.0,disagreement,3,2
abt-buy_0041,410,False,False,False,False,False,False,False,False,False,False,True,False,0,3,0.0,disagreement,3,2
abt-buy_0042,110,False,False,False,False,False,False,False,False,False,False,True,False,0,3,0.0,disagreement,3,2
abt-buy_0043,293,False,False,False,False,False,False,False,False,False,False,True,False,0,3,0.0,disagreement,3,2
abt-buy_0044,111,False,False,False,False,False,False,False,False,False,False,True,False,0,3,0.0,disagreement,3,2
abt-buy_0045,50,False,False,False,False,False,False,False,False,False,False,True,False,0,3,0.0,disagreement,3,2
abt-buy_0046,1072,False,False,False,False,False,False,False,False,False,False,True,False,0,3,0.0,disagreement,3,2
abt-buy_0047,404,False,False,False,False,False,False,False,False,False,False,True,False,0,3,0.0,disagreement,3,2
abt-buy_0048,994,False,False,False,False,False,False,False,False,False,False,True,False,0,3,0.0,disagreement,3,2
abt-buy_0049,58,False,False,False,False,False,False,False,False,False,False,True,False,0,3,0.0,disagreement,3,2
abt-buy_0050,57,False,False,False,False,False,False,False,False,False,False,True,False,0,3,0.0,disagreement,3,2
abt-buy_0051,78,False,False,False,False,False,False,False,False,False,False,True,False,0,3,0.0,disagreement,3,2
abt-buy_0052,72,False,False,False,False,False,False,False,False,False,False,True,False,0,3,0.0,disagreement,3,2
abt-buy_0053,345,False,False,False,False,False,False,False,False,False,False,True,False,0,3,0.0,disagreement,3,2
abt-buy_0054,163,False,False,False,False,False,False,False,False,False,False,True,False,0,3,0.0,disagreement,3,2
abt-buy_0055,77,False,False,False,False,False,False,False,False,False,False,True,False,0,3,0.0,disagreement,3,2
abt-buy_0056,283,False,False,False,False,False,False,False,False,False,False,True,False,0,3,0.0,disagreement,3,2
abt-buy_0057,1022,False,False,False,False,False,False,False,False,False,False,True,False,0,3,0.0,disagreement,3,2
abt-buy_0058,265,False,False,False,False,False,False,False,False,False,False,True,False,0,3,0.0,disagreement,3,2
abt-buy_0059,197,False,False,False,False,False,False,False,False,False,False,True,False,0,3,0.0,disagreement,3,2
abt-buy_0060,120,False,False,False,False,False,False,False,False,False,False,True,False,0,3,0.0,disagreement,3,2
abt-buy_0061,109,False,False,False,False,False,False,False,False,False,False,True,False,0,3,0.0,disagreement,3,2
abt-buy_0062,109,False,False,False,False,False,False,False,False,False,False,True,False,0,3,0.0,disagreement,3,2
abt-buy_0063,228,False,False,False,False,False,False,False,False,False,False,True,False,0,3,0.0,disagreement,3,2
abt-buy_0064,54,False,False,False,False,False,False,False,False,False,False,True,False,0,3,0.0,disagreement,3,2
abt-buy_0065,797,False,False,False,False,False,False,False,False,False,False,True,False,0,3,0.0,disagreement,3,2
abt-buy_0066,122,False,False,False,False,False,False,False,False,False,False,True,False,0,3,0.0,disagreement,3,2
abt-buy_0067,126,False,False,False,False,False,False,False,False,False,False,True,False,0,3,0.0,disagreement,3,2
abt-buy_0068,181,False,False,False,False,False,False,False,False,False,False,True,False,0,3,0.0,disagreement,3,2
abt-buy_0069,201,False,False,False,False,False,False,False,False,False,False,True,False,0,3,0.0,disagreement,3,2
abt-buy_0070,182,False,False,False,False,False,False,False,False,False,False,True,False,0,3,0.0,disagreement,3,2
abt-buy_0071,156,False,False,False,False,False,False,False,False,False,False,True,False,0,3,0.0,disagreement,3,2
abt-buy_0072,192,False,False,False,False,False,False,False,False,False,False,True,False,0,3,0.0,disagreement,3,2
abt-buy_0073,147,False,False,False,False,False,False,False,False,False,False,True,False,0,3,0.0,disagreement,3,2
abt-buy_0074,148,False,False,False,False,False,False,False,False,False,False,True,False,0,3,0.0,disagreement,3,2
abt-buy_0075,225,False,False,False,False,False,False,False,False,False,False,True,False,0,3,0.0,disagreement,3,2
abt-buy_0076,788,False,False,False,False,False,False,False,False,False,False,True,False,0,3,0.0,disagreement,3,2
abt-buy_0077,118,False,False,False,False,False,False,False,False,False,False,True,False,0,3,0.0,disagreement,3,2
abt-buy_0078,136,False,False,False,False,False,False,False,False,False,False,True,False,0,3,0.0,disagreement,3,2
abt-buy_0079,123,False,False,False,False,False,False,False,False,False,False,True,False,0,3,0.0,disagreement,3,2
abt-buy_0080,85,False,False,False,False,False,False,False,False,False,False,True,False,0,3,0.0,disagreement,3,2
abt-buy_0081,727,False,False,False,False,False,False,False,False,False,False,True,False,0,3,0.0,disagreement,3,2
abt-buy_0082,940,False,False,False,False,False,False,False,False,False,False,True,False,0,3,0.0,disagreement,3,2
abt-buy_0083,799,False,False,False,False,False,False,False,False,False,False,True,False,0,3,0.0,disagreement,3,2
abt-buy_0084,5,False,False,False,False,False,False,False,False,False,False,True,False,0,3,0.0,disagreement,3,2
abt-buy_0085,86,False,False,False,False,False,False,False,False,False,False,True,False,0,3,0.0,disagreement,3,2
abt-buy_0086,323,False,False,False,False,False,False,False,False,False,False,True,False,0,3,0.0,disagreement,3,2
abt-buy_0087,400,False,False,False,False,False,False,False,False,False,False,True,False,0,3,0.0,disagreement,3,2
abt-buy_0088,177,False,False,False,False,False,False,False,False,False,False,True,False,0,3,0.0,disagreement,3,2
abt-buy_0089,168,False,False,False,False,False,False,False,False,False,False,True,False,0,3,0.0,disagreement,3,2
abt-buy_0090,171,False,False,False,False,False,False,False,False,False,False,True,False,0,3,0.0,disagreement,3,2
abt-buy_0091,8,False,False,False,False,False,False,False,False,False,False,True,False,0,3,0.0,disagreement,3,2
abt-buy_0092,800,False,False,False,False,False,False,False,False,False,False,True,False,0,3,0.0,disagreement,3,2
abt-buy_0093,183,False,False,False,False,False,False,False,False,False,False,True,False,0,3,0.0,disagreement,3,2
abt-buy_0094,417,False,False,False,False,False,False,False,False,False,False,True,False,0,3,0.0,disagreement,3,2
abt-buy_0095,359,False,False,False,False,False,False,False,False,False,False,True,False,0,3,0.0,disagreement,3,2
abt-buy_0096,418,False,False,False,False,False,False,False,False,False,False,True,False,0,3,0.0,disagreement,3,2
abt-buy_0097,204,False,False,False,False,False,False,False,False,False,False,True,False,0,3,0.0,disagreement,3,2
abt-buy_0098,179,False,False,False,False,False,False,False,False,False,False,True,False,0,3,0.0,disagreement,3,2
abt-buy_0099,180,False,False,False,False,False,False,False,False,False,False,True,False,0,3,0.0,disagreement,3,2
abt-buy_0100,38,False,False,False,False,False,False,False,False,False,False,True,False,0,3,0.0,disagreement,3,2
abt-buy_0101,296,False,False,False,False,False,False,False,False,False,False,True,False,0,3,0.0,disagreement,3,2
abt-buy_0102,835,False,False,False,False,False,False,False,False,False,False,True,False,0,3,0.0,disagreement,3,2
abt-buy_0103,143,False,False,False,False,False,False,False,False,False,False,True,False,0,3,0.0,disagreement,3,2
abt-buy_0104,132,False,False,False,False,False,False,False,False,False,False,True,False,0,3,0.0,disagreement,3,2
abt-buy_0105,153,False,False,False,False,False,False,False,False,False,False,True,False,0,3,0.0,disagreement,3,2
abt-buy_0106,44,False,False,False,False,False,False,False,False,False,False,True,False,0,3,0.0,disagreement,3,2
abt-buy_0107,10,False,False,False,False,False,False,False,False,False,False,True,False,0,3,0.0,disagreement,3,2
abt-buy_0108,249,False,False,False,False,False,False,False,False,False,False,True,False,0,3,0.0,disagreement,3,2
abt-buy_0109,374,False,False,False,False,False,False,False,False,False,False,True,False,0,3,0.0,disagreement,3,2
abt-buy_0110,176,False,False,False,False,False,False,False,False,False,False,True,False,0,3,0.0,disagreement,3,2
abt-buy_0111,1041,False,False,False,False,False,False,False,False,False,False,True,False,0,3,0.0,disagreement,3,2
abt-buy_0112,952,False,False,False,False,False,False,False,False,False,False,True,False,0,3,0.0,disagreement,3,2
abt-buy_0113,396,False,False,False,False,False,False,False,False,False,False,True,False,0,3,0.0,disagreement,3,2
abt-buy_0114,6,False,False,False,False,False,False,False,False,False,False,True,False,0,3,0.0,disagreement,3,2
abt-buy_0115,39,False,False,False,False,False,False,False,False,False,False,True,False,0,3,0.0,disagreement,3,2
abt-buy_0116,99,False,False,False,False,False,False,False,False,False,False,True,False,0,3,0.0,disagreement,3,2
abt-buy_0117,45,False,False,False,False,False,False,False,False,False,False,True,False,0,3,0.0,disagreement,3,2
abt-buy_0118,4,False,False,False,False,False,False,False,False,False,False,True,False,0,3,0.0,disagreement,3,2
abt-buy_0119,22,False,False,False,False,False,False,False,False,False,False,True,False,0,3,0.0,disagreement,3,2
abt-buy_0120,14,False,False,False,False,False,False,False,False,False,False,True,False,0,3,0.0,disagreement,3,2
abt-buy_0121,34,False,False,False,False,False,False,False,False,False,False,True,False,0,3,0.0,disagreement,3,2
abt-buy_0122,36,False,False,False,False,False,False,False,False,False,False,True,False,0,3,0.0,disagreement,3,2
abt-buy_0123,84,False,False,False,False,False,False,False,False,False,False,True,False,0,3,0.0,disagreement,3,2
abt-buy_0124,27,False,False,False,False,False,False,False,False,False,False,True,False,0,3,0.0,disagreement,3,2
abt-buy_0125,131,False,False,False,False,False,False,False,False,False,False,True,False,0,3,0.0,disagreement,3,2
abt-buy_0126,104,False,False,False,False,False,False,False,False,False,False,True,False,0,3,0.0,disagreement,3,2
abt-buy_0127,352,False,False,False,False,False,False,False,False,False,False,True,False,0,3,0.0,disagreement,3,2
abt-buy_0128,259,False,False,False,False,False,False,False,False,False,False,True,False,0,3,0.0,disagreement,3,2
abt-buy_0129,159,False,False,False,False,False,False,False,False,False,False,True,False,0,3,0.0,disagreement,3,2
abt-buy_0130,151,False,False,False,False,False,False,False,False,False,False,True,False,0,3,0.0,disagreement,3,2
abt-buy_0131,103,False,False,False,False,False,False,False,False,False,False,True,False,0,3,0.0,disagreement,3,2
abt-buy_0132,87,False,False,False,False,False,False,False,False,False,False,True,False,0,3,0.0,disagreement,3,2
abt-buy_0133,19,False,False,False,False,False,False,False,False,False,False,True,False,0,3,0.0,disagreement,3,2
abt-buy_0134,47,False,False,False,False,False,False,False,False,False,False,True,False,0,3,0.0,disagreement,3,2
abt-buy_0135,7,False,False,False,False,False,False,False,False,False,False,True,False,0,3,0.0,disagreement,3,2
abt-buy_0136,247,False,False,False,False,False,False,False,False,False,False,True,False,0,3,0.0,disagreement,3,2
abt-buy_0137,246,False,False,False,False,False,False,False,False,False,False,True,False,0,3,0.0,disagreement,3,2
abt-buy_0138,263,False,False,False,False,False,False,False,False,False,False,True,False,0,3,0.0,disagreement,3,2
abt-buy_0139,236,False,False,False,False,False,False,False,False,False,False,True,False,0,3,0.0,disagreement,3,2
abt-buy_0140,260,False,False,False,False,False,False,False,False,False,False,True,False,0,3,0.0,disagreement,3,2
abt-buy_0141,69,False,False,False,False,False,False,False,False,False,False,True,False,0,3,0.0,disagreement,3,2
abt-buy_0142,17,False,False,False,False,False,False,False,False,False,False,True,False,0,3,0.0,disagreement,3,2
abt-buy_0143,68,False,False,False,False,False,False,False,False,False,False,True,False,0,3,0.0,disagreement,3,2
abt-buy_0144,56,False,False,False,False,False,False,False,False,False,False,True,False,0,3,0.0,disagreement,3,2
abt-buy_0145,430,False,False,False,False,False,False,False,False,False,False,True,False,0,3,0.0,disagreement,3,2
abt-buy_0146,76,False,False,False,False,False,False,False,False,False,False,True,False,0,3,0.0,disagreement,3,2
abt-buy_0147,37,False,False,False,False,False,False,False,False,False,False,True,False,0,3,0.0,disagreement,3,2
abt-buy_0148,588,False,False,False,False,False,False,False,False,False,False,True,False,0,3,0.0,disagreement,3,2
abt-buy_0149,590,False,False,False,False,False,False,False,False,False,False,True,False,0,3,0.0,disagreement,3,2
abt-buy_0150,589,False,False,False,False,False,False,False,False,False,False,True,False,0,3,0.0,disagreement,3,2
abt-buy_0151,668,False,False,False,False,False,False,False,False,False,False,True,False,0,3,0.0,disagreement,3,2
abt-buy_0152,114,False,False,False,False,False,False,False,False,False,False,True,False,0,3,0.0,disagreement,3,2
abt-buy_0153,643,False,False,False,False,False,False,False,False,False,False,True,False,0,3,0.0,disagreement,3,2
abt-buy_0154,164,False,False,False,False,False,False,False,False,False,False,True,False,0,3,0.0,disagreement,3,2
abt-buy_0155,200,False,False,False,False,False,False,False,False,False,False,True,False,0,3,0.0,disagreement,3,2
abt-buy_0156,162,False,False,False,False,False,False,False,False,False,False,True,False,0,3,0.0,disagreement,3,2
abt-buy_0157,138,False,False,False,False,False,False,False,False,False,False,True,False,0,3,0.0,disagreement,3,2
abt-buy_0158,155,False,False,False,False,False,False,False,False,False,False,True,False,0,3,0.0,disagreement,3,2
abt-buy_0159,426,False,False,False,False,False,False,False,False,False,False,True,False,0,3,0.0,disagreement,3,2
abt-buy_0160,402,False,False,False,False,False,False,False,False,False,False,True,False,0,3,0.0,disagreement,3,2
abt-buy_0161,198,False,False,False,False,False,False,False,False,False,False,True,False,0,3,0.0,disagreement,3,2
abt-buy_0162,1050,False,False,False,False,False,False,False,False,False,False,True,False,0,3,0.0,disagreement,3,2
abt-buy_0163,144,False,False,False,False,False,False,False,False,False,False,True,False,0,3,0.0,disagreement,3,2
abt-buy_0164,149,False,False,False,False,False,False,False,False,False,False,True,False,0,3,0.0,disagreement,3,2
abt-buy_0165,1003,False,False,False,False,False,False,False,False,False,False,True,False,0,3,0.0,disagreement,3,2
abt-buy_0166,1008,False,False,False,False,False,False,False,False,False,False,True,False,0,3,0.0,disagreement,3,2
abt-buy_0167,222,False,False,False,False,False,False,False,False,False,False,True,False,0,3,0.0,disagreement,3,2
abt-buy_0168,223,False,False,False,False,False,False,False,False,False,False,True,False,0,3,0.0,disagreement,3,2
abt-buy_0169,664,False,False,False,False,False,False,False,False,False,False,True,False,0,3,0.0,disagreement,3,2
abt-buy_0170,203,False,False,False,False,False,False,False,False,False,False,True,False,0,3,0.0,disagreement,3,2
abt-buy_0171,82,False,False,False,False,False,False,False,False,False,False,True,False,0,3,0.0,disagreement,3,2
abt-buy_0172,173,False,False,False,False,False,False,False,False,False,False,True,False,0,3,0.0,disagreement,3,2
abt-buy_0173,194,False,False,False,False,False,False,False,False,False,False,True,False,0,3,0.0,disagreement,3,2
abt-buy_0174,206,False,False,False,False,False,False,False,False,False,False,True,False,0,3,0.0,disagreement,3,2
abt-buy_0175,121,False,False,False,False,False,False,False,False,False,False,True,False,0,3,0.0,disagreement,3,2
abt-buy_0176,888,False,False,False,False,False,False,False,False,False,False,True,False,0,3,0.0,disagreement,3,2
abt-buy_0177,150,False,False,False,False,False,False,False,False,False,False,True,False,0,3,0.0,disagreement,3,2
abt-buy_0178,434,False,False,False,False,False,False,False,False,False,False,True,False,0,3,0.0,disagreement,3,2
abt-buy_0179,433,False,False,False,False,False,False,False,False,False,False,True,False,0,3,0.0,disagreement,3,2
abt-buy_0180,366,False,False,False,False,False,False,False,False,False,False,True,False,0,3,0.0,disagreement,3,2
abt-buy_0181,185,False,False,False,False,False,False,False,False,False,False,True,False,0,3,0.0,disagreement,3,2
abt-buy_0182,355,False,False,False,False,False,False,False,False,False,False,True,False,0,3,0.0,disagreement,3,2
abt-buy_0183,286,False,False,False,False,False,False,False,False,False,False,True,False,0,3,0.0,disagreement,3,2
abt-buy_0184,145,False,False,False,False,False,False,False,False,False,False,True,False,0,3,0.0,disagreement,3,2
abt-buy_0185,282,False,False,False,False,False,False,False,False,False,False,True,False,0,3,0.0,disagreement,3,2
abt-buy_0186,184,False,False,False,False,False,False,False,False,False,False,True,False,0,3,0.0,disagreement,3,2
abt-buy_0187,206,False,False,False,False,False,False,False,False,False,False,True,False,0,3,0.0,disagreement,3,2
abt-buy_0188,196,False,False,False,False,False,False,False,False,False,False,True,False,0,3,0.0,disagreement,3,2
abt-buy_0189,220,False,False,False,False,False,False,False,False,False,False,True,False,0,3,0.0,disagreement,3,2
abt-buy_0190,218,False,False,False,False,False,False,False,False,False,False,True,False,0,3,0.0,disagreement,3,2
abt-buy_0191,427,False,False,False,False,False,False,False,False,False,False,True,False,0,3,0.0,disagreement,3,2
abt-buy_0192,398,False,False,False,False,False,False,False,False,False,False,True,False,0,3,0.0,disagreement,3,2
abt-buy_0193,372,False,False,False,False,False,False,False,False,False,False,True,False,0,3,0.0,disagreement,3,2
abt-buy_0194,784,False,False,False,False,False,False,False,False,False,False,True,False,0,3,0.0,disagreement,3,2
abt-buy_0195,234,False,False,False,False,False,False,False,False,False,False,True,False,0,3,0.0,disagreement,3,2
abt-buy_0196,792,False,False,False,False,False,False,False,False,False,False,True,False,0,3,0.0,disagreement,3,2
abt-buy_0197,353,False,False,False,False,False,False,False,False,False,False,True,False,0,3,0.0,disagreement,3,2
abt-buy_0198,209,False,False,False,False,False,False,False,False,False,False,True,False,0,3,0.0,disagreement,3,2
abt-buy_0199,419,False,False,False,False,False,False,False,False,False,False,True,False,0,3,0.0,disagreement,3,2
abt-buy_0200,493,False,False,False,False,False,False,False,False,False,False,True,False,0,3,0.0,disagreement,3,2
abt-buy_0201,1048,False,False,False,False,False,False,False,False,False,False,True,False,0,3,0.0,disagreement,3,2
abt-buy_0202,1052,False,False,False,False,False,False,False,False,False,False,True,False,0,3,0.0,disagreement,3,2
abt-buy_0203,329,False,False,False,False,False,False,False,False,False,False,True,False,0,3,0.0,disagreement,3,2
abt-buy_0204,257,False,False,False,False,False,False,False,False,False,False,True,False,0,3,0.0,disagreement,3,2
abt-buy_0205,280,False,False,False,False,False,False,False,False,False,False,True,False,0,3,0.0,disagreement,3,2
abt-buy_0206,421,False,False,False,False,False,False,False,False,False,False,True,False,0,3,0.0,disagreement,3,2
abt-buy_0207,393,False,False,False,False,False,False,False,False,False,False,True,False,0,3,0.0,disagreement,3,2
abt-buy_0208,318,False,False,False,False,False,False,False,False,False,False,True,False,0,3,0.0,disagreement,3,2
abt-buy_0209,1057,False,False,False,False,False,False,False,False,False,False,True,False,0,3,0.0,disagreement,3,2
abt-buy_0210,360,False,False,False,False,False,False,False,False,False,False,True,False,0,3,0.0,disagreement,3,2
abt-buy_0211,432,False,False,False,False,False,False,False,False,False,False,True,False,0,3,0.0,disagreement,3,2
abt-buy_0212,787,False,False,False,False,False,False,False,False,False,False,True,False,0,3,0.0,disagreement,3,2
abt-buy_0213,244,False,False,False,False,False,False,False,False,False,False,True,False,0,3,0.0,disagreement,3,2
abt-buy_0214,258,False,False,False,False,False,False,False,False,False,False,True,False,0,3,0.0,disagreement,3,2
abt-buy_0215,221,False,False,False,False,False,False,False,False,False,False,True,False,0,3,0.0,disagreement,3,2
abt-buy_0216,188,False,False,False,False,False,False,False,False,False,False,True,False,0,3,0.0,disagreement,3,2
abt-buy_0217,67,False,False,False,False,False,False,False,False,False,False,True,False,0,3,0.0,disagreement,3,2
abt-buy_0218,108,False,False,False,False,False,False,False,False,False,False,True,False,0,3,0.0,disagreement,3,2
abt-buy_0219,186,False,False,False,False,False,False,False,False,False,False,True,False,0,3,0.0,disagreement,3,2
abt-buy_0220,229,False,False,False,False,False,False,False,False,False,False,True,False,0,3,0.0,disagreement,3,2
abt-buy_0221,212,False,False,False,False,False,False,False,False,False,False,True,False,0,3,0.0,disagreement,3,2
abt-buy_0222,230,False,False,False,False,False,False,False,False,False,False,True,False,0,3,0.0,disagreement,3,2
abt-buy_0223,211,False,False,False,False,False,False,False,False,False,False,True,False,0,3,0.0,disagreement,3,2
abt-buy_0224,287,False,False,False,False,False,False,False,False,False,False,True,False,0,3,0.0,disagreement,3,2
abt-buy_0225,420,False,False,False,False,False,False,False,False,False,False,True,False,0,3,0.0,disagreement,3,2
abt-buy_0226,213,False,False,False,False,False,False,False,False,False,False,True,False,0,3,0.0,disagreement,3,2
abt-buy_0227,248,False,False,False,False,False,False,False,False,False,False,True,False,0,3,0.0,disagreement,3,2
abt-buy_0228,214,False,False,False,False,False,False,False,False,False,False,True,False,0,3,0.0,disagreement,3,2
abt-buy_0229,245,False,False,False,False,False,False,False,False,False,False,True,False,0,3,0.0,disagreement,3,2
abt-buy_0230,339,False,False,False,False,False,False,False,False,False,False,True,False,0,3,0.0,disagreement,3,2
abt-buy_0231,1074,False,False,False,False,False,False,False,False,False,False,True,False,0,3,0.0,disagreement,3,2
abt-buy_0232,375,False,False,False,False,False,False,False,False,False,False,True,False,0,3,0.0,disagreement,3,2
abt-buy_0233,1051,False,False,False,False,False,False,False,False,False,False,True,False,0,3,0.0,disagreement,3,2
abt-buy_0234,838,False,False,False,False,False,False,False,False,False,False,True,False,0,3,0.0,disagreement,3,2
abt-buy_0235,174,False,False,False,False,False,False,False,False,False,False,True,False,0,3,0.0,disagreement,3,2
abt-buy_0236,251,False,False,False,False,False,False,False,False,False,False,True,False,0,3,0.0,disagreement,3,2
abt-buy_0237,241,False,False,False,False,False,False,False,False,False,False,True,False,0,3,0.0,disagreement,3,2
abt-buy_0238,377,False,False,False,False,False,False,False,False,False,False,True,False,0,3,0.0,disagreement,3,2
abt-buy_0239,267,False,False,False,False,False,False,False,False,False,False,True,False,0,3,0.0,disagreement,3,2
abt-buy_0240,289,False,False,False,False,False,False,False,False,False,False,True,False,0,3,0.0,disagreement,3,2
abt-buy_0241,559,False,False,False,False,False,False,False,False,False,False,True,False,0,3,0.0,disagreement,3,2
abt-buy_0242,507,False,False,False,False,False,False,False,False,False,False,True,False,0,3,0.0,disagreement,3,2
abt-buy_0243,271,False,False,False,False,False,False,False,False,False,False,True,False,0,3,0.0,disagreement,3,2
abt-buy_0244,290,False,False,False,False,False,False,False,False,False,False,True,False,0,3,0.0,disagreement,3,2
abt-buy_0245,309,False,False,False,False,False,False,False,False,False,False,True,False,0,3,0.0,disagreement,3,2
abt-buy_0246,269,False,False,False,False,False,False,False,False,False,False,True,False,0,3,0.0,disagreement,3,2
abt-buy_0247,268,False,False,False,False,False,False,False,False,False,False,True,False,0,3,0.0,disagreement,3,2
abt-buy_0248,270,False,False,False,False,False,False,False,False,False,False,True,False,0,3,0.0,disagreement,3,2
abt-buy_0249,253,False,False,False,False,False,False,False,False,False,False,True,False,0,3,0.0,disagreement,3,2
abt-buy_0250,231,False,False,False,False,False,False,False,False,False,False,True,False,0,3,0.0,disagreement,3,2
abt-buy_0251,141,False,False,False,False,False,False,False,False,False,False,True,False,0,3,0.0,disagreement,3,2
abt-buy_0252,52,False,False,False,False,False,False,False,False,False,False,True,False,0,3,0.0,disagreement,3,2
abt-buy_0253,112,False,False,False,False,False,False,False,False,False,False,True,False,0,3,0.0,disagreement,3,2
abt-buy_0254,187,False,False,False,False,False,False,False,False,False,False,True,False,0,3,0.0,disagreement,3,2
abt-buy_0255,1054,False,False,False,False,False,False,False,False,False,False,True,False,0,3,0.0,disagreement,3,2
abt-buy_0256,361,False,False,False,False,False,False,False,False,False,False,True,False,0,3,0.0,disagreement,3,2
abt-buy_0257,969,False,False,False,False,False,False,False,False,False,False,True,False,0,3,0.0,disagreement,3,2
abt-buy_0258,137,False,False,False,False,False,False,False,False,False,False,True,False,0,3,0.0,disagreement,3,2
abt-buy_0259,224,False,False,False,False,False,False,False,False,False,False,True,False,0,3,0.0,disagreement,3,2
abt-buy_0260,1030,False,False,False,False,False,False,False,False,False,False,True,False,0,3,0.0,disagreement,3,2
abt-buy_0261,274,False,False,False,False,False,False,False,False,False,False,True,False,0,3,0.0,disagreement,3,2
abt-buy_0262,240,False,False,False,False,False,False,False,False,False,False,True,False,0,3,0.0,disagreement,3,2
abt-buy_0263,668,False,False,False,False,False,False,False,False,False,False,True,False,0,3,0.0,disagreement,3,2
abt-buy_0264,974,False,False,False,False,False,False,False,False,False,False,True,False,0,3,0.0,disagreement,3,2
abt-buy_0265,239,False,False,False,False,False,False,False,False,False,False,True,False,0,3,0.0,disagreement,3,2
abt-buy_0266,855,False,False,False,False,False,False,False,False,False,False,True,False,0,3,0.0,disagreement,3,2
abt-buy_0267,126,False,False,False,False,False,False,False,False,False,False,True,False,0,3,0.0,disagreement,3,2
abt-buy_0268,122,False,False,False,False,False,False,False,False,False,False,True,False,0,3,0.0,disagreement,3,2
abt-buy_0269,124,False,False,False,False,False,False,False,False,False,False,True,False,0,3,0.0,disagreement,3,2
abt-buy_0270,301,False,False,False,False,False,False,False,False,False,False,True,False,0,3,0.0,disagreement,3,2
abt-buy_0271,297,False,False,False,False,False,False,False,False,False,False,True,False,0,3,0.0,disagreement,3,2
abt-buy_0272,272,False,False,False,False,False,False,False,False,False,False,True,False,0,3,0.0,disagreement,3,2
abt-buy_0273,273,False,False,False,False,False,False,False,False,False,False,True,False,0,3,0.0,disagreement,3,2
abt-buy_0274,279,False,False,False,False,False,False,False,False,False,False,True,False,0,3,0.0,disagreement,3,2
abt-buy_0275,640,False,False,False,False,False,False,False,False,False,False,True,False,0,3,0.0,disagreement,3,2
abt-buy_0276,1079,False,False,False,False,False,False,False,False,False,False,True,False,0,3,0.0,disagreement,3,2
abt-buy_0277,1071,False,False,False,False,False,False,False,False,False,False,True,False,0,3,0.0,disagreement,3,2
abt-buy_0278,416,False,False,False,False,False,False,False,False,False,False,True,False,0,3,0.0,disagreement,3,2
abt-buy_0279,292,False,False,False,False,False,False,False,False,False,False,True,False,0,3,0.0,disagreement,3,2
abt-buy_0280,313,False,False,False,False,False,False,False,False,False,False,True,False,0,3,0.0,disagreement,3,2
abt-buy_0281,333,False,False,False,False,False,False,False,False,False,False,True,False,0,3,0.0,disagreement,3,2
abt-buy_0282,788,False,False,False,False,False,False,False,False,False,False,True,False,0,3,0.0,disagreement,3,2
abt-buy_0283,1077,False,False,False,False,False,False,False,False,False,False,True,False,0,3,0.0,disagreement,3,2
abt-buy_0284,337,False,False,False,False,False,False,False,False,False,False,True,False,0,3,0.0,disagreement,3,2
abt-buy_0285,391,False,False,False,False,False,False,False,False,False,False,True,False,0,3,0.0,disagreement,3,2
abt-buy_0286,291,False,False,False,False,False,False,False,False,False,False,True,False,0,3,0.0,disagreement,3,2
abt-buy_0287,422,False,False,False,False,False,False,False,False,False,False,True,False,0,3,0.0,disagreement,3,2
abt-buy_0288,321,False,False,False,False,False,False,False,False,False,False,True,False,0,3,0.0,disagreement,3,2
abt-buy_0289,381,False,False,False,False,False,False,False,False,False,False,True,False,0,3,0.0,disagreement,3,2
abt-buy_0290,306,False,False,False,False,False,False,False,False,False,False,True,False,0,3,0.0,disagreement,3,2
abt-buy_0291,275,False,False,False,False,False,False,False,False,False,False,True,False,0,3,0.0,disagreement,3,2
abt-buy_0292,403,False,False,False,False,False,False,False,False,False,False,True,False,0,3,0.0,disagreement,3,2
abt-buy_0293,311,False,False,False,False,False,False,False,False,False,False,True,False,0,3,0.0,disagreement,3,2
abt-buy_0294,978,False,False,False,False,False,False,False,False,False,False,True,False,0,3,0.0,disagreement,3,2
abt-buy_0295,491,False,False,False,False,False,False,False,False,False,False,True,False,0,3,0.0,disagreement,3,2
abt-buy_0296,519,False,False,False,False,False,False,False,False,False,False,True,False,0,3,0.0,disagreement,3,2
abt-buy_0297,518,False,False,False,False,False,False,False,False,False,False,True,False,0,3,0.0,disagreement,3,2
abt-buy_0298,340,False,False,False,False,False,False,False,False,False,False,True,False,0,3,0.0,disagreement,3,2
abt-buy_0299,341,False,False,False,False,False,False,False,False,False,False,True,False,0,3,0.0,disagreement,3,2
abt-buy_0300,349,False,False,False,False,False,False,False,False,False,False,True,False,0,3,0.0,disagreement,3,2
abt-buy_0301,364,False,False,False,False,False,False,False,False,False,False,True,False,0,3,0.0,disagreement,3,2
abt-buy_0302,342,False,False,False,False,False,False,False,False,False,False,True,False,0,3,0.0,disagreement,3,2
abt-buy_0303,556,False,False,False,False,False,False,False,False,False,False,True,False,0,3,0.0,disagreement,3,2
abt-buy_0304,448,False,False,False,False,False,False,False,False,False,False,True,False,0,3,0.0,disagreement,3,2
abt-buy_0305,588,False,False,False,False,False,False,False,False,False,False,True,False,0,3,0.0,disagreement,3,2
abt-buy_0306,316,False,False,False,False,False,False,False,False,False,False,True,False,0,3,0.0,disagreement,3,2
abt-buy_0307,343,False,False,False,False,False,False,False,False,False,False,True,False,0,3,0.0,disagreement,3,2
abt-buy_0308,346,False,False,False,False,False,False,False,False,False,False,True,False,0,3,0.0,disagreement,3,2
abt-buy_0309,399,False,False,False,False,False,False,False,False,False,False,True,False,0,3,0.0,disagreement,3,2
abt-buy_0310,807,False,False,False,False,False,False,False,False,False,False,True,False,0,3,0.0,disagreement,3,2
abt-buy_0311,299,False,False,False,False,False,False,False,False,False,False,True,False,0,3,0.0,disagreement,3,2
abt-buy_0312,300,False,False,False,False,False,False,False,False,False,False,True,False,0,3,0.0,disagreement,3,2
abt-buy_0313,298,False,False,False,False,False,False,False,False,False,False,True,False,0,3,0.0,disagreement,3,2
abt-buy_0314,302,False,False,False,False,False,False,False,False,False,False,True,False,0,3,0.0,disagreement,3,2
abt-buy_0315,303,False,False,False,False,False,False,False,False,False,False,True,False,0,3,0.0,disagreement,3,2
abt-buy_0316,306,False,False,False,False,False,False,False,False,False,False,True,False,0,3,0.0,disagreement,3,2
abt-buy_0317,957,False,False,False,False,False,False,False,False,False,False,True,False,0,3,0.0,disagreement,3,2
abt-buy_0318,821,False,False,False,False,False,False,False,False,False,False,True,False,0,3,0.0,disagreement,3,2
abt-buy_0319,865,False,False,False,False,False,False,False,False,False,False,True,False,0,3,0.0,disagreement,3,2
abt-buy_0320,327,False,False,False,False,False,False,False,False,False,False,True,False,0,3,0.0,disagreement,3,2
abt-buy_0321,358,False,False,False,False,False,False,False,False,False,False,True,False,0,3,0.0,disagreement,3,2
abt-buy_0322,354,False,False,False,False,False,False,False,False,False,False,True,False,0,3,0.0,disagreement,3,2
abt-buy_0323,394,False,False,False,False,False,False,False,False,False,False,True,False,0,3,0.0,disagreement,3,2
abt-buy_0324,347,False,False,False,False,False,False,False,False,False,False,True,False,0,3,0.0,disagreement,3,2
abt-buy_0325,1020,False,False,False,False,False,False,False,False,False,False,True,False,0,3,0.0,disagreement,3,2
abt-buy_0326,601,False,False,False,False,False,False,False,False,False,False,True,False,0,3,0.0,disagreement,3,2
abt-buy_0327,808,False,False,False,False,False,False,False,False,False,False,True,False,0,3,0.0,disagreement,3,2
abt-buy_0328,365,False,False,False,False,False,False,False,False,False,False,True,False,0,3,0.0,disagreement,3,2
abt-buy_0329,1060,False,False,False,False,False,False,False,False,False,False,True,False,0,3,0.0,disagreement,3,2
abt-buy_0330,344,False,False,False,False,False,False,False,False,False,False,True,False,0,3,0.0,disagreement,3,2
abt-buy_0331,455,False,False,False,False,False,False,False,False,False,False,True,False,0,3,0.0,disagreement,3,2
abt-buy_0332,586,False,False,False,False,False,False,False,False,False,False,True,False,0,3,0.0,disagreement,3,2
abt-buy_0333,413,False,False,False,False,False,False,False,False,False,False,True,False,0,3,0.0,disagreement,3,2
abt-buy_0334,386,False,False,False,False,False,False,False,False,False,False,True,False,0,3,0.0,disagreement,3,2
abt-buy_0335,388,False,False,False,False,False,False,False,False,False,False,True,False,0,3,0.0,disagreement,3,2
abt-buy_0336,387,False,False,False,False,False,False,False,False,False,False,True,False,0,3,0.0,disagreement,3,2
abt-buy_0337,389,False,False,False,False,False,False,False,False,False,False,True,False,0,3,0.0,disagreement,3,2
abt-buy_0338,178,False,False,False,False,False,False,False,False,False,False,True,False,0,3,0.0,disagreement,3,2
abt-buy_0339,649,False,False,False,False,False,False,False,False,False,False,True,False,0,3,0.0,disagreement,3,2
abt-buy_0340,428,False,False,False,False,False,False,False,False,False,False,True,False,0,3,0.0,disagreement,3,2
abt-buy_0341,401,False,False,False,False,False,False,False,False,False,False,True,False,0,3,0.0,disagreement,3,2
abt-buy_0342,409,False,False,False,False,False,False,False,False,False,False,True,False,0,3,0.0,disagreement,3,2
abt-buy_0343,1035,False,False,False,False,False,False,False,False,False,False,True,False,0,3,0.0,disagreement,3,2
abt-buy_0344,370,False,False,False,False,False,False,False,False,False,False,True,False,0,3,0.0,disagreement,3,2
abt-buy_0345,382,False,False,False,False,False,False,False,False,False,False,True,False,0,3,0.0,disagreement,3,2
abt-buy_0346,368,False,False,False,False,False,False,False,False,False,False,True,False,0,3,0.0,disagreement,3,2
abt-buy_0347,369,False,False,False,False,False,False,False,False,False,False,True,False,0,3,0.0,disagreement,3,2
abt-buy_0348,527,False,False,False,False,False,False,False,False,False,False,True,False,0,3,0.0,disagreement,3,2
abt-buy_0349,761,False,False,False,False,False,False,False,False,False,False,True,False,0,3,0.0,disagreement,3,2
abt-buy_0350,806,False,False,False,False,False,False,False,False,False,False,True,False,0,3,0.0,disagreement,3,2
abt-buy_0351,312,False,False,False,False,False,False,False,False,False,False,True,False,0,3,0.0,disagreement,3,2
abt-buy_0352,371,False,False,False,False,False,False,False,False,False,False,True,False,0,3,0.0,disagreement,3,2
abt-buy_0353,320,False,False,False,False,False,False,False,False,False,False,True,False,0,3,0.0,disagreement,3,2
abt-buy_0354,362,False,False,False,False,False,False,False,False,False,False,True,False,0,3,0.0,disagreement,3,2
abt-buy_0355,106,False,False,False,False,False,False,False,False,False,False,True,False,0,3,0.0,disagreement,3,2
abt-buy_0356,781,False,False,False,False,False,False,False,False,False,False,True,False,0,3,0.0,disagreement,3,2
abt-buy_0357,210,False,False,False,False,False,False,False,False,False,False,True,False,0,3,0.0,disagreement,3,2
abt-buy_0358,460,False,False,False,False,False,False,False,False,False,False,True,False,0,3,0.0,disagreement,3,2
abt-buy_0359,539,False,False,False,False,False,False,False,False,False,False,True,False,0,3,0.0,disagreement,3,2
abt-buy_0360,1024,False,False,False,False,False,False,False,False,False,False,True,False,0,3,0.0,disagreement,3,2
abt-buy_0361,1019,False,False,False,False,False,False,False,False,False,False,True,False,0,3,0.0,disagreement,3,2
abt-buy_0362,617,False,False,False,False,False,False,False,False,False,False,True,False,0,3,0.0,disagreement,3,2
abt-buy_0363,407,False,False,False,False,False,False,False,False,False,False,True,False,0,3,0.0,disagreement,3,2
abt-buy_0364,367,False,False,False,False,False,False,False,False,False,False,True,False,0,3,0.0,disagreement,3,2
abt-buy_0365,1023,False,False,False,False,False,False,False,False,False,False,True,False,0,3,0.0,disagreement,3,2
abt-buy_0366,825,False,False,False,False,False,False,False,False,False,False,True,False,0,3,0.0,disagreement,3,2
abt-buy_0367,24,False,False,False,False,False,False,False,False,False,False,True,False,0,3,0.0,disagreement,3,2
abt-buy_0368,264,False,False,False,False,False,False,False,False,False,False,True,False,0,3,0.0,disagreement,3,2
abt-buy_0369,442,False,False,False,False,False,False,False,False,False,False,True,False,0,3,0.0,disagreement,3,2
abt-buy_0370,489,False,False,False,False,False,False,False,False,False,False,True,False,0,3,0.0,disagreement,3,2
abt-buy_0371,235,False,False,False,False,False,False,False,False,False,False,True,False,0,3,0.0,disagreement,3,2
abt-buy_0372,1033,False,False,False,False,False,False,False,False,False,False,True,False,0,3,0.0,disagreement,3,2
abt-buy_0373,304,False,False,False,False,False,False,False,False,False,False,True,False,0,3,0.0,disagreement,3,2
abt-buy_0374,397,False,False,False,False,False,False,False,False,False,False,True,False,0,3,0.0,disagreement,3,2
abt-buy_0375,951,False,False,False,False,False,False,False,False,False,False,True,False,0,3,0.0,disagreement,3,2
abt-buy_0376,892,False,False,False,False,False,False,False,False,False,False,True,False,0,3,0.0,disagreement,3,2
abt-buy_0377,555,False,False,False,False,False,False,False,False,False,False,True,False,0,3,0.0,disagreement,3,2
abt-buy_0378,864,False,False,False,False,False,False,False,False,False,False,True,False,0,3,0.0,disagreement,3,2
abt-buy_0379,656,False,False,False,False,False,False,False,False,False,False,True,False,0,3,0.0,disagreement,3,2
abt-buy_0380,454,False,False,False,False,False,False,False,False,False,False,True,False,0,3,0.0,disagreement,3,2
abt-buy_0381,451,False,False,False,False,False,False,False,False,False,False,True,False,0,3,0.0,disagreement,3,2
abt-buy_0382,453,False,False,False,False,False,False,False,False,False,False,True,False,0,3,0.0,disagreement,3,2
abt-buy_0383,459,False,False,False,False,False,False,False,False,False,False,True,False,0,3,0.0,disagreement,3,2
abt-buy_0384,458,False,False,False,False,False,False,False,False,False,False,True,False,0,3,0.0,disagreement,3,2
abt-buy_0385,457,False,False,False,False,False,False,False,False,False,False,True,False,0,3,0.0,disagreement,3,2
abt-buy_0386,456,False,False,False,False,False,False,False,False,False,False,True,False,0,3,0.0,disagreement,3,2
abt-buy_0387,525,False,False,False,False,False,False,False,False,False,False,True,False,0,3,0.0,disagreement,3,2
abt-buy_0388,429,False,False,False,False,False,False,False,False,False,False,True,False,0,3,0.0,disagreement,3,2
abt-buy_0389,757,False,False,False,False,False,False,False,False,False,False,True,False,0,3,0.0,disagreement,3,2
abt-buy_0390,535,False,False,False,False,False,False,False,False,False,False,True,False,0,3,0.0,disagreement,3,2
abt-buy_0391,595,False,False,False,False,False,False,False,False,False,False,True,False,0,3,0.0,disagreement,3,2
abt-buy_0392,1070,False,False,False,False,False,False,False,False,False,False,True,False,0,3,0.0,disagreement,3,2
abt-buy_0393,831,False,False,False,False,False,False,False,False,False,False,True,False,0,3,0.0,disagreement,3,2
abt-buy_0394,278,False,False,False,False,False,False,False,False,False,False,True,False,0,3,0.0,disagreement,3,2
abt-buy_0395,605,False,False,False,False,False,False,False,False,False,False,True,False,0,3,0.0,disagreement,3,2
abt-buy_0396,606,False,False,False,False,False,False,False,False,False,False,True,False,0,3,0.0,disagreement,3,2
abt-buy_0397,607,False,False,False,False,False,False,False,False,False,False,True,False,0,3,0.0,disagreement,3,2
abt-buy_0398,1046,False,False,False,False,False,False,False,False,False,False,True,False,0,3,0.0,disagreement,3,2
abt-buy_0399,599,False,False,False,False,False,False,False,False,False,False,True,False,0,3,0.0,disagreement,3,2
abt-buy_0400,494,False,False,False,False,False,False,False,False,False,False,True,False,0,3,0.0,disagreement,3,2
abt-buy_0401,495,False,False,False,False,False,False,False,False,False,False,True,False,0,3,0.0,disagreement,3,2
abt-buy_0402,762,False,False,False,False,False,False,False,False,False,False,True,False,0,3,0.0,disagreement,3,2
abt-buy_0403,284,False,False,False,False,False,False,False,False,False,False,True,False,0,3,0.0,disagreement,3,2
abt-buy_0404,379,False,False,False,False,False,False,False,False,False,False,True,False,0,3,0.0,disagreement,3,2
abt-buy_0405,810,False,False,False,False,False,False,False,False,False,False,True,False,0,3,0.0,disagreement,3,2
abt-buy_0406,522,False,False,False,False,False,False,False,False,False,False,True,False,0,3,0.0,disagreement,3,2
abt-buy_0407,521,False,False,False,False,False,False,False,False,False,False,True,False,0,3,0.0,disagreement,3,2
abt-buy_0408,523,False,False,False,False,False,False,False,False,False,False,True,False,0,3,0.0,disagreement,3,2
abt-buy_0409,520,False,False,False,False,False,False,False,False,False,False,True,False,0,3,0.0,disagreement,3,2
abt-buy_0410,767,False,False,False,False,False,False,False,False,False,False,True,False,0,3,0.0,disagreement,3,2
abt-buy_0411,891,False,False,False,False,False,False,False,False,False,False,True,False,0,3,0.0,disagreement,3,2
abt-buy_0412,490,False,False,False,False,False,False,False,False,False,False,True,False,0,3,0.0,disagreement,3,2
abt-buy_0413,487,False,False,False,False,False,False,False,False,False,False,True,False,0,3,0.0,disagreement,3,2
abt-buy_0414,998,False,False,False,False,False,False,False,False,False,False,True,False,0,3,0.0,disagreement,3,2
abt-buy_0415,488,False,False,False,False,False,False,False,False,False,False,True,False,0,3,0.0,disagreement,3,2
abt-buy_0416,600,False,False,False,False,False,False,False,False,False,False,True,False,0,3,0.0,disagreement,3,2
abt-buy_0417,526,False,False,False,False,False,False,False,False,False,False,True,False,0,3,0.0,disagreement,3,2
abt-buy_0418,515,False,False,False,False,False,False,False,False,False,False,True,False,0,3,0.0,disagreement,3,2
abt-buy_0419,514,False,False,False,False,False,False,False,False,False,False,True,False,0,3,0.0,disagreement,3,2
abt-buy_0420,516,False,False,False,False,False,False,False,False,False,False,True,False,0,3,0.0,disagreement,3,2
abt-buy_0421,513,False,False,False,False,False,False,False,False,False,False,True,False,0,3,0.0,disagreement,3,2
abt-buy_0422,486,False,False,False,False,False,False,False,False,False,False,True,False,0,3,0.0,disagreement,3,2
abt-buy_0423,406,False,False,False,False,False,False,False,False,False,False,True,False,0,3,0.0,disagreement,3,2
abt-buy_0424,503,False,False,False,False,False,False,False,False,False,False,True,False,0,3,0.0,disagreement,3,2
abt-buy_0425,441,False,False,False,False,False,False,False,False,False,False,True,False,0,3,0.0,disagreement,3,2
abt-buy_0426,701,False,False,False,False,False,False,False,False,False,False,True,False,0,3,0.0,disagreement,3,2
abt-buy_0427,499,False,False,False,False,False,False,False,False,False,False,True,False,0,3,0.0,disagreement,3,2
abt-buy_0428,504,False,False,False,False,False,False,False,False,False,False,True,False,0,3,0.0,disagreement,3,2
abt-buy_0429,506,False,False,False,False,False,False,False,False,False,False,True,False,0,3,0.0,disagreement,3,2
abt-buy_0430,505,False,False,False,False,False,False,False,False,False,False,True,False,0,3,0.0,disagreement,3,2
abt-buy_0431,500,False,False,False,False,False,False,False,False,False,False,True,False,0,3,0.0,disagreement,3,2
abt-buy_0432,502,False,False,False,False,False,False,False,False,False,False,True,False,0,3,0.0,disagreement,3,2
abt-buy_0433,501,False,False,False,False,False,False,False,False,False,False,True,False,0,3,0.0,disagreement,3,2
abt-buy_0434,497,False,False,False,False,False,False,False,False,False,False,True,False,0,3,0.0,disagreement,3,2
abt-buy_0435,326,False,False,False,False,False,False,False,False,False,False,True,False,0,3,0.0,disagreement,3,2
abt-buy_0436,633,False,False,False,False,False,False,False,False,False,False,True,False,0,3,0.0,disagreement,3,2
abt-buy_0437,939,False,False,False,False,False,False,False,False,False,False,True,False,0,3,0.0,disagreement,3,2
abt-buy_0438,325,False,False,False,False,False,False,False,False,False,False,True,False,0,3,0.0,disagreement,3,2
abt-buy_0439,631,False,False,False,False,False,False,False,False,False,False,True,False,0,3,0.0,disagreement,3,2
abt-buy_0440,1076,False,False,False,False,False,False,False,False,False,False,True,False,0,3,0.0,disagreement,3,2
abt-buy_0441,336,False,False,False,False,False,False,False,False,False,False,True,False,0,3,0.0,disagreement,3,2
abt-buy_0442,383,False,False,False,False,False,False,False,False,False,False,True,False,0,3,0.0,disagreement,3,2
abt-buy_0443,608,False,False,False,False,False,False,False,False,False,False,True,False,0,3,0.0,disagreement,3,2
abt-buy_0444,446,False,False,False,False,False,False,False,False,False,False,True,False,0,3,0.0,disagreement,3,2
abt-buy_0445,901,False,False,False,False,False,False,False,False,False,False,True,False,0,3,0.0,disagreement,3,2
abt-buy_0446,461,False,False,False,False,False,False,False,False,False,False,True,False,0,3,0.0,disagreement,3,2
abt-buy_0447,465,False,False,False,False,False,False,False,False,False,False,True,False,0,3,0.0,disagreement,3,2
abt-buy_0448,467,False,False,False,False,False,False,False,False,False,False,True,False,0,3,0.0,disagreement,3,2
abt-buy_0449,470,False,False,False,False,False,False,False,False,False,False,True,False,0,3,0.0,disagreement,3,2
abt-buy_0450,440,False,False,False,False,False,False,False,False,False,False,True,False,0,3,0.0,disagreement,3,2
abt-buy_0451,443,False,False,False,False,False,False,False,False,False,False,True,False,0,3,0.0,disagreement,3,2
abt-buy_0452,444,False,False,False,False,False,False,False,False,False,False,True,False,0,3,0.0,disagreement,3,2
abt-buy_0453,575,False,False,False,False,False,False,False,False,False,False,True,False,0,3,0.0,disagreement,3,2
abt-buy_0454,597,False,False,False,False,False,False,False,False,False,False,True,False,0,3,0.0,disagreement,3,2
abt-buy_0455,576,False,False,False,False,False,False,False,False,False,False,True,False,0,3,0.0,disagreement,3,2
abt-buy_0456,624,False,False,False,False,False,False,False,False,False,False,True,False,0,3,0.0,disagreement,3,2
abt-buy_0457,886,False,False,False,False,False,False,False,False,False,False,True,False,0,3,0.0,disagreement,3,2
abt-buy_0458,670,False,False,False,False,False,False,False,False,False,False,True,False,0,3,0.0,disagreement,3,2
abt-buy_0459,561,False,False,False,False,False,False,False,False,False,False,True,False,0,3,0.0,disagreement,3,2
abt-buy_0460,541,False,False,False,False,False,False,False,False,False,False,True,False,0,3,0.0,disagreement,3,2
abt-buy_0461,517,False,False,False,False,False,False,False,False,False,False,True,False,0,3,0.0,disagreement,3,2
abt-buy_0462,511,False,False,False,False,False,False,False,False,False,False,True,False,0,3,0.0,disagreement,3,2
abt-buy_0463,548,False,False,False,False,False,False,False,False,False,False,True,False,0,3,0.0,disagreement,3,2
abt-buy_0464,551,False,False,False,False,False,False,False,False,False,False,True,False,0,3,0.0,disagreement,3,2
abt-buy_0465,549,False,False,False,False,False,False,False,False,False,False,True,False,0,3,0.0,disagreement,3,2
abt-buy_0466,558,False,False,False,False,False,False,False,False,False,False,True,False,0,3,0.0,disagreement,3,2
abt-buy_0467,557,False,False,False,False,False,False,False,False,False,False,True,False,0,3,0.0,disagreement,3,2
abt-buy_0468,553,False,False,False,False,False,False,False,False,False,False,True,False,0,3,0.0,disagreement,3,2
abt-buy_0469,524,False,False,False,False,False,False,False,False,False,False,True,False,0,3,0.0,disagreement,3,2
abt-buy_0470,992,False,False,False,False,False,False,False,False,False,False,True,False,0,3,0.0,disagreement,3,2
abt-buy_0471,466,False,False,False,False,False,False,False,False,False,False,True,False,0,3,0.0,disagreement,3,2
abt-buy_0472,468,False,False,False,False,False,False,False,False,False,False,True,False,0,3,0.0,disagreement,3,2
abt-buy_0473,469,False,False,False,False,False,False,False,False,False,False,True,False,0,3,0.0,disagreement,3,2
abt-buy_0474,791,False,False,False,False,False,False,False,False,False,False,True,False,0,3,0.0,disagreement,3,2
abt-buy_0475,596,False,False,False,False,False,False,False,False,False,False,True,False,0,3,0.0,disagreement,3,2
abt-buy_0476,986,False,False,False,False,False,False,False,False,False,False,True,False,0,3,0.0,disagreement,3,2
abt-buy_0477,485,False,False,False,False,False,False,False,False,False,False,True,False,0,3,0.0,disagreement,3,2
abt-buy_0478,508,False,False,False,False,False,False,False,False,False,False,True,False,0,3,0.0,disagreement,3,2
abt-buy_0479,758,False,False,False,False,False,False,False,False,False,False,True,False,0,3,0.0,disagreement,3,2
abt-buy_0480,509,False,False,False,False,False,False,False,False,False,False,True,False,0,3,0.0,disagreement,3,2
abt-buy_0481,390,False,False,False,False,False,False,False,False,False,False,True,False,0,3,0.0,disagreement,3,2
abt-buy_0482,769,False,False,False,False,False,False,False,False,False,False,True,False,0,3,0.0,disagreement,3,2
abt-buy_0483,613,False,False,False,False,False,False,False,False,False,False,True,False,0,3,0.0,disagreement,3,2
abt-buy_0484,363,False,False,False,False,False,False,False,False,False,False,True,False,0,3,0.0,disagreement,3,2
abt-buy_0485,663,False,False,False,False,False,False,False,False,False,False,True,False,0,3,0.0,disagreement,3,2
abt-buy_0486,770,False,False,False,False,False,False,False,False,False,False,True,False,0,3,0.0,disagreement,3,2
abt-buy_0487,1073,False,False,False,False,False,False,False,False,False,False,True,False,0,3,0.0,disagreement,3,2
abt-buy_0488,740,False,False,False,False,False,False,False,False,False,False,True,False,0,3,0.0,disagreement,3,2
abt-buy_0489,771,False,False,False,False,False,False,False,False,False,False,True,False,0,3,0.0,disagreement,3,2
abt-buy_0490,534,False,False,False,False,False,False,False,False,False,False,True,False,0,3,0.0,disagreement,3,2
abt-buy_0491,789,False,False,False,False,False,False,False,False,False,False,True,False,0,3,0.0,disagreement,3,2
abt-buy_0492,405,False,False,False,False,False,False,False,False,False,False,True,False,0,3,0.0,disagreement,3,2
abt-buy_0493,496,False,False,False,False,False,False,False,False,False,False,True,False,0,3,0.0,disagreement,3,2
abt-buy_0494,445,False,False,False,False,False,False,False,False,False,False,True,False,0,3,0.0,disagreement,3,2
abt-buy_0495,477,False,False,False,False,False,False,False,False,False,False,True,False,0,3,0.0,disagreement,3,2
abt-buy_0496,658,False,False,False,False,False,False,False,False,False,False,True,False,0,3,0.0,disagreement,3,2
abt-buy_0497,665,False,False,False,False,False,False,False,False,False,False,True,False,0,3,0.0,disagreement,3,2
abt-buy_0498,644,False,False,False,False,False,False,False,False,False,False,True,False,0,3,0.0,disagreement,3,2
abt-buy_0499,645,False,False,False,False,False,False,False,False,False,False,True,False,0,3,0.0,disagreement,3,2
abt-buy_0500,616,False,False,False,False,False,False,False,False,False,False,True,False,0,3,0.0,disagreement,3,2
abt-buy_0501,615,False,False,False,False,False,False,False,False,False,False,True,False,0,3,0.0,disagreement,3,2
abt-buy_0502,750,False,False,False,False,False,False,False,False,False,False,True,False,0,3,0.0,disagreement,3,2
abt-buy_0503,536,False,False,False,False,False,False,False,False,False,False,True,False,0,3,0.0,disagreement,3,2
abt-buy_0504,666,False,False,False,False,False,False,False,False,False,False,True,False,0,3,0.0,disagreement,3,2
abt-buy_0505,765,False,False,False,False,False,False,False,False,False,False,True,False,0,3,0.0,disagreement,3,2
abt-buy_0506,538,False,False,False,False,False,False,False,False,False,False,True,False,0,3,0.0,disagreement,3,2
abt-buy_0507,32,False,False,False,False,False,False,False,False,False,False,True,False,0,3,0.0,disagreement,3,2
abt-buy_0508,540,False,False,False,False,False,False,False,False,False,False,True,False,0,3,0.0,disagreement,3,2
abt-buy_0509,412,False,False,False,False,False,False,False,False,False,False,True,False,0,3,0.0,disagreement,3,2
abt-buy_0510,570,False,False,False,False,False,False,False,False,False,False,True,False,0,3,0.0,disagreement,3,2
abt-buy_0511,567,False,False,False,False,False,False,False,False,False,False,True,False,0,3,0.0,disagreement,3,2
abt-buy_0512,749,False,False,False,False,False,False,False,False,False,False,True,False,0,3,0.0,disagreement,3,2
abt-buy_0513,571,False,False,False,False,False,False,False,False,False,False,True,False,0,3,0.0,disagreement,3,2
abt-buy_0514,714,False,False,False,False,False,False,False,False,False,False,True,False,0,3,0.0,disagreement,3,2
abt-buy_0515,585,False,False,False,False,False,False,False,False,False,False,True,False,0,3,0.0,disagreement,3,2
abt-buy_0516,577,False,False,False,False,False,False,False,False,False,False,True,False,0,3,0.0,disagreement,3,2
abt-buy_0517,578,False,False,False,False,False,False,False,False,False,False,True,False,0,3,0.0,disagreement,3,2
abt-buy_0518,780,False,False,False,False,False,False,False,False,False,False,True,False,0,3,0.0,disagreement,3,2
abt-buy_0519,591,False,False,False,False,False,False,False,False,False,False,True,False,0,3,0.0,disagreement,3,2
abt-buy_0520,568,False,False,False,False,False,False,False,False,False,False,True,False,0,3,0.0,disagreement,3,2
abt-buy_0521,573,False,False,False,False,False,False,False,False,False,False,True,False,0,3,0.0,disagreement,3,2
abt-buy_0522,728,False,False,False,False,False,False,False,False,False,False,True,False,0,3,0.0,disagreement,3,2
abt-buy_0523,584,False,False,False,False,False,False,False,False,False,False,True,False,0,3,0.0,disagreement,3,2
abt-buy_0524,1061,False,False,False,False,False,False,False,False,False,False,True,False,0,3,0.0,disagreement,3,2
abt-buy_0525,492,False,False,False,False,False,False,False,False,False,False,True,False,0,3,0.0,disagreement,3,2
abt-buy_0526,636,False,False,False,False,False,False,False,False,False,False,True,False,0,3,0.0,disagreement,3,2
abt-buy_0527,512,False,False,False,False,False,False,False,False,False,False,True,False,0,3,0.0,disagreement,3,2
abt-buy_0528,510,False,False,False,False,False,False,False,False,False,False,True,False,0,3,0.0,disagreement,3,2
abt-buy_0529,569,False,False,False,False,False,False,False,False,False,False,True,False,0,3,0.0,disagreement,3,2
abt-buy_0530,621,False,False,False,False,False,False,False,False,False,False,True,False,0,3,0.0,disagreement,3,2
abt-buy_0531,583,False,False,False,False,False,False,False,False,False,False,True,False,0,3,0.0,disagreement,3,2
abt-buy_0532,662,False,False,False,False,False,False,False,False,False,False,True,False,0,3,0.0,disagreement,3,2
abt-buy_0533,659,False,False,False,False,False,False,False,False,False,False,True,False,0,3,0.0,disagreement,3,2
abt-buy_0534,661,False,False,False,False,False,False,False,False,False,False,True,False,0,3,0.0,disagreement,3,2
abt-buy_0535,660,False,False,False,False,False,False,False,False,False,False,True,False,0,3,0.0,disagreement,3,2
abt-buy_0536,472,False,False,False,False,False,False,False,False,False,False,True,False,0,3,0.0,disagreement,3,2
abt-buy_0537,471,False,False,False,False,False,False,False,False,False,False,True,False,0,3,0.0,disagreement,3,2
abt-buy_0538,582,False,False,False,False,False,False,False,False,False,False,True,False,0,3,0.0,disagreement,3,2
abt-buy_0539,973,False,False,False,False,False,False,False,False,False,False,True,False,0,3,0.0,disagreement,3,2
abt-buy_0540,744,False,False,False,False,False,False,False,False,False,False,True,False,0,3,0.0,disagreement,3,2
abt-buy_0541,581,False,False,False,False,False,False,False,False,False,False,True,False,0,3,0.0,disagreement,3,2
abt-buy_0542,937,False,False,False,False,False,False,False,False,False,False,True,False,0,3,0.0,disagreement,3,2
abt-buy_0543,971,False,False,False,False,False,False,False,False,False,False,True,False,0,3,0.0,disagreement,3,2
abt-buy_0544,655,False,False,False,False,False,False,False,False,False,False,True,False,0,3,0.0,disagreement,3,2
abt-buy_0545,473,False,False,False,False,False,False,False,False,False,False,True,False,0,3,0.0,disagreement,3,2
abt-buy_0546,679,False,False,False,False,False,False,False,False,False,False,True,False,0,3,0.0,disagreement,3,2
abt-buy_0547,609,False,False,False,False,False,False,False,False,False,False,True,False,0,3,0.0,disagreement,3,2
abt-buy_0548,726,False,False,False,False,False,False,False,False,False,False,True,False,0,3,0.0,disagreement,3,2
abt-buy_0549,966,False,False,False,False,False,False,False,False,False,False,True,False,0,3,0.0,disagreement,3,2
abt-buy_0550,887,False,False,False,False,False,False,False,False,False,False,True,False,0,3,0.0,disagreement,3,2
abt-buy_0551,592,False,False,False,False,False,False,False,False,False,False,True,False,0,3,0.0,disagreement,3,2
abt-buy_0552,593,False,False,False,False,False,False,False,False,False,False,True,False,0,3,0.0,disagreement,3,2
abt-buy_0553,591,False,False,False,False,False,False,False,False,False,False,True,False,0,3,0.0,disagreement,3,2
abt-buy_0554,580,False,False,False,False,False,False,False,False,False,False,True,False,0,3,0.0,disagreement,3,2
abt-buy_0555,804,False,False,False,False,False,False,False,False,False,False,True,False,0,3,0.0,disagreement,3,2
abt-buy_0556,612,False,False,False,False,False,False,False,False,False,False,True,False,0,3,0.0,disagreement,3,2
abt-buy_0557,805,False,False,False,False,False,False,False,False,False,False,True,False,0,3,0.0,disagreement,3,2
abt-buy_0558,618,False,False,False,False,False,False,False,False,False,False,True,False,0,3,0.0,disagreement,3,2
abt-buy_0559,610,False,False,False,False,False,False,False,False,False,False,True,False,0,3,0.0,disagreement,3,2
abt-buy_0560,716,False,False,False,False,False,False,False,False,False,False,True,False,0,3,0.0,disagreement,3,2
abt-buy_0561,338,False,False,False,False,False,False,False,False,False,False,True,False,0,3,0.0,disagreement,3,2
abt-buy_0562,822,False,False,False,False,False,False,False,False,False,False,True,False,0,3,0.0,disagreement,3,2
abt-buy_0563,815,False,False,False,False,False,False,False,False,False,False,True,False,0,3,0.0,disagreement,3,2
abt-buy_0564,817,False,False,False,False,False,False,False,False,False,False,True,False,0,3,0.0,disagreement,3,2
abt-buy_0565,816,False,False,False,False,False,False,False,False,False,False,True,False,0,3,0.0,disagreement,3,2
abt-buy_0566,638,False,False,False,False,False,False,False,False,False,False,True,False,0,3,0.0,disagreement,3,2
abt-buy_0567,642,False,False,False,False,False,False,False,False,False,False,True,False,0,3,0.0,disagreement,3,2
abt-buy_0568,818,False,False,False,False,False,False,False,False,False,False,True,False,0,3,0.0,disagreement,3,2
abt-buy_0569,641,False,False,False,False,False,False,False,False,False,False,True,False,0,3,0.0,disagreement,3,2
abt-buy_0570,529,False,False,False,False,False,False,False,False,False,False,True,False,0,3,0.0,disagreement,3,2
abt-buy_0571,574,False,False,False,False,False,False,False,False,False,False,True,False,0,3,0.0,disagreement,3,2
abt-buy_0572,464,False,False,False,False,False,False,False,False,False,False,True,False,0,3,0.0,disagreement,3,2
abt-buy_0573,319,False,False,False,False,False,False,False,False,False,False,True,False,0,3,0.0,disagreement,3,2
abt-buy_0574,158,False,False,False,False,False,False,False,False,False,False,True,False,0,3,0.0,disagreement,3,2
abt-buy_0575,650,False,False,False,False,False,False,False,False,False,False,True,False,0,3,0.0,disagreement,3,2
abt-buy_0576,1055,False,False,False,False,False,False,False,False,False,False,True,False,0,3,0.0,disagreement,3,2
abt-buy_0577,545,False,False,False,False,False,False,False,False,False,False,True,False,0,3,0.0,disagreement,3,2
abt-buy_0578,546,False,False,False,False,False,False,False,False,False,False,True,False,0,3,0.0,disagreement,3,2
abt-buy_0579,823,False,False,False,False,False,False,False,False,False,False,True,False,0,3,0.0,disagreement,3,2
abt-buy_0580,619,False,False,False,False,False,False,False,False,False,False,True,False,0,3,0.0,disagreement,3,2
abt-buy_0581,680,False,False,False,False,False,False,False,False,False,False,True,False,0,3,0.0,disagreement,3,2
abt-buy_0582,611,False,False,False,False,False,False,False,False,False,False,True,False,0,3,0.0,disagreement,3,2
abt-buy_0583,646,False,False,False,False,False,False,False,False,False,False,True,False,0,3,0.0,disagreement,3,2
abt-buy_0584,564,False,False,False,False,False,False,False,False,False,False,True,False,0,3,0.0,disagreement,3,2
abt-buy_0585,1012,False,False,False,False,False,False,False,False,False,False,True,False,0,3,0.0,disagreement,3,2
abt-buy_0586,783,False,False,False,False,False,False,False,False,False,False,True,False,0,3,0.0,disagreement,3,2
abt-buy_0587,748,False,False,False,False,False,False,False,False,False,False,True,False,0,3,0.0,disagreement,3,2
abt-buy_0588,651,False,False,False,False,False,False,False,False,False,False,True,False,0,3,0.0,disagreement,3,2
abt-buy_0589,614,False,False,False,False,False,False,False,False,False,False,True,False,0,3,0.0,disagreement,3,2
abt-buy_0590,579,False,False,False,False,False,False,False,False,False,False,True,False,0,3,0.0,disagreement,3,2
abt-buy_0591,667,False,False,False,False,False,False,False,False,False,False,True,False,0,3,0.0,disagreement,3,2
abt-buy_0592,686,False,False,False,False,False,False,False,False,False,False,True,False,0,3,0.0,disagreement,3,2
abt-buy_0593,706,False,False,False,False,False,False,False,False,False,False,True,False,0,3,0.0,disagreement,3,2
abt-buy_0594,637,False,False,False,False,False,False,False,False,False,False,True,False,0,3,0.0,disagreement,3,2
abt-buy_0595,1049,False,False,False,False,False,False,False,False,False,False,True,False,0,3,0.0,disagreement,3,2
abt-buy_0596,725,False,False,False,False,False,False,False,False,False,False,True,False,0,3,0.0,disagreement,3,2
abt-buy_0597,528,False,False,False,False,False,False,False,False,False,False,True,False,0,3,0.0,disagreement,3,2
abt-buy_0598,314,False,False,False,False,False,False,False,False,False,False,True,False,0,3,0.0,disagreement,3,2
abt-buy_0599,437,False,False,False,False,False,False,False,False,False,False,True,False,0,3,0.0,disagreement,3,2
abt-buy_0600,415,False,False,False,False,False,False,False,False,False,False,True,False,0,3,0.0,disagreement,3,2
abt-buy_0601,474,False,False,False,False,False,False,False,False,False,False,True,False,0,3,0.0,disagreement,3,2
abt-buy_0602,696,False,False,False,False,False,False,False,False,False,False,True,False,0,3,0.0,disagreement,3,2
abt-buy_0603,954,False,False,False,False,False,False,False,False,False,False,True,False,0,3,0.0,disagreement,3,2
abt-buy_0604,711,False,False,False,False,False,False,False,False,False,False,True,False,0,3,0.0,disagreement,3,2
abt-buy_0605,746,False,False,False,False,False,False,False,False,False,False,True,False,0,3,0.0,disagreement,3,2
abt-buy_0606,782,False,False,False,False,False,False,False,False,False,False,True,False,0,3,0.0,disagreement,3,2
abt-buy_0607,424,False,False,False,False,False,False,False,False,False,False,True,False,0,3,0.0,disagreement,3,2
abt-buy_0608,438,False,False,False,False,False,False,False,False,False,False,True,False,0,3,0.0,disagreement,3,2
abt-buy_0609,425,False,False,False,False,False,False,False,False,False,False,True,False,0,3,0.0,disagreement,3,2
abt-buy_0610,747,False,False,False,False,False,False,False,False,False,False,True,False,0,3,0.0,disagreement,3,2
abt-buy_0611,566,False,False,False,False,False,False,False,False,False,False,True,False,0,3,0.0,disagreement,3,2
abt-buy_0612,450,False,False,False,False,False,False,False,False,False,False,True,False,0,3,0.0,disagreement,3,2
abt-buy_0613,439,False,False,False,False,False,False,False,False,False,False,True,False,0,3,0.0,disagreement,3,2
abt-buy_0614,334,False,False,False,False,False,False,False,False,False,False,True,False,0,3,0.0,disagreement,3,2
abt-buy_0615,544,False,False,False,False,False,False,False,False,False,False,True,False,0,3,0.0,disagreement,3,2
abt-buy_0616,547,False,False,False,False,False,False,False,False,False,False,True,False,0,3,0.0,disagreement,3,2
abt-buy_0617,562,False,False,False,False,False,False,False,False,False,False,True,False,0,3,0.0,disagreement,3,2
abt-buy_0618,626,False,False,False,False,False,False,False,False,False,False,True,False,0,3,0.0,disagreement,3,2
abt-buy_0619,530,False,False,False,False,False,False,False,False,False,False,True,False,0,3,0.0,disagreement,3,2
abt-buy_0620,532,False,False,False,False,False,False,False,False,False,False,True,False,0,3,0.0,disagreement,3,2
abt-buy_0621,563,False,False,False,False,False,False,False,False,False,False,True,False,0,3,0.0,disagreement,3,2
abt-buy_0622,677,False,False,False,False,False,False,False,False,False,False,True,False,0,3,0.0,disagreement,3,2
abt-buy_0623,694,False,False,False,False,False,False,False,False,False,False,True,False,0,3,0.0,disagreement,3,2
abt-buy_0624,698,False,False,False,False,False,False,False,False,False,False,True,False,0,3,0.0,disagreement,3,2
abt-buy_0625,699,False,False,False,False,False,False,False,False,False,False,True,False,0,3,0.0,disagreement,3,2
abt-buy_0626,697,False,False,False,False,False,False,False,False,False,False,True,False,0,3,0.0,disagreement,3,2
abt-buy_0627,700,False,False,False,False,False,False,False,False,False,False,True,False,0,3,0.0,disagreement,3,2
abt-buy_0628,704,False,False,False,False,False,False,False,False,False,False,True,False,0,3,0.0,disagreement,3,2
abt-buy_0629,705,False,False,False,False,False,False,False,False,False,False,True,False,0,3,0.0,disagreement,3,2
abt-buy_0630,703,False,False,False,False,False,False,False,False,False,False,True,False,0,3,0.0,disagreement,3,2
abt-buy_0631,743,False,False,False,False,False,False,False,False,False,False,True,False,0,3,0.0,disagreement,3,2
abt-buy_0632,736,False,False,False,False,False,False,False,False,False,False,True,False,0,3,0.0,disagreement,3,2
abt-buy_0633,735,False,False,False,False,False,False,False,False,False,False,True,False,0,3,0.0,disagreement,3,2
abt-buy_0634,733,False,False,False,False,False,False,False,False,False,False,True,False,0,3,0.0,disagreement,3,2
abt-buy_0635,732,False,False,False,False,False,False,False,False,False,False,True,False,0,3,0.0,disagreement,3,2
abt-buy_0636,731,False,False,False,False,False,False,False,False,False,False,True,False,0,3,0.0,disagreement,3,2
abt-buy_0637,718,False,False,False,False,False,False,False,False,False,False,True,False,0,3,0.0,disagreement,3,2
abt-buy_0638,717,False,False,False,False,False,False,False,False,False,False,True,False,0,3,0.0,disagreement,3,2
abt-buy_0639,693,False,False,False,False,False,False,False,False,False,False,True,False,0,3,0.0,disagreement,3,2
abt-buy_0640,674,False,False,False,False,False,False,False,False,False,False,True,False,0,3,0.0,disagreement,3,2
abt-buy_0641,692,False,False,False,False,False,False,False,False,False,False,True,False,0,3,0.0,disagreement,3,2
abt-buy_0642,690,False,False,False,False,False,False,False,False,False,False,True,False,0,3,0.0,disagreement,3,2
abt-buy_0643,691,False,False,False,False,False,False,False,False,False,False,True,False,0,3,0.0,disagreement,3,2
abt-buy_0644,713,False,False,False,False,False,False,False,False,False,False,True,False,0,3,0.0,disagreement,3,2
abt-buy_0645,715,False,False,False,False,False,False,False,False,False,False,True,False,0,3,0.0,disagreement,3,2
abt-buy_0646,712,False,False,False,False,False,False,False,False,False,False,True,False,0,3,0.0,disagreement,3,2
abt-buy_0647,482,False,False,False,False,False,False,False,False,False,False,True,False,0,3,0.0,disagreement,3,2
abt-buy_0648,481,False,False,False,False,False,False,False,False,False,False,True,False,0,3,0.0,disagreement,3,2
abt-buy_0649,484,False,False,False,False,False,False,False,False,False,False,True,False,0,3,0.0,disagreement,3,2
abt-buy_0650,872,False,False,False,False,False,False,False,False,False,False,True,False,0,3,0.0,disagreement,3,2
abt-buy_0651,871,False,False,False,False,False,False,False,False,False,False,True,False,0,3,0.0,disagreement,3,2
abt-buy_0652,317,False,False,False,False,False,False,False,False,False,False,True,False,0,3,0.0,disagreement,3,2
abt-buy_0653,719,False,False,False,False,False,False,False,False,False,False,True,False,0,3,0.0,disagreement,3,2
abt-buy_0654,721,False,False,False,False,False,False,False,False,False,False,True,False,0,3,0.0,disagreement,3,2
abt-buy_0655,720,False,False,False,False,False,False,False,False,False,False,True,False,0,3,0.0,disagreement,3,2
abt-buy_0656,723,False,False,False,False,False,False,False,False,False,False,True,False,0,3,0.0,disagreement,3,2
abt-buy_0657,1014,False,False,False,False,False,False,False,False,False,False,True,False,0,3,0.0,disagreement,3,2
abt-buy_0658,820,False,False,False,False,False,False,False,False,False,False,True,False,0,3,0.0,disagreement,3,2
abt-buy_0659,819,False,False,False,False,False,False,False,False,False,False,True,False,0,3,0.0,disagreement,3,2
abt-buy_0660,768,False,False,False,False,False,False,False,False,False,False,True,False,0,3,0.0,disagreement,3,2
abt-buy_0661,543,False,False,False,False,False,False,False,False,False,False,True,False,0,3,0.0,disagreement,3,2
abt-buy_0662,775,False,False,False,False,False,False,False,False,False,False,True,False,0,3,0.0,disagreement,3,2
abt-buy_0663,657,False,False,False,False,False,False,False,False,False,False,True,False,0,3,0.0,disagreement,3,2
abt-buy_0664,785,False,False,False,False,False,False,False,False,False,False,True,False,0,3,0.0,disagreement,3,2
abt-buy_0665,42,False,False,False,False,False,False,False,False,False,False,True,False,0,3,0.0,disagreement,3,2
abt-buy_0666,43,False,False,False,False,False,False,False,False,False,False,True,False,0,3,0.0,disagreement,3,2
abt-buy_0667,1021,False,False,False,False,False,False,False,False,False,False,True,False,0,3,0.0,disagreement,3,2
abt-buy_0668,839,False,False,False,False,False,False,False,False,False,False,True,False,0,3,0.0,disagreement,3,2
abt-buy_0669,751,False,False,False,False,False,False,False,False,False,False,True,False,0,3,0.0,disagreement,3,2
abt-buy_0670,167,False,False,False,False,False,False,False,False,False,False,True,False,0,3,0.0,disagreement,3,2
abt-buy_0671,764,False,False,False,False,False,False,False,False,False,False,True,False,0,3,0.0,disagreement,3,2
abt-buy_0672,772,False,False,False,False,False,False,False,False,False,False,True,False,0,3,0.0,disagreement,3,2
abt-buy_0673,598,False,False,False,False,False,False,False,False,False,False,True,False,0,3,0.0,disagreement,3,2
abt-buy_0674,676,False,False,False,False,False,False,False,False,False,False,True,False,0,3,0.0,disagreement,3,2
abt-buy_0675,739,False,False,False,False,False,False,False,False,False,False,True,False,0,3,0.0,disagreement,3,2
abt-buy_0676,602,False,False,False,False,False,False,False,False,False,False,True,False,0,3,0.0,disagreement,3,2
abt-buy_0677,687,False,False,False,False,False,False,False,False,False,False,True,False,0,3,0.0,disagreement,3,2
abt-buy_0678,653,False,False,False,False,False,False,False,False,False,False,True,False,0,3,0.0,disagreement,3,2
abt-buy_0679,678,False,False,False,False,False,False,False,False,False,False,True,False,0,3,0.0,disagreement,3,2
abt-buy_0680,681,False,False,False,False,False,False,False,False,False,False,True,False,0,3,0.0,disagreement,3,2
abt-buy_0681,708,False,False,False,False,False,False,False,False,False,False,True,False,0,3,0.0,disagreement,3,2
abt-buy_0682,654,False,False,False,False,False,False,False,False,False,False,True,False,0,3,0.0,disagreement,3,2
abt-buy_0683,756,False,False,False,False,False,False,False,False,False,False,True,False,0,3,0.0,disagreement,3,2
abt-buy_0684,478,False,False,False,False,False,False,False,False,False,False,True,False,0,3,0.0,disagreement,3,2
abt-buy_0685,18,False,False,False,False,False,False,False,False,False,False,True,False,0,3,0.0,disagreement,3,2
abt-buy_0686,688,False,False,False,False,False,False,False,False,False,False,True,False,0,3,0.0,disagreement,3,2
abt-buy_0687,1064,False,False,False,False,False,False,False,False,False,False,True,False,0,3,0.0,disagreement,3,2
abt-buy_0688,395,False,False,False,False,False,False,False,False,False,False,True,False,0,3,0.0,disagreement,3,2
abt-buy_0689,1038,False,False,False,False,False,False,False,False,False,False,True,False,0,3,0.0,disagreement,3,2
abt-buy_0690,881,False,False,False,False,False,False,False,False,False,False,True,False,0,3,0.0,disagreement,3,2
abt-buy_0691,834,False,False,False,False,False,False,False,False,False,False,True,False,0,3,0.0,disagreement,3,2
abt-buy_0692,1043,False,False,False,False,False,False,False,False,False,False,True,False,0,3,0.0,disagreement,3,2
abt-buy_0693,885,False,False,False,False,False,False,False,False,False,False,True,False,0,3,0.0,disagreement,3,2
abt-buy_0694,863,False,False,False,False,False,False,False,False,False,False,True,False,0,3,0.0,disagreement,3,2
abt-buy_0695,953,False,False,False,False,False,False,False,False,False,False,True,False,0,3,0.0,disagreement,3,2
abt-buy_0696,861,False,False,False,False,False,False,False,False,False,False,True,False,0,3,0.0,disagreement,3,2
abt-buy_0697,862,False,False,False,False,False,False,False,False,False,False,True,False,0,3,0.0,disagreement,3,2
abt-buy_0698,870,False,False,False,False,False,False,False,False,False,False,True,False,0,3,0.0,disagreement,3,2
abt-buy_0699,356,False,False,False,False,False,False,False,False,False,False,True,False,0,3,0.0,disagreement,3,2
abt-buy_0700,357,False,False,False,False,False,False,False,False,False,False,True,False,0,3,0.0,disagreement,3,2
abt-buy_0701,295,False,False,False,False,False,False,False,False,False,False,True,False,0,3,0.0,disagreement,3,2
abt-buy_0702,620,False,False,False,False,False,False,False,False,False,False,True,False,0,3,0.0,disagreement,3,2
abt-buy_0703,632,False,False,False,False,False,False,False,False,False,False,True,False,0,3,0.0,disagreement,3,2
abt-buy_0704,531,False,False,False,False,False,False,False,False,False,False,True,False,0,3,0.0,disagreement,3,2
abt-buy_0705,276,False,False,False,False,False,False,False,False,False,False,True,False,0,3,0.0,disagreement,3,2
abt-buy_0706,130,False,False,False,False,False,False,False,False,False,False,True,False,0,3,0.0,disagreement,3,2
abt-buy_0707,189,False,False,False,False,False,False,False,False,False,False,True,False,0,3,0.0,disagreement,3,2
abt-buy_0708,75,False,False,False,False,False,False,False,False,False,False,True,False,0,3,0.0,disagreement,3,2
abt-buy_0709,256,False,False,False,False,False,False,False,False,False,False,True,False,0,3,0.0,disagreement,3,2
abt-buy_0710,552,False,False,False,False,False,False,False,False,False,False,True,False,0,3,0.0,disagreement,3,2
abt-buy_0711,630,False,False,False,False,False,False,False,False,False,False,True,False,0,3,0.0,disagreement,3,2
abt-buy_0712,842,False,False,False,False,False,False,False,False,False,False,True,False,0,3,0.0,disagreement,3,2
abt-buy_0713,550,False,False,False,False,False,False,False,False,False,False,True,False,0,3,0.0,disagreement,3,2
abt-buy_0714,462,False,False,False,False,False,False,False,False,False,False,True,False,0,3,0.0,disagreement,3,2
abt-buy_0715,250,False,False,False,False,False,False,False,False,False,False,True,False,0,3,0.0,disagreement,3,2
abt-buy_0716,560,False,False,False,False,False,False,False,False,False,False,True,False,0,3,0.0,disagreement,3,2
abt-buy_0717,533,False,False,False,False,False,False,False,False,False,False,True,False,0,3,0.0,disagreement,3,2
abt-buy_0718,480,False,False,False,False,False,False,False,False,False,False,True,False,0,3,0.0,disagreement,3,2
abt-buy_0719,639,False,False,False,False,False,False,False,False,False,False,True,False,0,3,0.0,disagreement,3,2
abt-buy_0720,652,False,False,False,False,False,False,False,False,False,False,True,False,0,3,0.0,disagreement,3,2
abt-buy_0721,737,False,False,False,False,False,False,False,False,False,False,True,False,0,3,0.0,disagreement,3,2
abt-buy_0722,709,False,False,False,False,False,False,False,False,False,False,True,False,0,3,0.0,disagreement,3,2
abt-buy_0723,734,False,False,False,False,False,False,False,False,False,False,True,False,0,3,0.0,disagreement,3,2
abt-buy_0724,695,False,False,False,False,False,False,False,False,False,False,True,False,0,3,0.0,disagreement,3,2
abt-buy_0725,738,False,False,False,False,False,False,False,False,False,False,True,False,0,3,0.0,disagreement,3,2
abt-buy_0726,741,False,False,False,False,False,False,False,False,False,False,True,False,0,3,0.0,disagreement,3,2
abt-buy_0727,710,False,False,False,False,False,False,False,False,False,False,True,False,0,3,0.0,disagreement,3,2
abt-buy_0728,683,False,False,False,False,False,False,False,False,False,False,True,False,0,3,0.0,disagreement,3,2
abt-buy_0729,684,False,False,False,False,False,False,False,False,False,False,True,False,0,3,0.0,disagreement,3,2
abt-buy_0730,722,False,False,False,False,False,False,False,False,False,False,True,False,0,3,0.0,disagreement,3,2
abt-buy_0731,724,False,False,False,False,False,False,False,False,False,False,True,False,0,3,0.0,disagreement,3,2
abt-buy_0732,752,False,False,False,False,False,False,False,False,False,False,True,False,0,3,0.0,disagreement,3,2
abt-buy_0733,1078,False,False,False,False,False,False,False,False,False,False,True,False,0,3,0.0,disagreement,3,2
abt-buy_0734,754,False,False,False,False,False,False,False,False,False,False,True,False,0,3,0.0,disagreement,3,2
abt-buy_0735,745,False,False,False,False,False,False,False,False,False,False,True,False,0,3,0.0,disagreement,3,2
abt-buy_0736,685,False,False,False,False,False,False,False,False,False,False,True,False,0,3,0.0,disagreement,3,2
abt-buy_0737,753,False,False,False,False,False,False,False,False,False,False,True,False,0,3,0.0,disagreement,3,2
abt-buy_0738,793,False,False,False,False,False,False,False,False,False,False,True,False,0,3,0.0,disagreement,3,2
abt-buy_0739,826,False,False,False,False,False,False,False,False,False,False,True,False,0,3,0.0,disagreement,3,2
abt-buy_0740,894,False,False,False,False,False,False,False,False,False,False,True,False,0,3,0.0,disagreement,3,2
abt-buy_0741,447,False,False,False,False,False,False,False,False,False,False,True,False,0,3,0.0,disagreement,3,2
abt-buy_0742,449,False,False,False,False,False,False,False,False,False,False,True,False,0,3,0.0,disagreement,3,2
abt-buy_0743,673,False,False,False,False,False,False,False,False,False,False,True,False,0,3,0.0,disagreement,3,2
abt-buy_0744,884,False,False,False,False,False,False,False,False,False,False,True,False,0,3,0.0,disagreement,3,2
abt-buy_0745,760,False,False,False,False,False,False,False,False,False,False,True,False,0,3,0.0,disagreement,3,2
abt-buy_0746,956,False,False,False,False,False,False,False,False,False,False,True,False,0,3,0.0,disagreement,3,2
abt-buy_0747,776,False,False,False,False,False,False,False,False,False,False,True,False,0,3,0.0,disagreement,3,2
abt-buy_0748,1045,False,False,False,False,False,False,False,False,False,False,True,False,0,3,0.0,disagreement,3,2
abt-buy_0749,987,False,False,False,False,False,False,False,False,False,False,True,False,0,3,0.0,disagreement,3,2
abt-buy_0750,74,False,False,False,False,False,False,False,False,False,False,True,False,0,3,0.0,disagreement,3,2
abt-buy_0751,140,False,False,False,False,False,False,False,False,False,False,True,False,0,3,0.0,disagreement,3,2
abt-buy_0752,830,False,False,False,False,False,False,False,False,False,False,True,False,0,3,0.0,disagreement,3,2
abt-buy_0753,909,False,False,False,False,False,False,False,False,False,False,True,False,0,3,0.0,disagreement,3,2
abt-buy_0754,895,False,False,False,False,False,False,False,False,False,False,True,False,0,3,0.0,disagreement,3,2
abt-buy_0755,832,False,False,False,False,False,False,False,False,False,False,True,False,0,3,0.0,disagreement,3,2
abt-buy_0756,960,False,False,False,False,False,False,False,False,False,False,True,False,0,3,0.0,disagreement,3,2
abt-buy_0757,1013,False,False,False,False,False,False,False,False,False,False,True,False,0,3,0.0,disagreement,3,2
abt-buy_0758,938,False,False,False,False,False,False,False,False,False,False,True,False,0,3,0.0,disagreement,3,2
abt-buy_0759,682,False,False,False,False,False,False,False,False,False,False,True,False,0,3,0.0,disagreement,3,2
abt-buy_0760,877,False,False,False,False,False,False,False,False,False,False,True,False,0,3,0.0,disagreement,3,2
abt-buy_0761,905,False,False,False,False,False,False,False,False,False,False,True,False,0,3,0.0,disagreement,3,2
abt-buy_0762,995,False,False,False,False,False,False,False,False,False,False,True,False,0,3,0.0,disagreement,3,2
abt-buy_0763,965,False,False,False,False,False,False,False,False,False,False,True,False,0,3,0.0,disagreement,3,2
abt-buy_0764,875,False,False,False,False,False,False,False,False,False,False,True,False,0,3,0.0,disagreement,3,2
abt-buy_0765,869,False,False,False,False,False,False,False,False,False,False,True,False,0,3,0.0,disagreement,3,2
abt-buy_0766,866,False,False,False,False,False,False,False,False,False,False,True,False,0,3,0.0,disagreement,3,2
abt-buy_0767,867,False,False,False,False,False,False,False,False,False,False,True,False,0,3,0.0,disagreement,3,2
abt-buy_0768,1040,False,False,False,False,False,False,False,False,False,False,True,False,0,3,0.0,disagreement,3,2
abt-buy_0769,929,False,False,False,False,False,False,False,False,False,False,True,False,0,3,0.0,disagreement,3,2
abt-buy_0770,984,False,False,False,False,False,False,False,False,False,False,True,False,0,3,0.0,disagreement,3,2
abt-buy_0771,857,False,False,False,False,False,False,False,False,False,False,True,False,0,3,0.0,disagreement,3,2
abt-buy_0772,898,False,False,False,False,False,False,False,False,False,False,True,False,0,3,0.0,disagreement,3,2
abt-buy_0773,896,False,False,False,False,False,False,False,False,False,False,True,False,0,3,0.0,disagreement,3,2
abt-buy_0774,908,False,False,False,False,False,False,False,False,False,False,True,False,0,3,0.0,disagreement,3,2
abt-buy_0775,943,False,False,False,False,False,False,False,False,False,False,True,False,0,3,0.0,disagreement,3,2
abt-buy_0776,829,False,False,False,False,False,False,False,False,False,False,True,False,0,3,0.0,disagreement,3,2
abt-buy_0777,836,False,False,False,False,False,False,False,False,False,False,True,False,0,3,0.0,disagreement,3,2
abt-buy_0778,71,False,False,False,False,False,False,False,False,False,False,True,False,0,3,0.0,disagreement,3,2
abt-buy_0779,993,False,False,False,False,False,False,False,False,False,False,True,False,0,3,0.0,disagreement,3,2
abt-buy_0780,945,False,False,False,False,False,False,False,False,False,False,True,False,0,3,0.0,disagreement,3,2
abt-buy_0781,946,False,False,False,False,False,False,False,False,False,False,True,False,0,3,0.0,disagreement,3,2
abt-buy_0782,310,False,False,False,False,False,False,False,False,False,False,True,False,0,3,0.0,disagreement,3,2
abt-buy_0783,958,False,False,False,False,False,False,False,False,False,False,True,False,0,3,0.0,disagreement,3,2
abt-buy_0784,925,False,False,False,False,False,False,False,False,False,False,True,False,0,3,0.0,disagreement,3,2
abt-buy_0785,903,False,False,False,False,False,False,False,False,False,False,True,False,0,3,0.0,disagreement,3,2
abt-buy_0786,904,False,False,False,False,False,False,False,False,False,False,True,False,0,3,0.0,disagreement,3,2
abt-buy_0787,1047,False,False,False,False,False,False,False,False,False,False,True,False,0,3,0.0,disagreement,3,2
abt-buy_0788,961,False,False,False,False,False,False,False,False,False,False,True,False,0,3,0.0,disagreement,3,2
abt-buy_0789,962,False,False,False,False,False,False,False,False,False,False,True,False,0,3,0.0,disagreement,3,2
abt-buy_0790,963,False,False,False,False,False,False,False,False,False,False,True,False,0,3,0.0,disagreement,3,2
abt-buy_0791,906,False,False,False,False,False,False,False,False,False,False,True,False,0,3,0.0,disagreement,3,2
abt-buy_0792,907,False,False,False,False,False,False,False,False,False,False,True,False,0,3,0.0,disagreement,3,2
abt-buy_0793,927,False,False,False,False,False,False,False,False,False,False,True,False,0,3,0.0,disagreement,3,2
abt-buy_0794,1017,False,False,False,False,False,False,False,False,False,False,True,False,0,3,0.0,disagreement,3,2
abt-buy_0795,850,False,False,False,False,False,False,False,False,False,False,True,False,0,3,0.0,disagreement,3,2
abt-buy_0796,854,False,False,False,False,False,False,False,False,False,False,True,False,0,3,0.0,disagreement,3,2
abt-buy_0797,911,False,False,False,False,False,False,False,False,False,False,True,False,0,3,0.0,disagreement,3,2
abt-buy_0798,910,False,False,False,False,False,False,False,False,False,False,True,False,0,3,0.0,disagreement,3,2
abt-buy_0799,928,False,False,False,False,False,False,False,False,False,False,True,False,0,3,0.0,disagreement,3,2
abt-buy_0800,977,False,False,False,False,False,False,False,False,False,False,True,False,0,3,0.0,disagreement,3,2
abt-buy_0801,976,False,False,False,False,False,False,False,False,False,False,True,False,0,3,0.0,disagreement,3,2
abt-buy_0802,930,False,False,False,False,False,False,False,False,False,False,True,False,0,3,0.0,disagreement,3,2
abt-buy_0803,890,False,False,False,False,False,False,False,False,False,False,True,False,0,3,0.0,disagreement,3,2
abt-buy_0804,889,False,False,False,False,False,False,False,False,False,False,True,False,0,3,0.0,disagreement,3,2
abt-buy_0805,452,False,False,False,False,False,False,False,False,False,False,True,False,0,3,0.0,disagreement,3,2
abt-buy_0806,707,False,False,False,False,False,False,False,False,False,False,True,False,0,3,0.0,disagreement,3,2
abt-buy_0807,565,False,False,False,False,False,False,False,False,False,False,True,False,0,3,0.0,disagreement,3,2
abt-buy_0808,675,False,False,False,False,False,False,False,False,False,False,True,False,0,3,0.0,disagreement,3,2
abt-buy_0809,40,False,False,False,False,False,False,False,False,False,False,True,False,0,3,0.0,disagreement,3,2
abt-buy_0810,328,False,False,False,False,False,False,False,False,False,False,True,False,0,3,0.0,disagreement,3,2
abt-buy_0811,931,False,False,False,False,False,False,False,False,False,False,True,False,0,3,0.0,disagreement,3,2
abt-buy_0812,878,False,False,False,False,False,False,False,False,False,False,True,False,0,3,0.0,disagreement,3,2
abt-buy_0813,856,False,False,False,False,False,False,False,False,False,False,True,False,0,3,0.0,disagreement,3,2
abt-buy_0814,936,False,False,False,False,False,False,False,False,False,False,True,False,0,3,0.0,disagreement,3,2
abt-buy_0815,947,False,False,False,False,False,False,False,False,False,False,True,False,0,3,0.0,disagreement,3,2
abt-buy_0816,988,False,False,False,False,False,False,False,False,False,False,True,False,0,3,0.0,disagreement,3,2
abt-buy_0817,949,False,False,False,False,False,False,False,False,False,False,True,False,0,3,0.0,disagreement,3,2
abt-buy_0818,948,False,False,False,False,False,False,False,False,False,False,True,False,0,3,0.0,disagreement,3,2
abt-buy_0819,924,False,False,False,False,False,False,False,False,False,False,True,False,0,3,0.0,disagreement,3,2
abt-buy_0820,1066,False,False,False,False,False,False,False,False,False,False,True,False,0,3,0.0,disagreement,3,2
abt-buy_0821,1059,False,False,False,False,False,False,False,False,False,False,True,False,0,3,0.0,disagreement,3,2
abt-buy_0822,1009,False,False,False,False,False,False,False,False,False,False,True,False,0,3,0.0,disagreement,3,2
abt-buy_0823,848,False,False,False,False,False,False,False,False,False,False,True,False,0,3,0.0,disagreement,3,2
abt-buy_0824,950,False,False,False,False,False,False,False,False,False,False,True,False,0,3,0.0,disagreement,3,2
abt-buy_0825,868,False,False,False,False,False,False,False,False,False,False,True,False,0,3,0.0,disagreement,3,2
abt-buy_0826,914,False,False,False,False,False,False,False,False,False,False,True,False,0,3,0.0,disagreement,3,2
abt-buy_0827,922,False,False,False,False,False,False,False,False,False,False,True,False,0,3,0.0,disagreement,3,2
abt-buy_0828,915,False,False,False,False,False,False,False,False,False,False,True,False,0,3,0.0,disagreement,3,2
abt-buy_0829,916,False,False,False,False,False,False,False,False,False,False,True,False,0,3,0.0,disagreement,3,2
abt-buy_0830,917,False,False,False,False,False,False,False,False,False,False,True,False,0,3,0.0,disagreement,3,2
abt-buy_0831,918,False,False,False,False,False,False,False,False,False,False,True,False,0,3,0.0,disagreement,3,2
abt-buy_0832,920,False,False,False,False,False,False,False,False,False,False,True,False,0,3,0.0,disagreement,3,2
abt-buy_0833,923,False,False,False,False,False,False,False,False,False,False,True,False,0,3,0.0,disagreement,3,2
abt-buy_0834,921,False,False,False,False,False,False,False,False,False,False,True,False,0,3,0.0,disagreement,3,2
abt-buy_0835,919,False,False,False,False,False,False,False,False,False,False,True,False,0,3,0.0,disagreement,3,2
abt-buy_0836,858,False,False,False,False,False,False,False,False,False,False,True,False,0,3,0.0,disagreement,3,2
abt-buy_0837,1058,False,False,False,False,False,False,False,False,False,False,True,False,0,3,0.0,disagreement,3,2
abt-buy_0838,912,False,False,False,False,False,False,False,False,False,False,True,False,0,3,0.0,disagreement,3,2
abt-buy_0839,913,False,False,False,False,False,False,False,False,False,False,True,False,0,3,0.0,disagreement,3,2
abt-buy_0840,941,False,False,False,False,False,False,False,False,False,False,True,False,0,3,0.0,disagreement,3,2
abt-buy_0841,942,False,False,False,False,False,False,False,False,False,False,True,False,0,3,0.0,disagreement,3,2
abt-buy_0842,996,False,False,False,False,False,False,False,False,False,False,True,False,0,3,0.0,disagreement,3,2
abt-buy_0843,603,False,False,False,False,False,False,False,False,False,False,True,False,0,3,0.0,disagreement,3,2
abt-buy_0844,742,False,False,False,False,False,False,False,False,False,False,True,False,0,3,0.0,disagreement,3,2
abt-buy_0845,989,False,False,False,False,False,False,False,False,False,False,True,False,0,3,0.0,disagreement,3,2
abt-buy_0846,634,False,False,False,False,False,False,False,False,False,False,True,False,0,3,0.0,disagreement,3,2
abt-buy_0847,859,False,False,False,False,False,False,False,False,False,False,True,False,0,3,0.0,disagreement,3,2
abt-buy_0848,384,False,False,False,False,False,False,False,False,False,False,True,False,0,3,0.0,disagreement,3,2
abt-buy_0849,944,False,False,False,False,False,False,False,False,False,False,True,False,0,3,0.0,disagreement,3,2
abt-buy_0850,935,False,False,False,False,False,False,False,False,False,False,True,False,0,3,0.0,disagreement,3,2
abt-buy_0851,933,False,False,False,False,False,False,False,False,False,False,True,False,0,3,0.0,disagreement,3,2
abt-buy_0852,932,False,False,False,False,False,False,False,False,False,False,True,False,0,3,0.0,disagreement,3,2
abt-buy_0853,934,False,False,False,False,False,False,False,False,False,False,True,False,0,3,0.0,disagreement,3,2
abt-buy_0854,647,False,False,False,False,False,False,False,False,False,False,True,False,0,3,0.0,disagreement,3,2
abt-buy_0855,414,False,False,False,False,False,False,False,False,False,False,True,False,0,3,0.0,disagreement,3,2
abt-buy_0856,1039,False,False,False,False,False,False,False,False,False,False,True,False,0,3,0.0,disagreement,3,2
abt-buy_0857,981,False,False,False,False,False,False,False,False,False,False,True,False,0,3,0.0,disagreement,3,2
abt-buy_0858,380,False,False,False,False,False,False,False,False,False,False,True,False,0,3,0.0,disagreement,3,2
abt-buy_0859,985,False,False,False,False,False,False,False,False,False,False,True,False,0,3,0.0,disagreement,3,2
abt-buy_0860,997,False,False,False,False,False,False,False,False,False,False,True,False,0,3,0.0,disagreement,3,2
abt-buy_0861,991,False,False,False,False,False,False,False,False,False,False,True,False,0,3,0.0,disagreement,3,2
abt-buy_0862,1011,False,False,False,False,False,False,False,False,False,False,True,False,0,3,0.0,disagreement,3,2
abt-buy_0863,1018,False,False,False,False,False,False,False,False,False,False,True,False,0,3,0.0,disagreement,3,2
abt-buy_0864,970,False,False,False,False,False,False,False,False,False,False,True,False,0,3,0.0,disagreement,3,2
abt-buy_0865,476,False,False,False,False,False,False,False,False,False,False,True,False,0,3,0.0,disagreement,3,2
abt-buy_0866,350,False,False,False,False,False,False,False,False,False,False,True,False,0,3,0.0,disagreement,3,2
abt-buy_0867,766,False,False,False,False,False,False,False,False,False,False,True,False,0,3,0.0,disagreement,3,2
abt-buy_0868,537,False,False,False,False,False,False,False,False,False,False,True,False,0,3,0.0,disagreement,3,2
abt-buy_0869,964,False,False,False,False,False,False,False,False,False,False,True,False,0,3,0.0,disagreement,3,2
abt-buy_0870,1031,False,False,False,False,False,False,False,False,False,False,True,False,0,3,0.0,disagreement,3,2
abt-buy_0871,1037,False,False,False,False,False,False,False,False,False,False,True,False,0,3,0.0,disagreement,3,2
abt-buy_0872,968,False,False,False,False,False,False,False,False,False,False,True,False,0,3,0.0,disagreement,3,2
abt-buy_0873,1002,False,False,False,False,False,False,False,False,False,False,True,False,0,3,0.0,disagreement,3,2
abt-buy_0874,874,False,False,False,False,False,False,False,False,False,False,True,False,0,3,0.0,disagreement,3,2
abt-buy_0875,876,False,False,False,False,False,False,False,False,False,False,True,False,0,3,0.0,disagreement,3,2
abt-buy_0876,893,False,False,False,False,False,False,False,False,False,False,True,False,0,3,0.0,disagreement,3,2
abt-buy_0877,899,False,False,False,False,False,False,False,False,False,False,True,False,0,3,0.0,disagreement,3,2
abt-buy_0878,475,False,False,False,False,False,False,False,False,False,False,True,False,0,3,0.0,disagreement,3,2
abt-buy_0879,625,False,False,False,False,False,False,False,False,False,False,True,False,0,3,0.0,disagreement,3,2
abt-buy_0880,814,False,False,False,False,False,False,False,False,False,False,True,False,0,3,0.0,disagreement,3,2
abt-buy_0881,990,False,False,False,False,False,False,False,False,False,False,True,False,0,3,0.0,disagreement,3,2
abt-buy_0882,1025,False,False,False,False,False,False,False,False,False,False,True,False,0,3,0.0,disagreement,3,2
abt-buy_0883,777,False,False,False,False,False,False,False,False,False,False,True,False,0,3,0.0,disagreement,3,2
abt-buy_0884,880,False,False,False,False,False,False,False,False,False,False,True,False,0,3,0.0,disagreement,3,2
abt-buy_0885,882,False,False,False,False,False,False,False,False,False,False,True,False,0,3,0.0,disagreement,3,2
abt-buy_0886,1036,False,False,False,False,False,False,False,False,False,False,True,False,0,3,0.0,disagreement,3,2
abt-buy_0887,376,False,False,False,False,False,False,False,False,False,False,True,False,0,3,0.0,disagreement,3,2
abt-buy_0888,1016,False,False,False,False,False,False,False,False,False,False,True,False,0,3,0.0,disagreement,3,2
abt-buy_0889,582,False,False,False,False,False,False,False,False,False,False,True,False,0,3,0.0,disagreement,3,2
abt-buy_0890,604,False,False,False,False,False,False,False,False,False,False,True,False,0,3,0.0,disagreement,3,2
abt-buy_0891,46,False,False,False,False,False,False,False,False,False,False,True,False,0,3,0.0,disagreement,3,2
abt-buy_0892,1062,False,False,False,False,False,False,False,False,False,False,True,False,0,3,0.0,disagreement,3,2
abt-buy_0893,1044,False,False,False,False,False,False,False,False,False,False,True,False,0,3,0.0,disagreement,3,2
abt-buy_0894,1068,False,False,False,False,False,False,False,False,False,False,True,False,0,3,0.0,disagreement,3,2
abt-buy_0895,1069,False,False,False,False,False,False,False,False,False,False,True,False,0,3,0.0,disagreement,3,2
abt-buy_0896,128,False,False,False,False,False,False,False,False,False,False,True,False,0,3,0.0,disagreement,3,2
abt-buy_0897,129,False,False,False,False,False,False,False,False,False,False,True,False,0,3,0.0,disagreement,3,2
abt-buy_0898,127,False,False,False,False,False,False,False,False,False,False,True,False,0,3,0.0,disagreement,3,2
abt-buy_0899,431,False,False,False,False,False,False,False,False,False,False,True,False,0,3,0.0,disagreement,3,2
abt-buy_0900,3,False,False,False,False,False,False,False,False,False,False,True,False,0,3,0.0,disagreement,3,2
abt-buy_0901,12,False,False,False,False,False,False,False,False,False,False,True,False,0,3,0.0,disagreement,3,2
abt-buy_0902,35,False,False,False,False,False,False,False,False,False,False,True,False,0,3,0.0,disagreement,3,2
abt-buy_0903,98,False,False,False,False,False,False,False,False,False,False,True,False,0,3,0.0,disagreement,3,2
abt-buy_0904,20,False,False,False,False,False,False,False,False,False,False,True,False,0,3,0.0,disagreement,3,2
abt-buy_0905,21,False,False,False,False,False,False,False,False,False,False,True,False,0,3,0.0,disagreement,3,2
abt-buy_0906,31,False,False,False,False,False,False,False,False,False,False,True,False,0,3,0.0,disagreement,3,2
abt-buy_0907,25,False,False,False,False,False,False,False,False,False,False,True,False,0,3,0.0,disagreement,3,2
abt-buy_0908,30,False,False,False,False,False,False,False,False,False,False,True,False,0,3,0.0,disagreement,3,2
abt-buy_0909,15,False,False,False,False,False,False,False,False,False,False,True,False,0,3,0.0,disagreement,3,2
abt-buy_0910,172,False,False,False,False,False,False,False,False,False,False,True,False,0,3,0.0,disagreement,3,2
abt-buy_0911,61,False,False,False,False,False,False,False,False,False,False,True,False,0,3,0.0,disagreement,3,2
abt-buy_0912,28,False,False,False,False,False,False,False,False,False,False,True,False,0,3,0.0,disagreement,3,2
abt-buy_0913,29,False,False,False,False,False,False,False,False,False,False,True,False,0,3,0.0,disagreement,3,2
abt-buy_0914,833,False,False,False,False,False,False,False,False,False,False,True,False,0,3,0.0,disagreement,3,2
abt-buy_0915,33,False,False,False,False,False,False,False,False,False,False,True,False,0,3,0.0,disagreement,3,2
abt-buy_0916,113,False,False,False,False,False,False,False,False,False,False,True,False,0,3,0.0,disagreement,3,2
abt-buy_0917,116,False,False,False,False,False,False,False,False,False,False,True,False,0,3,0.0,disagreement,3,2
abt-buy_0918,41,False,False,False,False,False,False,False,False,False,False,True,False,0,3,0.0,disagreement,3,2
abt-buy_0919,16,False,False,False,False,False,False,False,False,False,False,True,False,0,3,0.0,disagreement,3,2
abt-buy_0920,330,False,False,False,False,False,False,False,False,False,False,True,False,0,3,0.0,disagreement,3,2
abt-buy_0921,13,False,False,False,False,False,False,False,False,False,False,True,False,0,3,0.0,disagreement,3,2
abt-buy_0922,809,False,False,False,False,False,False,False,False,False,False,True,False,0,3,0.0,disagreement,3,2
abt-buy_0923,23,False,False,False,False,False,False,False,False,False,False,True,False,0,3,0.0,disagreement,3,2
abt-buy_0924,49,False,False,False,False,False,False,False,False,False,False,True,False,0,3,0.0,disagreement,3,2
abt-buy_0925,55,False,False,False,False,False,False,False,False,False,False,True,False,0,3,0.0,disagreement,3,2
abt-buy_0926,59,False,False,False,False,False,False,False,False,False,False,True,False,0,3,0.0,disagreement,3,2
abt-buy_0927,802,False,False,False,False,False,False,False,False,False,False,True,False,0,3,0.0,disagreement,3,2
abt-buy_0928,801,False,False,False,False,False,False,False,False,False,False,True,False,0,3,0.0,disagreement,3,2
abt-buy_0929,763,False,False,False,False,False,False,False,False,False,False,True,False,0,3,0.0,disagreement,3,2
abt-buy_0930,821,False,False,False,False,False,False,False,False,False,False,True,False,0,3,0.0,disagreement,3,2
abt-buy_0931,88,False,False,False,False,False,False,False,False,False,False,True,False,0,3,0.0,disagreement,3,2
abt-buy_0932,65,False,False,False,False,False,False,False,False,False,False,True,False,0,3,0.0,disagreement,3,2
abt-buy_0933,165,False,False,False,False,False,False,False,False,False,False,True,False,0,3,0.0,disagreement,3,2
abt-buy_0934,66,False,False,False,False,False,False,False,False,False,False,True,False,0,3,0.0,disagreement,3,2
abt-buy_0935,81,False,False,False,False,False,False,False,False,False,False,True,False,0,3,0.0,disagreement,3,2
abt-buy_0936,73,False,False,False,False,False,False,False,False,False,False,True,False,0,3,0.0,disagreement,3,2
abt-buy_0937,62,False,False,False,False,False,False,False,False,False,False,True,False,0,3,0.0,disagreement,3,2
abt-buy_0938,124,False,False,False,False,False,False,False,False,False,False,True,False,0,3,0.0,disagreement,3,2
abt-buy_0939,48,False,False,False,False,False,False,False,False,False,False,True,False,0,3,0.0,disagreement,3,2
abt-buy_0940,79,False,False,False,False,False,False,False,False,False,False,True,False,0,3,0.0,disagreement,3,2
abt-buy_0941,94,False,False,False,False,False,False,False,False,False,False,True,False,0,3,0.0,disagreement,3,2
abt-buy_0942,95,False,False,False,False,False,False,False,False,False,False,True,False,0,3,0.0,disagreement,3,2
abt-buy_0943,115,False,False,False,False,False,False,False,False,False,False,True,False,0,3,0.0,disagreement,3,2
abt-buy_0944,373,False,False,False,False,False,False,False,False,False,False,True,False,0,3,0.0,disagreement,3,2
abt-buy_0945,175,False,False,False,False,False,False,False,False,False,False,True,False,0,3,0.0,disagreement,3,2
abt-buy_0946,169,False,False,False,False,False,False,False,False,False,False,True,False,0,3,0.0,disagreement,3,2
abt-buy_0947,798,False,False,False,False,False,False,False,False,False,False,True,False,0,3,0.0,disagreement,3,2
abt-buy_0948,202,False,False,False,False,False,False,False,False,False,False,True,False,0,3,0.0,disagreement,3,2
abt-buy_0949,243,False,False,False,False,False,False,False,False,False,False,True,False,0,3,0.0,disagreement,3,2
abt-buy_0950,281,False,False,False,False,False,False,False,False,False,False,True,False,0,3,0.0,disagreement,3,2
abt-buy_0951,277,False,False,False,False,False,False,False,False,False,False,True,False,0,3,0.0,disagreement,3,2
abt-buy_0952,955,False,False,False,False,False,False,False,False,False,False,True,False,0,3,0.0,disagreement,3,2
abt-buy_0953,262,False,False,False,False,False,False,False,False,False,False,True,False,0,3,0.0,disagreement,3,2
abt-buy_0954,324,False,False,False,False,False,False,False,False,False,False,True,False,0,3,0.0,disagreement,3,2
abt-buy_0955,423,False,False,False,False,False,False,False,False,False,False,True,False,0,3,0.0,disagreement,3,2
abt-buy_0956,216,False,False,False,False,False,False,False,False,False,False,True,False,0,3,0.0,disagreement,3,2
abt-buy_0957,479,False,False,False,False,False,False,False,False,False,False,True,False,0,3,0.0,disagreement,3,2
abt-buy_0958,1032,False,False,False,False,False,False,False,False,False,False,True,False,0,3,0.0,disagreement,3,2
abt-buy_0959,1005,False,False,False,False,False,False,False,False,False,False,True,False,0,3,0.0,disagreement,3,2
abt-buy_0960,623,False,False,False,False,False,False,False,False,False,False,True,False,0,3,0.0,disagreement,3,2
abt-buy_0961,1010,False,False,False,False,False,False,False,False,False,False,True,False,0,3,0.0,disagreement,3,2
abt-buy_0962,873,False,False,False,False,False,False,False,False,False,False,True,False,0,3,0.0,disagreement,3,2
abt-buy_0963,594,False,False,False,False,False,False,False,False,False,False,True,False,0,3,0.0,disagreement,3,2
abt-buy_0964,587,False,False,False,False,False,False,False,False,False,False,True,False,0,3,0.0,disagreement,3,2
abt-buy_0965,689,False,False,False,False,False,False,False,False,False,False,True,False,0,3,0.0,disagreement,3,2
abt-buy_0966,1001,False,False,False,False,False,False,False,False,False,False,True,False,0,3,0.0,disagreement,3,2
abt-buy_0967,672,False,False,False,False,False,False,False,False,False,False,True,False,0,3,0.0,disagreement,3,2
abt-buy_0968,671,False,False,False,False,False,False,False,False,False,False,True,False,0,3,0.0,disagreement,3,2
abt-buy_0969,492,False,False,False,False,False,False,False,False,False,False,True,False,0,3,0.0,disagreement,3,2
abt-buy_0970,572,False,False,False,False,False,False,False,False,False,False,True,False,0,3,0.0,disagreement,3,2
abt-buy_0971,335,False,False,False,False,False,False,False,False,False,False,True,False,0,3,0.0,disagreement,3,2
abt-buy_0972,846,False,False,False,False,False,False,False,False,False,False,True,False,0,3,0.0,disagreement,3,2
abt-buy_0973,852,False,False,False,False,False,False,False,False,False,False,True,False,0,3,0.0,disagreement,3,2
abt-buy_0974,795,False,False,False,False,False,False,False,False,False,False,True,False,0,3,0.0,disagreement,3,2
abt-buy_0975,845,False,False,False,False,False,False,False,False,False,False,True,False,0,3,0.0,disagreement,3,2
abt-buy_0976,843,False,False,False,False,False,False,False,False,False,False,True,False,0,3,0.0,disagreement,3,2
abt-buy_0977,841,False,False,False,False,False,False,False,False,False,False,True,False,0,3,0.0,disagreement,3,2
abt-buy_0978,796,False,False,False,False,False,False,False,False,False,False,True,False,0,3,0.0,disagreement,3,2
abt-buy_0979,847,False,False,False,False,False,False,False,False,False,False,True,False,0,3,0.0,disagreement,3,2
abt-buy_0980,844,False,False,False,False,False,False,False,False,False,False,True,False,0,3,0.0,disagreement,3,2
abt-buy_0981,840,False,False,False,False,False,False,False,False,False,False,True,False,0,3,0.0,disagreement,3,2
abt-buy_0982,849,False,False,False,False,False,False,False,False,False,False,True,False,0,3,0.0,disagreement,3,2
abt-buy_0983,851,False,False,False,False,False,False,False,False,False,False,True,False,0,3,0.0,disagreement,3,2
abt-buy_0984,853,False,False,False,False,False,False,False,False,False,False,True,False,0,3,0.0,disagreement,3,2
abt-buy_0985,837,False,False,False,False,False,False,False,False,False,False,True,False,0,3,0.0,disagreement,3,2
abt-buy_0986,883,False,False,False,False,False,False,False,False,False,False,True,False,0,3,0.0,disagreement,3,2
abt-buy_0987,483,False,False,False,False,False,False,False,False,False,False,True,False,0,3,0.0,disagreement,3,2
abt-buy_0988,142,False,False,False,False,False,False,False,False,False,False,True,False,0,3,0.0,disagreement,3,2
abt-buy_0989,1063,False,False,False,False,False,False,False,False,False,False,True,False,0,3,0.0,disagreement,3,2
abt-buy_0990,999,False,False,False,False,False,False,False,False,False,False,True,False,0,3,0.0,disagreement,3,2
abt-buy_0991,648,False,False,False,False,False,False,False,False,False,False,True,False,0,3,0.0,disagreement,3,2
abt-buy_0992,983,False,False,False,False,False,False,False,False,False,False,True,False,0,3,0.0,disagreement,3,2
abt-buy_0993,1015,False,False,False,False,False,False,False,False,False,False,True,False,0,3,0.0,disagreement,3,2
abt-buy_0994,982,False,False,False,False,False,False,False,False,False,False,True,False,0,3,0.0,disagreement,3,2
abt-buy_0995,1053,False,False,False,False,False,False,False,False,False,False,True,False,0,3,0.0,disagreement,3,2
abt-buy_0996,975,False,False,False,False,False,False,False,False,False,False,True,False,0,3,0.0,disagreement,3,2
abt-buy_0997,1056,False,False,False,False,False,False,False,False,False,False,True,False,0,3,0.0,disagreement,3,2
abt-buy_0998,166,False,False,False,False,False,False,False,False,False,False,True,False,0,3,0.0,disagreement,3,2
abt-buy_0999,63,False,False,False,False,False,False,False,False,False,False,True,False,0,3,0.0,disagreement,3,2
abt-buy_1000,53,False,False,False,False,False,False,False,False,False,False,True,False,0,3,0.0,disagreement,3,2
abt-buy_1001,64,False,False,False,False,False,False,False,False,False,False,True,False,0,3,0.0,disagreement,3,2
abt-buy_1002,794,False,False,False,False,False,False,False,False,False,False,True,False,0,3,0.0,disagreement,3,2
abt-buy_1003,119,False,False,False,False,False,False,False,False,False,False,True,False,0,3,0.0,disagreement,3,2
abt-buy_1004,102,False,False,False,False,False,False,False,False,False,False,True,False,0,3,0.0,disagreement,3,2
abt-buy_1005,123,False,False,False,False,False,False,False,False,False,False,True,False,0,3,0.0,disagreement,3,2
abt-buy_1006,191,False,False,False,False,False,False,False,False,False,False,True,False,0,3,0.0,disagreement,3,2
abt-buy_1007,294,False,False,False,False,False,False,False,False,False,False,True,False,0,3,0.0,disagreement,3,2
abt-buy_1008,146,False,False,False,False,False,False,False,False,False,False,True,False,0,3,0.0,disagreement,3,2
abt-buy_1009,233,False,False,False,False,False,False,False,False,False,False,True,False,0,3,0.0,disagreement,3,2
abt-buy_1010,208,False,False,False,False,False,False,False,False,False,False,True,False,0,3,0.0,disagreement,3,2
abt-buy_1011,237,False,False,False,False,False,False,False,False,False,False,True,False,0,3,0.0,disagreement,3,2
abt-buy_1012,207,False,False,False,False,False,False,False,False,False,False,True,False,0,3,0.0,disagreement,3,2
abt-buy_1013,811,False,False,False,False,False,False,False,False,False,False,True,False,0,3,0.0,disagreement,3,2
abt-buy_1014,70,False,False,False,False,False,False,False,False,False,False,True,False,0,3,0.0,disagreement,3,2
abt-buy_1015,232,False,False,False,False,False,False,False,False,False,False,True,False,0,3,0.0,disagreement,3,2
abt-buy_1016,193,False,False,False,False,False,False,False,False,False,False,True,False,0,3,0.0,disagreement,3,2
abt-buy_1017,261,False,False,False,False,False,False,False,False,False,False,True,False,0,3,0.0,disagreement,3,2
abt-buy_1018,190,False,False,False,False,False,False,False,False,False,False,True,False,0,3,0.0,disagreement,3,2
abt-buy_1019,205,False,False,False,False,False,False,False,False,False,False,True,False,0,3,0.0,disagreement,3,2
abt-buy_1020,266,False,False,False,False,False,False,False,False,False,False,True,False,0,3,0.0,disagreement,3,2
abt-buy_1021,288,False,False,False,False,False,False,False,False,False,False,True,False,0,3,0.0,disagreement,3,2
abt-buy_1022,315,False,False,False,False,False,False,False,False,False,False,True,False,0,3,0.0,disagreement,3,2
abt-buy_1023,786,False,False,False,False,False,False,False,False,False,False,True,False,0,3,0.0,disagreement,3,2
abt-buy_1024,385,False,False,False,False,False,False,False,False,False,False,True,False,0,3,0.0,disagreement,3,2
abt-buy_1025,348,False,False,False,False,False,False,False,False,False,False,True,False,0,3,0.0,disagreement,3,2
abt-buy_1026,227,False,False,False,False,False,False,False,False,False,False,True,False,0,3,0.0,disagreement,3,2
abt-buy_1027,254,False,False,False,False,False,False,False,False,False,False,True,False,0,3,0.0,disagreement,3,2
abt-buy_1028,322,False,False,False,False,False,False,False,False,False,False,True,False,0,3,0.0,disagreement,3,2
abt-buy_1029,790,False,False,False,False,False,False,False,False,False,False,True,False,0,3,0.0,disagreement,3,2
abt-buy_1030,730,False,False,False,False,False,False,False,False,False,False,True,False,0,3,0.0,disagreement,3,2
abt-buy_1031,635,False,False,False,False,False,False,False,False,False,False,True,False,0,3,0.0,disagreement,3,2
abt-buy_1032,554,False,False,False,False,False,False,False,False,False,False,True,False,0,3,0.0,disagreement,3,2
abt-buy_1033,622,False,False,False,False,False,False,False,False,False,False,True,False,0,3,0.0,disagreement,3,2
abt-buy_1034,542,False,False,False,False,False,False,False,False,False,False,True,False,0,3,0.0,disagreement,3,2
abt-buy_1035,808,False,False,False,False,False,False,False,False,False,False,True,False,0,3,0.0,disagreement,3,2
abt-buy_1036,773,False,False,False,False,False,False,False,False,False,False,True,False,0,3,0.0,disagreement,3,2
abt-buy_1037,774,False,False,False,False,False,False,False,False,False,False,True,False,0,3,0.0,disagreement,3,2
abt-buy_1038,755,False,False,False,False,False,False,False,False,False,False,True,False,0,3,0.0,disagreement,3,2
abt-buy_1039,702,False,False,False,False,False,False,False,False,False,False,True,False,0,3,0.0,disagreement,3,2
abt-buy_1040,498,False,False,False,False,False,False,False,False,False,False,True,False,0,3,0.0,disagreement,3,2
abt-buy_1041,778,False,False,False,False,False,False,False,False,False,False,True,False,0,3,0.0,disagreement,3,2
abt-buy_1042,813,False,False,False,False,False,False,False,False,False,False,True,False,0,3,0.0,disagreement,3,2
abt-buy_1043,812,False,False,False,False,False,False,False,False,False,False,True,False,0,3,0.0,disagreement,3,2
abt-buy_1044,305,False,False,False,False,False,False,False,False,False,False,True,False,0,3,0.0,disagreement,3,2
abt-buy_1045,1034,False,False,False,False,False,False,False,False,False,False,True,False,0,3,0.0,disagreement,3,2
abt-buy_1046,803,False,False,False,False,False,False,False,False,False,False,True,False,0,3,0.0,disagreement,3,2
abt-buy_1047,897,False,False,False,False,False,False,False,False,False,False,True,False,0,3,0.0,disagreement,3,2
abt-buy_1048,900,False,False,False,False,False,False,False,False,False,False,True,False,0,3,0.0,disagreement,3,2
abt-buy_1049,972,False,False,False,False,False,False,False,False,False,False,True,False,0,3,0.0,disagreement,3,2
abt-buy_1050,1042,False,False,False,False,False,False,False,False,False,False,True,False,0,3,0.0,disagreement,3,2
abt-buy_1051,860,False,False,False,False,False,False,False,False,False,False,True,False,0,3,0.0,disagreement,3,2
abt-buy_1052,979,False,False,False,False,False,False,False,False,False,False,True,False,0,3,0.0,disagreement,3,2
abt-buy_1053,926,False,False,False,False,False,False,False,False,False,False,True,False,0,3,0.0,disagreement,3,2
abt-buy_1054,1006,False,False,False,False,False,False,False,False,False,False,True,False,0,3,0.0,disagreement,3,2
abt-buy_1055,980,False,False,False,False,False,False,False,False,False,False,True,False,0,3,0.0,disagreement,3,2
abt-buy_1056,879,False,False,False,False,False,False,False,False,False,False,True,False,0,3,0.0,disagreement,3,2
abt-buy_1057,1067,False,False,False,False,False,False,False,False,False,False,True,False,0,3,0.0,disagreement,3,2
abt-buy_1058,967,False,False,False,False,False,False,False,False,False,False,True,False,0,3,0.0,disagreement,3,2
abt-buy_1059,1000,False,False,False,False,False,False,False,False,False,False,True,False,0,3,0.0,disagreement,3,2
abt-buy_1060,1075,False,False,False,False,False,False,False,False,False,False,True,False,0,3,0.0,disagreement,3,2
abt-buy_1061,139,False,False,False,False,False,False,False,False,False,False,True,False,0,3,0.0,disagreement,3,2
abt-buy_1062,11,False,False,False,False,False,False,False,False,False,False,True,False,0,3,0.0,disagreement,3,2
abt-buy_1063,9,False,False,False,False,False,False,False,False,False,False,True,False,0,3,0.0,disagreement,3,2
abt-buy_1064,1,False,False,False,False,False,False,False,False,False,False,True,False,0,3,0.0,disagreement,3,2
abt-buy_1065,51,False,False,False,False,False,False,False,False,False,False,True,False,0,3,0.0,disagreement,3,2
abt-buy_1066,83,False,False,False,False,False,False,False,False,False,False,True,False,0,3,0.0,disagreement,3,2
abt-buy_1067,134,False,False,False,False,False,False,False,False,False,False,True,False,0,3,0.0,disagreement,3,2
abt-buy_1068,160,False,False,False,False,False,False,False,False,False,False,True,False,0,3,0.0,disagreement,3,2
abt-buy_1069,255,False,False,False,False,False,False,False,False,False,False,True,False,0,3,0.0,disagreement,3,2
abt-buy_1070,392,False,False,False,False,False,False,False,False,False,False,True,False,0,3,0.0,disagreement,3,2
abt-buy_1071,627,False,False,False,False,False,False,False,False,False,False,True,False,0,3,0.0,disagreement,3,2
abt-buy_1072,628,False,False,False,False,False,False,False,False,False,False,True,False,0,3,0.0,disagreement,3,2
abt-buy_1073,629,False,False,False,False,False,False,False,False,False,False,True,False,0,3,0.0,disagreement,3,2
abt-buy_1074,1007,False,False,False,False,False,False,False,False,False,False,True,False,0,3,0.0,disagreement,3,2
abt-buy_1075,105,False,False,False,False,False,False,False,False,False,False,True,False,0,3,0.0,disagreement,3,2
abt-buy_1076,307,False,False,False,False,False,False,False,False,False,False,True,False,0,3,0.0,disagreement,3,2
abt-buy_1077,308,False,False,False,False,False,False,False,False,False,False,True,False,0,3,0.0,disagreement,3,2
abt-buy_1078,285,False,False,False,False,False,False,False,False,False,False,True,False,0,3,0.0,disagreement,3,2
abt-buy_1079,80,False,False,False,False,False,False,False,False,False,False,True,False,0,3,0.0,disagreement,3,2
abt-buy_1080,2,False,False,False,False,False,False,False,False,False,False,True,False,0,3,0.0,disagreement,3,2
abt-buy_1081,152,False,False,False,False,False,False,False,False,False,False,True,False,0,3,0.0,disagreement,3,2
abt-buy_1082,157,False,False,False,False,False,False,False,False,False,False,True,False,0,3,0.0,disagreement,3,2
abt-buy_1083,154,False,False,False,False,False,False,False,False,False,False,True,False,0,3,0.0,disagreement,3,2
abt-buy_1084,170,False,False,False,False,False,False,False,False,False,False,True,False,0,3,0.0,disagreement,3,2
abt-buy_1085,217,False,False,False,False,False,False,False,False,False,False,True,False,0,3,0.0,disagreement,3,2
abt-buy_1086,331,False,False,False,False,False,False,False,False,False,False,True,False,0,3,0.0,disagreement,3,2
abt-buy_1087,332,False,False,False,False,False,False,False,False,False,False,True,False,0,3,0.0,disagreement,3,2
abt-buy_1088,242,False,False,False,False,False,False,False,False,False,False,True,False,0,3,0.0,disagreement,3,2
abt-buy_1089,252,False,False,False,False,False,False,False,False,False,False,True,False,0,3,0.0,disagreement,3,2
abt-buy_1090,351,False,False,False,False,False,False,False,False,False,False,True,False,0,3,0.0,disagreement,3,2
abt-buy_1091,226,False,False,False,False,False,False,False,False,False,False,True,False,0,3,0.0,disagreement,3,2
