event_id,true_master_id,supplier_raw_brand,supplier_raw_product_name,supplier_raw_quantity,supplier_raw_gtin,supplier_norm_brand,supplier_norm_product_name,supplier_norm_quantity,supplier_norm_gtin,artwork_brand,artwork_product_name,artwork_quantity,artwork_gtin,artwork_norm_brand,artwork_norm_quantity,master_brand,master_product_name,master_quantity,master_gtin,master_norm_brand,master_norm_quantity
abt-buy_0000,1029,LINKSYS,Linksys EtherFast EZXS88W Ethernet Switch - EZXS88W,,80000000010297,linksys,linksys etherfast ezxs88w ethernet switch - ezxs88w,,80000000010297,,,,,,,,Linksys EtherFast 8-Port 10/100 Switch - EZXS88W,,80000000010297,,
abt-buy_0001,1028,LINKSYS,Linksys EtherFast EZXS55W Ethernet Switch,,80000000010287,linksys,linksys etherfast ezxs55w ethernet switch,,80000000010287,,,,,,,,Linksys EtherFast10/100 5-Port Auto-Sensing Switch - EZXS55W,,80000000010287,,
abt-buy_0002,436,Netgear,Netgear ProSafe FS105 Ethernet Switch - FS105NA,,80000000004367,netgear,netgear prosafe fs105 ethernet switch - fs105na,,80000000004367,,,,,,,,Netgear ProSafe 5 Port 10/100 Desktop Switch - FS105,,80000000004367,,
abt-buy_0003,215,Belkin,Belkin Pro Series High Integrity VGA/SVGA Monitor Extension Cable - F3H982-10,,80000000002157,belkin,belkin pro series high integrity vga/svga monitor extension cable - f3h982-10,,80000000002157,,,,,,,,Belkin F3H982-10 Pro Series High Integrity 10 Feet Monitor Cable - F3H98210,,80000000002157,,
abt-buy_0004,161,Netgear,Netgear ProSafe JFS516 Ethernet Switch,,80000000001617,netgear,netgear prosafe jfs516 ethernet switch,,80000000001617,,,,,,,,Netgear Prosafe 16 Port 10/100 Rackmount Switch - Black Finish - JFS516NA,,80000000001617,,
abt-buy_0005,828,LACIE,LaCie Pocket Floppy Disk Drive - 706018,,80000000008287,lacie,lacie pocket floppy disk drive - 706018,,80000000008287,,,,,,,,LaCie USB 2.0 Floppy Disk Drive - 706018,,80000000008287,,
abt-buy_0006,779,Canon,Canon KP 36IP Print Cartridge / Paper Kit - 7737A001,,80000000007797,canon,canon kp 36ip print cartridge / paper kit - 7737a001,,80000000007797,,,,,,,,Canon KP-36IP Color Ink & Paper Set - 7737A001,,80000000007797,,
abt-buy_0007,378,Kensington,Kensington Orbit Optical Trackball - USB w/PS2 Adapter - 64327,,80000000003787,kensington,kensington orbit optical trackball - usb w/ps2 adapter - 64327,,80000000003787,,,,,,,,Kensington Orbit Optical Trackball Mouse - 64327,,80000000003787,,
abt-buy_0008,1026,LINKSYS,Linksys EtherFast EF4116 Ethernet Switch,,80000000010267,linksys,linksys etherfast ef4116 ethernet switch,,80000000010267,,,,,,,,Linksys EtherFast4116 16-Port 10/100 Ethernet Switch - EF4116,,80000000010267,,
abt-buy_0009,135,LINKSYS,Linksys EtherFast EF4124 Ethernet Switch,,80000000001357,linksys,linksys etherfast ef4124 ethernet switch,,80000000001357,,,,,,,,Linksys EtherFast 4124 24-Port Ethernet Switch - EF4124,,80000000001357,,
abt-buy_0010,1027,LINKSYS,Linksys Instant Gigabit EG005W Ethernet Switch,,80000000010277,linksys,linksys instant gigabit eg005w ethernet switch,,80000000010277,,,,,,,,Linksys Gigabit 5-Port Workgroup Switch - EG005W,,80000000010277,,
abt-buy_0011,463,LINKSYS,Linksys G Wireless-G WET54G Wireless Bridge,,80000000004637,linksys,linksys g wireless-g wet54g wireless bridge,,80000000004637,,,,,,,,Linksys Wireless-G Ethernet Bridge - WET54G,,80000000004637,,
abt-buy_0012,219,Tripp Lite,Tripp Lite PowerVerter 375-Watt Ultra-Compact Inverter - PV375,,80000000002197,tripp lite,tripp lite powerverter 375-watt ultra-compact inverter - pv375,,80000000002197,,,,,,,,Tripp-Lite PV375 PowerVerter 375-Watt Ultra-Compact Inverter - PV375,,80000000002197,,
abt-buy_0013,959,Netgear,Netgear ProSafe GS105 Ethernet Switch - GS105NA,,80000000009597,netgear,netgear prosafe gs105 ethernet switch - gs105na,,80000000009597,,,,,,,,Netgear Prosafe 5 Port Gigabit Ethernet Desktop Switch - GS105NA,,80000000009597,,
abt-buy_0014,238,Belkin,Belkin Monitor Cable - F3H982-25,,80000000002387,belkin,belkin monitor cable - f3h982-25,,80000000002387,,,,,,,,Belkin F3H982-25 Black 25 Ft Pro Series High Integrity VGA/SVGA Monitor Replacement Cable - F3H98225,,80000000002387,,
abt-buy_0015,824,Logitech,Logitech Driving Force Pro for PlayStation 2 - 963293-0403,,80000000008247,logitech,logitech driving force pro for playstation 2 - 963293-0403,,80000000008247,,,,,,,,Logitech Driving Force Pro Steering Wheel With Pedals Set For Sony Playstation 2 - 9632930403,,80000000008247,,
abt-buy_0016,60,Belkin,Belkin AC Anywhere 300W Power Inverter - F5C400-300W,,80000000000607,belkin,belkin ac anywhere 300w power inverter - f5c400-300w,,80000000000607,,,,,,,,Belkin AC Anywhere - F5C400300W,,80000000000607,,
abt-buy_0017,1081,LINKSYS,Linksys Wireless-G Range Expander Wireless Bridge - WRE54G,,80000000010817,linksys,linksys wireless-g range expander wireless bridge - wre54g,,80000000010817,,,,,,,,Linksys Wireless-G Range Expander - WRE54G,,80000000010817,,
abt-buy_0018,100,Sony,Sony VAIO Notebook and AC Adapter Case - VGPAMC2,,80000000001007,sony,sony vaio notebook and ac adapter case - vgpamc2,,80000000001007,,,,,,,,Sony VAIO Neoprene Notebook With AC Adapter Case - Black Finish - VGPAMC2,,80000000001007,,
abt-buy_0019,827,D-Link,D-Link Express EtherNetwork High-Speed DOCSIS 2.0 Cable Modem - DCM-202,,80000000008277,d-link,d-link express ethernetwork high-speed docsis 2.0 cable modem - dcm-202,,80000000008277,,,,,,,,D-Link Broadband Cable Modem - DCM202,,80000000008277,,
abt-buy_0020,90,Sony,Sony Notebook and AC Adapter Cases - VGPAMC3,,80000000000907,sony,sony notebook and ac adapter cases - vgpamc3,,80000000000907,,,,,,,,Sony VAIO Neoprene Laptop Carrying Case - Black Finish - VGPAMC3,,80000000000907,,
abt-buy_0021,26,Panasonic,Panasonic Black Toner Cartridge - KX-FA83,,80000000000267,panasonic,panasonic black toner cartridge - kx-fa83,,80000000000267,,,,,,,,Panasonic Laser Toner Cartridge - KXFA83,,80000000000267,,
abt-buy_0022,1080,Logitech,Logitech Z-2300 Multimedia Speaker System - 970118-0403,,80000000010807,logitech,logitech z-2300 multimedia speaker system - 970118-0403,,80000000010807,,,,,,,,Logitech 2.1 Multimedia Silver Speaker System - Z2300,,80000000010807,,
abt-buy_0023,408,Netgear,Netgear ProSafe WG102 Wireless Access Point 802.11g - WG102NA,,80000000004087,netgear,netgear prosafe wg102 wireless access point 802.11g - wg102na,,80000000004087,,,,,,,,Netgear Wireless Access Point - WG102,,80000000004087,,
abt-buy_0024,117,Netgear,Netgear RangeMax WPN802 Wireless Access Point - WPN802NA,,80000000001177,netgear,netgear rangemax wpn802 wireless access point - wpn802na,,80000000001177,,,,,,,,Netgear RangeMax Wireless Access Point - White Finish - WPN802NA,,80000000001177,,
abt-buy_0025,101,Netgear,Netgear ProSafe FS726TP 24 Port 10/100 Smart Switch - FS726TPNA,,80000000001017,netgear,netgear prosafe fs726tp 24 port 10/100 smart switch - fs726tpna,,80000000001017,,,,,,,,NetGear ProSafe 24 Port Smart Switch - FS726TP,,80000000001017,,
abt-buy_0026,195,,Linksys WRV54G Wireless-G VPN Broadband Router,,80000000001957,,linksys wrv54g wireless-g vpn broadband router,,80000000001957,,,,,,,,Linksys Wireless-G VPN Broadband Silver Router - WRV54G,,80000000001957,,
abt-buy_0027,125,"SQUARE ENIX, LLC",Kingdom Hearts II,,80000000001257,"square enix, llc",kingdom hearts ii,,80000000001257,,,,,,,,Kingdom Hearts II Video Game For The Sony PS2 - 662248904115,,80000000001257,,
abt-buy_0028,93,Canon,Canon CLI-8M Ink Cartridge - 0622B002,,80000000000937,canon,canon cli-8m ink cartridge - 0622b002,,80000000000937,,,,,,,,Canon Magenta Ink Tank - Magenta - CLI8M,,80000000000937,,
abt-buy_0029,91,Canon,"Canon Ink Cartridge For PIXMA iP1600, iP6210D and iP6220D Printers - 0617B002",,80000000000917,canon,"canon ink cartridge for pixma ip1600, ip6210d and ip6220d printers - 0617b002",,80000000000917,,,,,,,,Canon Color Ink Tank - CL41CL,,80000000000917,,
abt-buy_0030,435,Canon,"Canon Ink Cartridge For PIXMA iP4200, iP5200, iP5200R and iP6600D Printers - 0620B002",,80000000004357,canon,"canon ink cartridge for pixma ip4200, ip5200, ip5200r and ip6600d printers - 0620b002",,80000000004357,,,,,,,,Canon Black Photo Ink Cartridge - CLI8B,,80000000004357,,
abt-buy_0031,92,Canon,Canon CLI-8C Ink Cartridge - 0621B002,,80000000000927,canon,canon cli-8c ink cartridge - 0621b002,,80000000000927,,,,,,,,Canon Cyan Ink Tank - Cyan - CLI8C,,80000000000927,,
abt-buy_0032,96,Canon,Canon CLI-8Y Ink Cartridge - 0623B002,,80000000000967,canon,canon cli-8y ink cartridge - 0623b002,,80000000000967,,,,,,,,Canon Yellow Ink Cartridge - Yellow - CLI8Y,,80000000000967,,
abt-buy_0033,97,Canon,Canon Black Ink Cartridge - 0615B002,,80000000000977,canon,canon black ink cartridge - 0615b002,,80000000000977,,,,,,,,Canon Black Ink Cartridge - Black - PG40BK,,80000000000977,,
abt-buy_0034,199,Canon,Canon PGI-5BK Black Ink Cartridge - 0628B002,,80000000001997,canon,canon pgi-5bk black ink cartridge - 0628b002,,80000000001997,,,,,,,,Canon PGI-5BK Black Ink Tank Cartridge - PGI5BK,,80000000001997,,
abt-buy_0035,759,Peerless,Peerless Universal Flat Wall Mount - SF640P,,80000000007597,peerless,peerless universal flat wall mount - sf640p,,80000000007597,,,,,,,,Peerless 23' - 46' Universal Flat Panel TV Black Wall Mount - SF640P,,80000000007597,,
abt-buy_0036,107,Netgear,Netgear ProSafe FS116P Ethernet Switch - FS116PNA,,80000000001077,netgear,netgear prosafe fs116p ethernet switch - fs116pna,,80000000001077,,,,,,,,Netgear ProSafe 16 Port 10/100 Desktop Switch - Purple Finish - FS116P,,80000000001077,,
abt-buy_0037,729,Peerless,Peerless Universal Tilt Wall Mount,,80000000007297,peerless,peerless universal tilt wall mount,,80000000007297,,,,,,,,Peerless 37' - 60' Flat Panel TV Black Wall Mount  - ST660P,,80000000007297,,
abt-buy_0038,1004,Netgear,Netgear ProSafe JGS524F 24-Port Gigabit Ethernet Switch - JGS524FNA,,80000000010047,netgear,netgear prosafe jgs524f 24-port gigabit ethernet switch - jgs524fna,,80000000010047,,,,,,,,Netgear ProSafe 24-Port Gigabit Rackmount Switch With 2 SFP Slots - JGS524F,,80000000010047,,
abt-buy_0039,1065,Tripp Lite,Tripp Lite Video Cable - P502-025,,80000000010657,tripp lite,tripp lite video cable - p502-025,,80000000010657,,,,,,,,Tripp-Lite Black 25 Foot SVGA HD15M To HD15M Computer Monitor Cable - P502025,,80000000010657,,
abt-buy_0040,410,Logitech,Logitech diNovo Media Desktop Laser - 967562-0403,,80000000004107,logitech,logitech dinovo media desktop laser - 967562-0403,,80000000004107,,,,,,,,Logitech diNovo Media Desktop Laser Keyboard And Mouse Combo - 967562,,80000000004107,,
abt-buy_0041,410,Logitech,Logitech Cordless Desktop MX 5000 Laser - 967562-0403,,80000000004107,logitech,logitech cordless desktop mx 5000 laser - 967562-0403,,80000000004107,,,,,,,,Logitech diNovo Media Desktop Laser Keyboard And Mouse Combo - 967562,,80000000004107,,
abt-buy_0042,110,Canon,"Canon CL-51 High Capacity Color Ink Cartridge For PIXMA MP450, PIXMA iP6210D and PIXMA iP6220D Printers - 0618B002",,80000000001107,canon,"canon cl-51 high capacity color ink cartridge for pixma mp450, pixma ip6210d and pixma ip6220d printers - 0618b002",,80000000001107,,,,,,,,Canon High Capacity Color Ink Cartridge - Color Ink - CL51,,80000000001107,,
abt-buy_0043,293,Canon,Canon PG-50 High Capacity Black Ink Cartridge For PIXMA MP450 Printer - 0616B002,,80000000002937,canon,canon pg-50 high capacity black ink cartridge for pixma mp450 printer - 0616b002,,80000000002937,,,,,,,,Canon Black Ink Cartridge - PG50,,80000000002937,,
abt-buy_0044,111,Canon,Canon CL-52 Photo Ink Cartridge For PIXMA iP6210D and PIXMA iP6220D Printers - 0619B002,,80000000001117,canon,canon cl-52 photo ink cartridge for pixma ip6210d and pixma ip6220d printers - 0619b002,,80000000001117,,,,,,,,Canon Photo Ink Cartridge - CL52,,80000000001117,,
abt-buy_0045,50,DeLonghi,"DeLonghi DC50B Twenty Four Seven Drip Coffee Maker, Black",,80000000000507,delonghi,"delonghi dc50b twenty four seven drip coffee maker, black",,80000000000507,,,,,,,,Delonghi Twenty Four Seven Coffee Maker In Black - DC50B,,80000000000507,,
abt-buy_0046,1072,Panasonic,Panasonic DVD-RAM Media - LM-AF30U3,,80000000010727,panasonic,panasonic dvd-ram media - lm-af30u3,,80000000010727,,,,,,,,Panasonic LM-AF30U3 Three Pack Of Single-Sided 30 Minute DVD-RAM Discs - LMAF30U3,,80000000010727,,
abt-buy_0047,404,Belkin,Belkin Hi-Speed USB 2.0 7-Port Hub - F5U237-APL-S,,80000000004047,belkin,belkin hi-speed usb 2.0 7-port hub - f5u237-apl-s,,80000000004047,,,,,,,,Belkin Hi-Speed USB 2.0 7-Port Hub - F5U237APLS,,80000000004047,,
abt-buy_0048,994,Canon,Canon EF 70-300mm f/4-5.6 IS USM Telephoto Zoom Lens - 0345B002,,80000000009947,canon,canon ef 70-300mm f/4-5.6 is usm telephoto zoom lens - 0345b002,,80000000009947,,,,,,,,Canon Black EF 70-300mm F/4-5.6 IS USM Telephoto Zoom Lens - 0345B002,,80000000009947,,
abt-buy_0049,58,"UNIVERSAL REMOTE CONTROL, INC",Universal Aeros IR/RF Remote Control - MX850,,80000000000587,"universal remote control, inc",universal aeros ir/rf remote control - mx850,,80000000000587,,,,,,,,Universal IR/RF Aeros Remote Control- MX850 - MX850,,80000000000587,,
abt-buy_0050,57,"UNIVERSAL REMOTE CONTROL, INC",Universal MX-350 Osiris Remote Control - MX350,,80000000000577,"universal remote control, inc",universal mx-350 osiris remote control - mx350,,80000000000577,,,,,,,,Universal IR/RF Remote - MX350,,80000000000577,,
abt-buy_0051,78,Panasonic,Panasonic NN-H965BF Microwave Oven - Counter Top - 2.2ft - 1250W - Black,,80000000000787,panasonic,panasonic nn-h965bf microwave oven - counter top - 2.2ft - 1250w - black,,80000000000787,,,,,,,,Panasonic Genius Countertop Microwave In Black - NNH965BK,,80000000000787,,
abt-buy_0052,72,Panasonic,Panasonic NN-H965WF Luxury Full-Size 2-1/5-Cubic-Foot 1250-Watt Microwave Oven- White,,80000000000727,panasonic,panasonic nn-h965wf luxury full-size 2-1/5-cubic-foot 1250-watt microwave oven- white,,80000000000727,,,,,,,,Panasonic Genius Countertop Microwave In White - NNH965WH,,80000000000727,,
abt-buy_0053,345,LINKSYS,Linksys Wireless-G WRT54GL Broadband Router,,80000000003457,linksys,linksys wireless-g wrt54gl broadband router,,80000000003457,,,,,,,,Linksys Wireless-G Broadband Router - WRT54GL,,80000000003457,,
abt-buy_0054,163,Terk Technologies,Audiovox XM6 Outdoor Home Antenna - XM-6,,80000000001637,terk technologies,audiovox xm6 outdoor home antenna - xm-6,,80000000001637,,,,,,,,Terk XM Outdoor Home Antenna - Grey Finish - XM6,,80000000001637,,
abt-buy_0055,77,Nikon,Nikon Speedlight SB-600 AF Flash Light - 4802,,80000000000777,nikon,nikon speedlight sb-600 af flash light - 4802,,80000000000777,,,,,,,,Nikon AF Speedlight Accessory - SB600,,80000000000777,,
abt-buy_0056,283,Kensington,Kensington MicroSaver Notebook Lock - 64068F,,80000000002837,kensington,kensington microsaver notebook lock - 64068f,,80000000002837,,,,,,,,Kensington MicroSaver Keyed Notebook Lock - 64068F,,80000000002837,,
abt-buy_0057,1022,LINKSYS,Linksys Wireless-G WUSB54GC Compact USB Adapter,,80000000010227,linksys,linksys wireless-g wusb54gc compact usb adapter,,80000000010227,,,,,,,,Linksys Compact Wireless-G USB Adapter - WUSB54GC,,80000000010227,,
abt-buy_0058,265,Sirius,Sirius Outdoor Home Antenna - 14240,,80000000002657,sirius,sirius outdoor home antenna - 14240,,80000000002657,,,,,,,,Sirius External Home Antenna - 14240,,80000000002657,,
abt-buy_0059,197,Sony,Sony Ribbon and Paper with Snap-Off Edges For DPP-FP50 Digital Photo Printer - SVMF120P,,80000000001977,sony,sony ribbon and paper with snap-off edges for dpp-fp50 digital photo printer - svmf120p,,80000000001977,,,,,,,,Sony Digital Photo Printer Paper 120 Pack - SVMF120P,,80000000001977,,
abt-buy_0060,120,Sanus,Sanus VCD/DVD Wall Mount - VMAVB,,80000000001207,sanus,sanus vcd/dvd wall mount - vmavb,,80000000001207,,,,,,,,Sanus VMAV Black VisionMount Component Wall Shelf VMAVB In Black - VMAVB,,80000000001207,,
abt-buy_0061,109,Logitech,Logitech Harmony 890 Advanced Universal Remote - 966193-0403,,80000000001097,logitech,logitech harmony 890 advanced universal remote - 966193-0403,,80000000001097,,,,,,,,Logitech Harmony 890 Advanced Universal Remote Control - H890,,80000000001097,,
abt-buy_0062,109,Logitech,"Logitech Harmony 890 Advanced Universal Remote - HDTV, TV, DVD Player(s), Lighting, Audio System - 100 ft - Universal Remote - 966193-0403",,80000000001097,logitech,"logitech harmony 890 advanced universal remote - hdtv, tv, dvd player(s), lighting, audio system - 100 ft - universal remote - 966193-0403",,80000000001097,,,,,,,,Logitech Harmony 890 Advanced Universal Remote Control - H890,,80000000001097,,
abt-buy_0063,228,Sony,Sony VAIO SZ Series Docking Station - VGPPRSZ1,,80000000002287,sony,sony vaio sz series docking station - vgpprsz1,,80000000002287,,,,,,,,Sony VAIO VGP-PRSZ1 SZ Series Docking Station - VGPPRSZ1,,80000000002287,,
abt-buy_0064,54,Sony,Sony Print Paper - SVMF40P,,80000000000547,sony,sony print paper - svmf40p,,80000000000547,,,,,,,,Sony Digital Photo Printer Paper 40 Pack  - SVMF40P,,80000000000547,,
abt-buy_0065,797,Canon,Canon Canon CB-2LW Battery Charger - 0763B001,,80000000007977,canon,canon canon cb-2lw battery charger - 0763b001,,80000000007977,,,,,,,,Canon Battery Charger - 0763B001,,80000000007977,,
abt-buy_0066,122,TiVo,Tivo AG0100 Wireless G USB Network Adapter,,80000000001227,tivo,tivo ag0100 wireless g usb network adapter,,80000000001227,,,,,,,,Tivo Wireless Adapter - AG0100,,80000000001227,,
abt-buy_0067,126,TiVo,TiVo TCD649080 - Series2 Digital Video Recorder - Up to 80 Hours Capacity,,80000000001267,tivo,tivo tcd649080 - series2 digital video recorder - up to 80 hours capacity,,80000000001267,,,,,,,,TiVo Series2 Dual Tuner Digital Video Recorder - TCD649080,,80000000001267,,
abt-buy_0068,181,Lowepro,"Lowepro Rezo 15 Camera Case - MicroFiber, Ripstop Nylon - Black (Black)",,80000000001817,lowepro,"lowepro rezo 15 camera case - microfiber, ripstop nylon - black (black)",,80000000001817,,,,,,,,Lowepro Digital Camera Case In Black - REZO15BK,,80000000001817,,
abt-buy_0069,201,Lowepro,"Lowepro SlingShot 200 AW Camera Backpack - Backpack - MicroFiber, Ripstop Nylon - Black, Gray (Black)",,80000000002017,lowepro,"lowepro slingshot 200 aw camera backpack - backpack - microfiber, ripstop nylon - black, gray (black)",,80000000002017,,,,,,,,Lowepro SlingShot 200 AW Digital Camera Back Pack - SLINGSHOT200AW,,80000000002017,,
abt-buy_0070,182,Lowepro,"Lowepro Edit 100 Case for Camcorder - Nylon, MicroFiber - Black (Black)",,80000000001827,lowepro,"lowepro edit 100 case for camcorder - nylon, microfiber - black (black)",,80000000001827,,,,,,,,Lowepro Digital Camera Case In Black - EDIT100BK,,80000000001827,,
abt-buy_0071,156,Lucasarts Ent.,Lego Star Wars 2: The Original Trilogy,,80000000001567,lucasarts ent.,lego star wars 2: the original trilogy,,80000000001567,,,,,,,,LEGO Star Wars II: The Original Trilogy Video Game For The Sony PSP - 023272329396,,80000000001567,,
abt-buy_0072,192,Panasonic,Panasonic KX-TGA450B Cordless Handset,,80000000001927,panasonic,panasonic kx-tga450b cordless handset,,80000000001927,,,,,,,,Panasonic KX-TGA450B Black 5.8 GHz Cordless Handset - KXTGA450B,,80000000001927,,
abt-buy_0073,147,Panasonic,Panasonic KX-TG6700B Cordless Telephone,,80000000001477,panasonic,panasonic kx-tg6700b cordless telephone,,80000000001477,,,,,,,,Panasonic 2 Line 5.8 GHz FHSS GigaRange Expandable Digital Cordless Answering System - Black Finish - KXTG6700B,,80000000001477,,
abt-buy_0074,148,Panasonic,Panasonic KX-TGA670B Cordless Handset,,80000000001487,panasonic,panasonic kx-tga670b cordless handset,,80000000001487,,,,,,,,Panasonic 5.8GHz Add-On Handset For The KXTG6700B Phone System - Black Finish - KXTGA670B,,80000000001487,,
abt-buy_0075,225,Fellowes,Fellowes Powershred Personal W11C Shredder - 30100,,80000000002257,fellowes,fellowes powershred personal w11c shredder - 30100,,80000000002257,,,,,,,,Fellowes Confetti Cut Shredder - W11C,,80000000002257,,
abt-buy_0076,788,Sirius,Directed Electronics Antenna Extension Cable - 14230,,80000000007887,sirius,directed electronics antenna extension cable - 14230,,80000000007887,,,,,,,,Directed 50ft Extension Cable - 14230,,80000000007887,,
abt-buy_0077,118,Weber,Weber Q 300 Gas Grill,,80000000001187,weber,weber q 300 gas grill,,80000000001187,,,,,,,,Weber Q 300 Liquid Propane Outdoor Grill - 426001,,80000000001187,,
abt-buy_0078,136,Sony,Sony Learning Remote Control - RMVL600,,80000000001367,sony,sony learning remote control - rmvl600,,80000000001367,,,,,,,,Sony Learning Remote Control - Silver Finish - RMVL600,,80000000001367,,
abt-buy_0079,123,Uniden,Uniden TCX905 Cordless Handset - TCX905,,80000000001237,uniden,uniden tcx905 cordless handset - tcx905,,80000000001237,,,,,,,,Uniden 5.8GHz Accessory Handset And Charger - TCX905,,80000000001237,,
abt-buy_0080,85,Pioneer,Pioneer Nautica Marine Remote Control,,80000000000857,pioneer,pioneer nautica marine remote control,,80000000000857,,,,,,,,Pioneer Wired Marine Remote Control Display - CDMR80D,,80000000000857,,
abt-buy_0081,727,Pioneer,Pioneer TS-P462 Speaker,,80000000007277,pioneer,pioneer ts-p462 speaker,,80000000007277,,,,,,,,Pioneer 4'x6' 2-Way Component Plate Speaker - TSP462,,80000000007277,,
abt-buy_0082,940,Pioneer,Pioneer Nautica TS-MR1640 Marine Speaker - TS-MR1640,,80000000009407,pioneer,pioneer nautica ts-mr1640 marine speaker - ts-mr1640,,80000000009407,,,,,,,,Pioneer 6.5' 2-Way Marine White Speakers - TSMR1640FM,,80000000009407,,
abt-buy_0083,799,Canon,Canon NB-5L Lithium-Ion Digital Camera Battery - 1135B001,,80000000007997,canon,canon nb-5l lithium-ion digital camera battery - 1135b001,,80000000007997,,,,,,,,Canon NB-5L Lithium Battery - 1135B001,,80000000007997,,
abt-buy_0084,5,BOSE,Boss 161 Speaker,,80000000000057,bose,boss 161 speaker,,80000000000057,,,,,,,,Bose 27028 161 Bookshelf Pair Speakers In White - 161WH,,80000000000057,,
abt-buy_0085,86,BOSE,Bose PMCII Remote Control,,80000000000867,bose,bose pmcii remote control,,80000000000867,,,,,,,,Bose Second Zone Remote - PMC2,,80000000000867,,
abt-buy_0086,323,Apple,Apple DVI to mini-DVI Video Cable Adapter - M9321GB,,80000000003237,apple,apple dvi to mini-dvi video cable adapter - m9321gb,,80000000003237,,,,,,,,Apple Mini-DVI To DVI Adapter - M9321GB,,80000000003237,,
abt-buy_0087,400,Peerless,Peerless PLAV70-UNLP-S Articulating Dual-Arm with Vertical Adjustment - PLAV70 UNLPS,,80000000004007,peerless,peerless plav70-unlp-s articulating dual-arm with vertical adjustment - plav70 unlps,,80000000004007,,,,,,,,Peerless 42' - 71'  Articulating Flat Panel TV Silver Dual Wall Arm Mount - PLAV70UNLPS,,80000000004007,,
abt-buy_0088,177,Sanus,Sanus VisionMount Flat Panel TV Wall Mount - MF110-B1,,80000000001777,sanus,sanus visionmount flat panel tv wall mount - mf110-b1,,80000000001777,,,,,,,,Sanus 15' - 40' VisionMount Flat Panel TV Black Wall Mount - MF110B,,80000000001777,,
abt-buy_0089,168,Sanus,Sanus VisionMount Flat Panel TV Wall Mount - ML22-B1,,80000000001687,sanus,sanus visionmount flat panel tv wall mount - ml22-b1,,80000000001687,,,,,,,,Sanus 15' To 40' Flat Panel Black TV Wall Mount - ML22B1,,80000000001687,,
abt-buy_0090,171,Sanus,Sanus VisionMount Tilting Flat Panel TV Wall Mount - MT25-B1,,80000000001717,sanus,sanus visionmount tilting flat panel tv wall mount - mt25-b1,,80000000001717,,,,,,,,Sanus 15' - 40' VisionMount Flat Panel TV Black Wall Mount - MT25B1,,80000000001717,,
abt-buy_0091,8,Panasonic,Panasonic SDYD250 Automatic Bread Maker,,80000000000087,panasonic,panasonic sdyd250 automatic bread maker,,80000000000087,,,,,,,,Panasonic Yeast Pro Automatic Breadmaker - SDYD250,,80000000000087,,
abt-buy_0092,800,Canon,Canon PSC-55 Deluxe Leather Camera Case - 1588B001,,80000000008007,canon,canon psc-55 deluxe leather camera case - 1588b001,,80000000008007,,,,,,,,Canon Black Leather Camera Case - 1588B001,,80000000008007,,
abt-buy_0093,183,Garmin,Garmin GA 25MCX Low Profile Remote GPS Antenna - 010-10702-00,,80000000001837,garmin,garmin ga 25mcx low profile remote gps antenna - 010-10702-00,,80000000001837,,,,,,,,Garmin 010-10702-00 Black GA 25MCX Remote GPS Antenna - 0101070200,,80000000001837,,
abt-buy_0094,417,Garmin,CHARGE YOUR UNIT WITH THIS AC ADAPTER CABLE. ALSO INCLUDES INTERNATIONAL ADAPTER - 010-10723-00,,80000000004177,garmin,charge your unit with this ac adapter cable. also includes international adapter - 010-10723-00,,80000000004177,,,,,,,,Garmin 010-10723-00 AC Adapter Cable With International Adapters - 0101072300,,80000000004177,,
abt-buy_0095,359,Garmin,Garmin USB Cable - 010-10723-01,,80000000003597,garmin,garmin usb cable - 010-10723-01,,80000000003597,,,,,,,,Garmin Replacement USB Cable - 0101072301,,80000000003597,,
abt-buy_0096,418,Garmin,Garmin Leather GPS Case,,80000000004187,garmin,garmin leather gps case,,80000000004187,,,,,,,,Garmin 010-10723-02 Carrying Case - 0101072302,,80000000004187,,
abt-buy_0097,204,Garmin,Garmin Vehicle Suction Cup mount,,80000000002047,garmin,garmin vehicle suction cup mount,,80000000002047,,,,,,,,Garmin 010-10723-03 Nuvi Suction Cup Mount - 0101072303,,80000000002047,,
abt-buy_0098,179,Garmin,Garmin Cigarette Lighter Adapter for GPS,,80000000001797,garmin,garmin cigarette lighter adapter for gps,,80000000001797,,,,,,,,Garmin Nuvi 360 010-10723-06 Black 12 Volt Adapter Cable - 0101072306,,80000000001797,,
abt-buy_0099,180,Garmin,Garmin Cigarette Lighter Adapter for GPS Navigation - 010-10747-03,,80000000001807,garmin,garmin cigarette lighter adapter for gps navigation - 010-10747-03,,80000000001807,,,,,,,,Garmin Nuvi 660 010-10747-03 Black 12 Volt Adapter Cable - 0101074703,,80000000001807,,
abt-buy_0100,38,Sharp,Sharp R-1214 Microwave Oven - R-1214,,80000000000387,sharp,sharp r-1214 microwave oven - r-1214,,80000000000387,,,,,,,,Sharp Over The Counter Microwave Oven - R1214SS,,80000000000387,,
abt-buy_0101,296,LINKSYS,Linksys WAP4400N Wireless-N Access Point With POE - WAP4400N,,80000000002967,linksys,linksys wap4400n wireless-n access point with poe - wap4400n,,80000000002967,,,,,,,,Linksys Wireless N Access Point - WAP4400N,,80000000002967,,
abt-buy_0102,835,LINKSYS,Linksys Wireless-N WRVS4400N Gigabit Security Router with VPN,,80000000008357,linksys,linksys wireless-n wrvs4400n gigabit security router with vpn,,80000000008357,,,,,,,,Linksys Wireless-N Security Router - WRVS4400N,,80000000008357,,
abt-buy_0103,143,Panasonic,Panasonic CGA-S007A/1B Lithium Ion Digital Camera Battery,,80000000001437,panasonic,panasonic cga-s007a/1b lithium ion digital camera battery,,80000000001437,,,,,,,,Panasonic Digital Camera Battery - CGAS007A1B,,80000000001437,,
abt-buy_0104,132,Panasonic,Panasonic BL-C1A Network Camera,,80000000001327,panasonic,panasonic bl-c1a network camera,,80000000001327,,,,,,,,Panasonic Network Camera - White Finish - BLC1A,,80000000001327,,
abt-buy_0105,153,Panasonic,Panasonic KX-FG2451 Plain Paper Thermal Transfer Fax/Copier - KX-FG2451,,80000000001537,panasonic,panasonic kx-fg2451 plain paper thermal transfer fax/copier - kx-fg2451,,80000000001537,,,,,,,,Panasonic Plain Paper Fax/Copier With Cordless Phone Answering System - Grey Finish - KXFG2451,,80000000001537,,
abt-buy_0106,44,Panasonic,"Panasonic NN-C994S Genius Prestige Convection Microwave Oven with Inverter Turbo Defrost and One-Touch Sensor Cooking, Stainless",,80000000000447,panasonic,"panasonic nn-c994s genius prestige convection microwave oven with inverter turbo defrost and one-touch sensor cooking, stainless",,80000000000447,,,,,,,,Panasonic Genius Prestige Inverter Microwave Convection Oven NNC994SS In Stainless Steel - NNC994SS,,80000000000447,,
abt-buy_0107,10,Panasonic,Panasonic KX-TSC14W 2-Line Telephone,,80000000000107,panasonic,panasonic kx-tsc14w 2-line telephone,,80000000000107,,,,,,,,Panasonic 2-Line Integrated Telephone - KXTSC14W,,80000000000107,,
abt-buy_0108,249,Microsoft,Microsoft Office 2007 Home and Student - 79G-00007,,80000000002497,microsoft,microsoft office 2007 home and student - 79g-00007,,80000000002497,,,,,,,,Microsoft Office Home And Student 2007 For Windows Vista - 79G00007,,80000000002497,,
abt-buy_0109,374,Microsoft,Microsoft Office 2007 Standard - 021-07746,,80000000003747,microsoft,microsoft office 2007 standard - 021-07746,,80000000003747,,,,,,,,Microsoft Office Standard 2007 - 02107746,,80000000003747,,
abt-buy_0110,176,Techcraft,Techcraft Veneto Series SWP48 TV Stand,,80000000001767,techcraft,techcraft veneto series swp48 tv stand,,80000000001767,,,,,,,,Tech Craft Avalon Series TV Stand - SWP48,,80000000001767,,
abt-buy_0111,1041,LG Electronics,LG Electronics LG WSTK1 Washer/Dryer Stacking Kit: White,,80000000010417,lg electronics,lg electronics lg wstk1 washer/dryer stacking kit: white,,80000000010417,,,,,,,,LG Washer Dryer White Stacking Kit - WSTK1,,80000000010417,,
abt-buy_0112,952,Nintendo Of America,Nintendo DS Lite (Black Onyx) - USGSKB,,80000000009527,nintendo of america,nintendo ds lite (black onyx) - usgskb,,80000000009527,,,,,,,,Nintendo DS Lite Onyx Black Portable Gaming System - NDSUSGSKB,,80000000009527,,
abt-buy_0113,396,Logitech,"Logitech QuickCam Communicate STX Webcam - Black, Charcoal - 961464-0403",,80000000003967,logitech,"logitech quickcam communicate stx webcam - black, charcoal - 961464-0403",,80000000003967,,,,,,,,Logitech QuickCam Communicate STX - 961464,,80000000003967,,
abt-buy_0114,6,Denon,Denon TU-1500RD Stereo Radio Tuner - TU1500RD,,80000000000067,denon,denon tu-1500rd stereo radio tuner - tu1500rd,,80000000000067,,,,,,,,Denon Stereo Tuner - TU1500RD,,80000000000067,,
abt-buy_0115,39,Toshiba,Toshiba Lithium Ion Portable DVD Player Battery - MEDB05LX,,80000000000397,toshiba,toshiba lithium ion portable dvd player battery - medb05lx,,80000000000397,,,,,,,,Toshiba Rechargeable 5-Hour Battery Pack - MEDB05LX,,80000000000397,,
abt-buy_0116,99,Pioneer,Pioneer Car Audio Remote Control - CDVC1,,80000000000997,pioneer,pioneer car audio remote control - cdvc1,,80000000000997,,,,,,,,Pioneer Voice Command Pack - Black Finish - CDVC1,,80000000000997,,
abt-buy_0117,45,Sony,Sony SCD-CE595 CD Player - SCDCE595,,80000000000457,sony,sony scd-ce595 cd player - scdce595,,80000000000457,,,,,,,,Sony Super Audio CD Player - SCDCE595,,80000000000457,,
abt-buy_0118,4,Sony,Sony CDP-CE375 CD Player/Changer - CDPCE375,,80000000000047,sony,sony cdp-ce375 cd player/changer - cdpce375,,80000000000047,,,,,,,,Sony 5 Disc CD Player - CDPCE375,,80000000000047,,
abt-buy_0119,22,Denon,Denon DP-29F Analog Record Turntable - DP29F,,80000000000227,denon,denon dp-29f analog record turntable - dp29f,,80000000000227,,,,,,,,Denon Semi-Automatic Turntable - Black Finish - DP29F,,80000000000227,,
abt-buy_0120,14,Sony,Sony CDP-CX455 CD Player/Changer - CDPCX455,,80000000000147,sony,sony cdp-cx455 cd player/changer - cdpcx455,,80000000000147,,,,,,,,Sony 400 Disc MegaStorage CD Changer - CDPCX455,,80000000000147,,
abt-buy_0121,34,Escort,Cordless Solo S2 Radar/Laser Detector - 010ES20A,,80000000000347,escort,cordless solo s2 radar/laser detector - 010es20a,,80000000000347,,,,,,,,Escort Cordless Solo Radar Detector - S2E,,80000000000347,,
abt-buy_0122,36,Kenwood,Kenwood KDC-C669 Car CD Changer - KDCC669,,80000000000367,kenwood,kenwood kdc-c669 car cd changer - kdcc669,,80000000000367,,,,,,,,Kenwood 6-Disc CD Changer - KDCC669,,80000000000367,,
abt-buy_0123,84,Kenwood,Kenwood KCA-IP500 iPod Interface/Controller - KCAIP500,,80000000000847,kenwood,kenwood kca-ip500 ipod interface/controller - kcaip500,,80000000000847,,,,,,,,Kenwood iPod Mobile Interface - KCAIP500,,80000000000847,,
abt-buy_0124,27,Sony,Sony Compact Disc Player/Recorder - RCDW500C,,80000000000277,sony,sony compact disc player/recorder - rcdw500c,,80000000000277,,,,,,,,Sony Compact Disc Player/Recorder - RCDW500C,,80000000000277,,
abt-buy_0125,131,"UNIVERSAL REMOTE CONTROL, INC",Universal MasterControl Universal Learning Remote Control - RF20,,80000000001317,"universal remote control, inc",universal mastercontrol universal learning remote control - rf20,,80000000001317,,,,,,,,Universal RF Series MasterControl Remote Control - RF20,,80000000001317,,
abt-buy_0126,104,Garmin,Garmin GPS Receiver Dash Mount - 010-10613-00,,80000000001047,garmin,garmin gps receiver dash mount - 010-10613-00,,80000000001047,,,,,,,,Garmin StreetPilot C330 Dash Mount - Black Finish - 0101061300,,80000000001047,,
abt-buy_0127,352,Sony,Sony Remote Control - RMV310,,80000000003527,sony,sony remote control - rmv310,,80000000003527,,,,,,,,Sony Universal Remote Commander Remote Control - RMV310,,80000000003527,,
abt-buy_0128,259,GE,GE Pre-Amplifier for Stereo Turntable - 23292,,80000000002597,ge,ge pre-amplifier for stereo turntable - 23292,,80000000002597,,,,,,,,GE Pre-Amplifier For Stereo Turntable - AV23292,,80000000002597,,
abt-buy_0129,159,Denon,Denon DCM-390 5 Disc CD Changer - DCM390,,80000000001597,denon,denon dcm-390 5 disc cd changer - dcm390,,80000000001597,,,,,,,,Denon 5 Disc CD Player - Black Finish - DCM390,,80000000001597,,
abt-buy_0130,151,Denon,Denon DP-300F Analog Record Turntable - DP300F,,80000000001517,denon,denon dp-300f analog record turntable - dp300f,,80000000001517,,,,,,,,Denon Fully Automatic Analog Turntable - DP300F,,80000000001517,,
abt-buy_0131,103,Garmin,Garmin Vehicle Suction Mount - 010-10609-00,,80000000001037,garmin,garmin vehicle suction mount - 010-10609-00,,80000000001037,,,,,,,,Garmin Streetpilot C Series Vehicle Suction Mount - Black Finish - 0101060900,,80000000001037,,
abt-buy_0132,87,Sony,Sony DVPCX995V DVD Player,,80000000000877,sony,sony dvpcx995v dvd player,,80000000000877,,,,,,,,Sony 400-Disc DVD/SA-CD/CD Mega Changer - DVPCX995V,,80000000000877,,
abt-buy_0133,19,Cuisinart,Cuisinart Cordless Automatic Electric Kettle,,80000000000197,cuisinart,cuisinart cordless automatic electric kettle,,80000000000197,,,,,,,,Cuisinart Cordless Electric Kettle - KUA17,,80000000000197,,
abt-buy_0134,47,Danby,"Twin Tub DTT420 Washer (Top Loading, 10 Lbs.)",,80000000000477,danby,"twin tub dtt420 washer (top loading, 10 lbs.)",,80000000000477,,,,,,,,Danby Twin Tub Washer - DTT420WH,,80000000000477,,
abt-buy_0135,7,KitchenAid,KitchenAid Pasta Roller And Cutter - KPRA,,80000000000077,kitchenaid,kitchenaid pasta roller and cutter - kpra,,80000000000077,,,,,,,,KitchenAid Pasta Roller And Cutter - KPRA,,80000000000077,,
abt-buy_0136,247,LG Electronics,LG Electronics 24' Front-Load All-In-One Washer and Dryer: Titanium,,80000000002477,lg electronics,lg electronics 24' front-load all-in-one washer and dryer: titanium,,80000000002477,,,,,,,,LG WM3431HS All-In-One Front Load Titanium Washer And Dryer Combo - WM3431TT,,80000000002477,,
abt-buy_0137,246,LG Electronics,LG Electronics 24' Washer/Dryer Combo: White,,80000000002467,lg electronics,lg electronics 24' washer/dryer combo: white,,80000000002467,,,,,,,,LG WM3431W All-In-One White Washer And Dryer Combo - WM3431WH,,80000000002467,,
abt-buy_0138,263,Griffin,Griffin Elevator Desktop Stand for Portable Laptops - 1093-CURV2,,80000000002637,griffin,griffin elevator desktop stand for portable laptops - 1093-curv2,,80000000002637,,,,,,,,Griffin Elevator Brushed Aluminum Laptop Stand - 1093CURV2,,80000000002637,,
abt-buy_0139,236,LG Electronics,LG Electronics LRBP1031W 10 Cu. Ft. Refrigerator,,80000000002367,lg electronics,lg electronics lrbp1031w 10 cu. ft. refrigerator,,80000000002367,,,,,,,,LG LRBP1031 White Bottom-Freezer Refrigerator - LRBP1031WH,,80000000002367,,
abt-buy_0140,260,Sony,Sony 17-in-1 External USB Memory Card Reader And Writer - MRW62E/S1/181,,80000000002607,sony,sony 17-in-1 external usb memory card reader and writer - mrw62e/s1/181,,80000000002607,,,,,,,,Sony MRW62E/S1/181 17-In-1 External USB Memory Card Reader - MRW62ES1181,,80000000002607,,
abt-buy_0141,69,Danby,"DDW1805W 18-in. Portable Dishwasher (White, Energy Star)",,80000000000697,danby,"ddw1805w 18-in. portable dishwasher (white, energy star)",,80000000000697,,,,,,,,Danby Designer Portable Dishwasher - DDW1805WH,,80000000000697,,
abt-buy_0142,17,Cuisinart,White .5 cu. ft 1500 Watt Convection/Broiler/Toaster Oven,,80000000000177,cuisinart,white .5 cu. ft 1500 watt convection/broiler/toaster oven,,80000000000177,,,,,,,,Cuisinart Convection-Oven-Toaster-Broiler With Exact Heat Sensor - TOB165WH,,80000000000177,,
abt-buy_0143,68,DeLonghi,DeLonghi 6-pc. Replacement Filters for Deep Fryer,,80000000000687,delonghi,delonghi 6-pc. replacement filters for deep fryer,,80000000000687,,,,,,,,Delonghi Oil Filters - FK8,,80000000000687,,
abt-buy_0144,56,DeLonghi,DeLonghi 4-Cup Drip Coffee Makers,,80000000000567,delonghi,delonghi 4-cup drip coffee makers,,80000000000567,,,,,,,,Delonghi Twenty Four Seven Coffee Maker - DC50W,,80000000000567,,
abt-buy_0145,430,Eureka,"Harmony EL6985A Vacuum (Canister, HEPA)",,80000000004307,eureka,"harmony el6985a vacuum (canister, hepa)",,80000000004307,,,,,,,,Electrolux Harmony Series Canister Vacuum - EL6985B,,80000000004307,,
abt-buy_0146,76,Cuisinart,Cuisinart GR-4 Griddler Four Multifunctional Cooking Options,,80000000000767,cuisinart,cuisinart gr-4 griddler four multifunctional cooking options,,80000000000767,,,,,,,,Cuisinart Countertop Griddler - GR4,,80000000000767,,
abt-buy_0147,37,Cuisinart,Cuisinart Brew & Serve Stainless Therm Black 10-Cup Coffee Maker,,80000000000377,cuisinart,cuisinart brew & serve stainless therm black 10-cup coffee maker,,80000000000377,,,,,,,,Cuisinart Automatic Brew And Serve Coffeemaker - DTC975BK,,80000000000377,,
abt-buy_0148,588,Belkin,Belkin CushTop - F8N044-ORG,,80000000005887,belkin,belkin cushtop - f8n044-org,,80000000005887,,,,,,,,Belkin Cush Top For Computer Laptop - F8N044ORG,,80000000005887,,
abt-buy_0149,590,Belkin,Belkin CushTop - F8N044-GRN,,80000000005907,belkin,belkin cushtop - f8n044-grn,,80000000005907,,,,,,,,Belkin Cush Top For Computer Laptop - F8N044GRN,,80000000005907,,
abt-buy_0150,589,Belkin,Belkin CushTop - F8N044-SLV,,80000000005897,belkin,belkin cushtop - f8n044-slv,,80000000005897,,,,,,,,Belkin Cush Top For Computer Laptop - F8N044SLV,,80000000005897,,
abt-buy_0151,668,Canon,Canon PG-40 Black Ink Cartridge - PG-40-BK-TWIN,,80000000006687,canon,canon pg-40 black ink cartridge - pg-40-bk-twin,,80000000006687,,,,,,,,Canon PG-40 Black Ink Cartridge Twin Pack - PG40TBK,,80000000006687,,
abt-buy_0152,114,Cuisinart,"DCC-2000 Coffee Maker (12 Cup, Stainless Steel)",,80000000001147,cuisinart,"dcc-2000 coffee maker (12 cup, stainless steel)",,80000000001147,,,,,,,,Cuisinart Programmable Coffeemaker - Stainless Steel Finish - DCC2000,,80000000001147,,
abt-buy_0153,643,Hoover,"Hoover EmPower U5269-900 Vacuum (Upright, HEPA, Bagless)",,80000000006437,hoover,"hoover empower u5269-900 vacuum (upright, hepa, bagless)",,80000000006437,,,,,,,,Hoover EmPower Bagless Upright Vacuum - U5269,,80000000006437,,
abt-buy_0154,164,Olympus,Olympus Neoprene Soft Camera Case - 202066,,80000000001647,olympus,olympus neoprene soft camera case - 202066,,80000000001647,,,,,,,,Olympus Digital Camera Neoprene Soft Case - Black With Grey Finish - 202066,,80000000001647,,
abt-buy_0155,200,Canon,Canon Battery and Charger Kit - 1169B001,,80000000002007,canon,canon battery and charger kit - 1169b001,,80000000002007,,,,,,,,Canon Charger And Rechargable AA Battery Kit - 1169B001,,80000000002007,,
abt-buy_0156,162,Sirius,Directed Electronics Sportster 4 Sirius Satellite Radio Receiver - SP4TK1,,80000000001627,sirius,directed electronics sportster 4 sirius satellite radio receiver - sp4tk1,,80000000001627,,,,,,,,Sirius Sportster 4 With Car Kit - SP4TK1,,80000000001627,,
abt-buy_0157,138,Panasonic,Panasonic KX-FLB801 Multifunction Printer - KX-FLB801,,80000000001387,panasonic,panasonic kx-flb801 multifunction printer - kx-flb801,,80000000001387,,,,,,,,Panasonic All-in-One Flatbed Laser Fax - KXFLB801,,80000000001387,,
abt-buy_0158,155,"OMNIMOUNT SYSTEMS, INC",OmniMount MWFS Moda Collection 2 Shelf Wall Mounted Furniture System - Espresso,,80000000001557,"omnimount systems, inc",omnimount mwfs moda collection 2 shelf wall mounted furniture system - espresso,,80000000001557,,,,,,,,Omnimount Moda 2 Shelf Wall Furniture - MWFS,,80000000001557,,
abt-buy_0159,426,Sirius,Directed Electronics SUPV1 Car Kit,,80000000004267,sirius,directed electronics supv1 car kit,,80000000004267,,,,,,,,Sirius Dock And Play Universal Vehicle Kit - SUPV1,,80000000004267,,
abt-buy_0160,402,Sirius,Sirius SUPH1 Sirius Universal Home Kit,,80000000004027,sirius,sirius suph1 sirius universal home kit,,80000000004027,,,,,,,,Sirius Plug And Play Universal Home Kit - SUPH1,,80000000004027,,
abt-buy_0161,198,Logitech,Logitech Harmony 1000 Advanced Universal Remote Control - 966230-0403,,80000000001987,logitech,logitech harmony 1000 advanced universal remote control - 966230-0403,,80000000001987,,,,,,,,Logitech Harmony 1000 Silver Touch Screen Remote Control - H1000,,80000000001987,,
abt-buy_0162,1050,Logitech,Logitech diNovo Edge Keyboard - 967685-0403,,80000000010507,logitech,logitech dinovo edge keyboard - 967685-0403,,80000000010507,,,,,,,,Logitech diNovo Edge Keyboard Windows Edition - 967685,,80000000010507,,
abt-buy_0163,144,Nikon,Nikon EN-EL3e Lithium Ion Digital Camera Battery - 25334,,80000000001447,nikon,nikon en-el3e lithium ion digital camera battery - 25334,,80000000001447,,,,,,,,Nikon Rechargeable Li-Ion Battery - Black Finish - 25334,,80000000001447,,
abt-buy_0164,149,Nikon,Nikon 55-200mm f/4-5.6G ED AF-S DX Telephoto Zoom Lens - 55200MMLENS,,80000000001497,nikon,nikon 55-200mm f/4-5.6g ed af-s dx telephoto zoom lens - 55200mmlens,,80000000001497,,,,,,,,Nikon 55-200MM Zoom-Nikkor Lens Accessory - 2156,,80000000001497,,
abt-buy_0165,1003,Canon,Canon EF 75-300mm f/4-5.6 III Telephoto Zoom Lens - 6473A003,,80000000010037,canon,canon ef 75-300mm f/4-5.6 iii telephoto zoom lens - 6473a003,,80000000010037,,,,,,,,Canon EF 75-300mm F/4-5.6 III Telephoto Zoom Lens - 6473A003,,80000000010037,,
abt-buy_0166,1008,LG Electronics,LG Electronics DLE0442W XL Load Capacity with NeveRust Stainless Steel Drum,,80000000010087,lg electronics,lg electronics dle0442w xl load capacity with neverust stainless steel drum,,80000000010087,,,,,,,,LG White XL Load Capacity Electric Dryer - DLE0442WH,,80000000010087,,
abt-buy_0167,222,LG Electronics,LG Electronics DLG0452W 7.3 Cu. Ft. 9-Cycle Gas Dryer,,80000000002227,lg electronics,lg electronics dlg0452w 7.3 cu. ft. 9-cycle gas dryer,,80000000002227,,,,,,,,LG DLG0452W White XL Capacity Gas Dryer - DLG0452WH,,80000000002227,,
abt-buy_0168,223,LG Electronics,LG Electronics WM0642HW Front Load Washing Machine with 7 Washing Programs,,80000000002237,lg electronics,lg electronics wm0642hw front load washing machine with 7 washing programs,,80000000002237,,,,,,,,LG WM0642HW 4.0 Cu Ft White Rear Control Washer - WM0642HWH,,80000000002237,,
abt-buy_0169,664,Canon,Canon BCI-6 Color Ink Cartridges - 4705A018,,80000000006647,canon,canon bci-6 color ink cartridges - 4705a018,,80000000006647,,,,,,,,Canon BCI-6 Multipack Ink Tanks - 4705A018,,80000000006647,,
abt-buy_0170,203,Sirius,Directed Electronics Starmate 4 Sirius Satellite Radio Receiver - ST4TK1,,80000000002037,sirius,directed electronics starmate 4 sirius satellite radio receiver - st4tk1,,80000000002037,,,,,,,,Sirius ST4-TK1 Starmate 4 Radio With Car Kit - ST4TK1,,80000000002037,,
abt-buy_0171,82,"OMNIMOUNT SYSTEMS, INC",OmniMount 3-Shelf Large-Component Tower - STELLARG303G,,80000000000827,"omnimount systems, inc",omnimount 3-shelf large-component tower - stellarg303g,,80000000000827,,,,,,,,OmniMount G-303 Gray Stellar Series Audio Tower - G303GR,,80000000000827,,
abt-buy_0172,173,Nikon,Nikon Nikkor 70-300mm f/4.5-5.6G ED-IF AF-S VR Telephoto Zoom Lens - 2161,,80000000001737,nikon,nikon nikkor 70-300mm f/4.5-5.6g ed-if af-s vr telephoto zoom lens - 2161,,80000000001737,,,,,,,,Nikon 70-300mm f/4.5-5.6G ED-IF AF-S VR Zoom-Nikkor Lens - 2161,,80000000001737,,
abt-buy_0173,194,Nyko,PlayStation 3 ChargeLink USB Charging Cable by Nyko - 83000,,80000000001947,nyko,playstation 3 chargelink usb charging cable by nyko - 83000,,80000000001947,,,,,,,,Nyko PlayStation 3 ChargeLink USB Charging Cable - 743840830009,,80000000001947,,
abt-buy_0174,206,Monster Game,Monster Game 127961 GameLink(tm) 2M HDMI Digital Video/Audio Cable for PS3,,80000000002067,monster game,monster game 127961 gamelink(tm) 2m hdmi digital video/audio cable for ps3,,80000000002067,,,,,,,,Monster PS3 HDMI-2M Playstation 3 GameLink HDMI Digital Video/Audio Cable - PS3HDMI2M,,80000000002067,,
abt-buy_0175,121,Panasonic,Panasonic KX-FP145 Plain Paper Thermal Transfer Fax/Copier - KXFP145,,80000000001217,panasonic,panasonic kx-fp145 plain paper thermal transfer fax/copier - kxfp145,,80000000001217,,,,,,,,Panasonic Plain Paper Fax/Copier With All-Digital Answering System - Silver Finish - KXFP145,,80000000001217,,
abt-buy_0176,888,Oregon Scientific,Oregon Scientific Helmet Video Camera - ATC-2000,,80000000008887,oregon scientific,oregon scientific helmet video camera - atc-2000,,80000000008887,,,,,,,,Oregon Scientific AT18 Wearable Waterproof Action Camcorder - ATC2000,,80000000008887,,
abt-buy_0177,150,Waring,Waring Pro Deep Fryer 3qt -Black,,80000000001507,waring,waring pro deep fryer 3qt -black,,80000000001507,,,,,,,,Waring Professional Cool-Touch Deep Fryer - Black/Stainless Steel Finish - DF100,,80000000001507,,
abt-buy_0178,434,Canon,Canon CLI-8 Red Ink Tank For PIXMA Pro9000 Printer - 0626B002,,80000000004347,canon,canon cli-8 red ink tank for pixma pro9000 printer - 0626b002,,80000000004347,,,,,,,,Canon Red Photo Ink Cartridge - CLI8R,,80000000004347,,
abt-buy_0179,433,Canon,Canon CLI-8 Green Ink Tank For PIXMA Pro 9000 Printer - 0627B002,,80000000004337,canon,canon cli-8 green ink tank for pixma pro 9000 printer - 0627b002,,80000000004337,,,,,,,,Canon Green Photo Ink Cartridge - CLI8G,,80000000004337,,
abt-buy_0180,366,LINKSYS,Linksys WPSM54G Wireless-G USB Print Server,,80000000003667,linksys,linksys wpsm54g wireless-g usb print server,,80000000003667,,,,,,,,Linksys Wireless-G PrintServer - WPSM54G,,80000000003667,,
abt-buy_0181,185,Garmin,Garmin Suction Cup Mount - 010-10823-00,,80000000001857,garmin,garmin suction cup mount - 010-10823-00,,80000000001857,,,,,,,,Garmin 010-10823-00 Black Nuvi 660 Vehicle Suction Cup Mount - 0101082300,,80000000001857,,
abt-buy_0182,355,Sirius,Directed Electronics SCH1 SiriusConnect Home Tuner,,80000000003557,sirius,directed electronics sch1 siriusconnect home tuner,,80000000003557,,,,,,,,Sirius SiriusConnect Home Tuner - SCH1,,80000000003557,,
abt-buy_0183,286,Panasonic,Panasonic Srtmb10/Rice Cooker/5.5cup/Fuzzy - SR-TMB10,,80000000002867,panasonic,panasonic srtmb10/rice cooker/5.5cup/fuzzy - sr-tmb10,,80000000002867,,,,,,,,Panasonic Silver Rice Cooker/Warmer - SRTMB10,,80000000002867,,
abt-buy_0184,145,KitchenAid,KitchenAid 5-Speed Blender - Red Finish - KSB560ER,,80000000001457,kitchenaid,kitchenaid 5-speed blender - red finish - ksb560er,,80000000001457,,,,,,,,KitchenAid 5-Speed Blender - Red Finish - KSB560ER,,80000000001457,,
abt-buy_0185,282,Tech Craft,Techcraft SWP60 Classic Wood Tone Credenza TV Stand,,80000000002827,tech craft,techcraft swp60 classic wood tone credenza tv stand,,80000000002827,,,,,,,,Tech Craft Dark Cherry Veneto Series TV Stand - SWP60,,80000000002827,,
abt-buy_0186,184,Frigidaire,"PLD4375RFC Professional SpeedClean 24-in. Under Counter Dishwasher (14 Place Settings, Stainless Steel)",,80000000001847,frigidaire,"pld4375rfc professional speedclean 24-in. under counter dishwasher (14 place settings, stainless steel)",,80000000001847,,,,,,,,Frigidaire 24' PLD4375RFC Built-In Stainless Steel Dishwasher - PLD4375SS,,80000000001847,,
abt-buy_0187,206,Monster Cable,Monster Cable GameLink HDMI Digital Video/Audio Cable for PlayStation 3 - 1 x HDMI - 6.56ft - PS3 HDMI-2M,,80000000002067,monster cable,monster cable gamelink hdmi digital video/audio cable for playstation 3 - 1 x hdmi - 6.56ft - ps3 hdmi-2m,,80000000002067,,,,,,,,Monster PS3 HDMI-2M Playstation 3 GameLink HDMI Digital Video/Audio Cable - PS3HDMI2M,,80000000002067,,
abt-buy_0188,196,DEI,Bose SL2 Wireless Surround Link,,80000000001967,dei,bose sl2 wireless surround link,,80000000001967,,,,,,,,Bose SL2 Wireless Black Surround Link - SL2WIRELESS,,80000000001967,,
abt-buy_0189,220,Sirius,SIRIUS FMDA25 Wired FM Relay Kit,,80000000002207,sirius,sirius fmda25 wired fm relay kit,,80000000002207,,,,,,,,Sirius FMDA25 Wired FM Modulation Relay - FMDA25,,80000000002207,,
abt-buy_0190,218,SONY COMPUTER ENTERTAINME,Sony Playstation 3 Blu-Ray DVD Remote - 98046,,80000000002187,sony computer entertainme,sony playstation 3 blu-ray dvd remote - 98046,,80000000002187,,,,,,,,Sony SCPH-98046 PlayStation 3 Blu-Ray DVD Remote Control - 711719804604,,80000000002187,,
abt-buy_0191,427,Peerless,Peerless SGLB01 Flat Panel TV Stand,,80000000004277,peerless,peerless sglb01 flat panel tv stand,,80000000004277,,,,,,,,Peerless Flat Panel Display Mount Black Finish - SGLB01,,80000000004277,,
abt-buy_0192,398,TRANSCEND INFORMATION,Transcend 8GB JetFlash V10 USB Flash Drive - TS8GJFV10,,80000000003987,transcend information,transcend 8gb jetflash v10 usb flash drive - ts8gjfv10,,80000000003987,,,,,,,,Transcend JetFlash V10 8GB USB Flash Drive - TS8GJFV10,,80000000003987,,
abt-buy_0193,372,TRANSCEND INFORMATION,Transcend 4GB Secure Digital High Capacity (SDHC) Card - Class 6 - TS4GSDHC6,,80000000003727,transcend information,transcend 4gb secure digital high capacity (sdhc) card - class 6 - ts4gsdhc6,,80000000003727,,,,,,,,Transcend 4GB Secure Digital High-Capacity (SDHC) Class 6 Memory Card - TS4GSDHC6,,80000000003727,,
abt-buy_0194,784,Sharp,Sharp Plasmacluster FP-P35CX Air Purifier - 129Sq. ft.,,80000000007847,sharp,sharp plasmacluster fp-p35cx air purifier - 129sq. ft.,,80000000007847,,,,,,,,Sharp HEPA Air Purifier - FPP35CX,,80000000007847,,
abt-buy_0195,234,TRANSCEND INFORMATION,Transcend 2GB microSD Card - TS2GUSD,,80000000002347,transcend information,transcend 2gb microsd card - ts2gusd,,80000000002347,,,,,,,,Transcend 2GB Micro SD Memory Card - TS2GUSD,,80000000002347,,
abt-buy_0196,792,Polk Audio,polkaudio TCi Series TC60i In-Ceiling Loudspeaker - TC60iW,,80000000007927,polk audio,polkaudio tci series tc60i in-ceiling loudspeaker - tc60iw,,80000000007927,,,,,,,,Polk Audio White Round Two-Way In-Wall Loudspeaker  - TC60I,,80000000007927,,
abt-buy_0197,353,"OMNIMOUNT SYSTEMS, INC",OmniMount Wishbone Large/X-Large Premium Cantilever Mount and Universal Adapter - UCL-XB,,80000000003537,"omnimount systems, inc",omnimount wishbone large/x-large premium cantilever mount and universal adapter - ucl-xb,,80000000003537,,,,,,,,Omnimount 42' - 63' Wishbone Cantilever Extra Large Flat Panel TV Silver Wall Mount - UCLXB,,80000000003537,,
abt-buy_0198,209,Nikon,Nikon EN-EL9 Lithium Ion Digital Camera Battery Pack - 25353,,80000000002097,nikon,nikon en-el9 lithium ion digital camera battery pack - 25353,,80000000002097,,,,,,,,Nikon EN-EL9 Black Rechargeable Li-ion Battery - ENEL9,,80000000002097,,
abt-buy_0199,419,Garmin,Garmin Leather Carry Case for Nuvi 660 - 010-10823-01,,80000000004197,garmin,garmin leather carry case for nuvi 660 - 010-10823-01,,80000000004197,,,,,,,,Garmin 010-10823-01 Carrying Case - 0101082301,,80000000004197,,
abt-buy_0200,493,Tom Tom,TOMTOM GPS Receiver Accessory Kit - 9N00.101,,80000000004937,tom tom,tomtom gps receiver accessory kit - 9n00.101,,80000000004937,,,,,,,,TomTom GPS Mount And USB Car Charger - 9N00101,,80000000004937,,
abt-buy_0201,1048,Sanus,Sanus Flat Panel Ceiling Mount - SC1A-B1,,80000000010487,sanus,sanus flat panel ceiling mount - sc1a-b1,,80000000010487,,,,,,,,Sanus SC1A Black VisionMount Series Ceiling Mount For Small LCD Flat Panels - SC1AB,,80000000010487,,
abt-buy_0202,1052,Coby,Coby Electronics TF-DVD7006 Portable DVD Player - TFDVD7006,,80000000010527,coby,coby electronics tf-dvd7006 portable dvd player - tfdvd7006,,80000000010527,,,,,,,,Coby 7' Black Widescreen TFT Portable DVD CD MP3 Player - TFDVD7006,,80000000010527,,
abt-buy_0203,329,Panasonic,Panasonic KX-TG1032S Dual Handset Digital Cordless Phone,,80000000003297,panasonic,panasonic kx-tg1032s dual handset digital cordless phone,,80000000003297,,,,,,,,Panasonic Expandable Digital Cordless DECT 6.0 Phone System - KXTG1032S,,80000000003297,,
abt-buy_0204,257,Panasonic,Panasonic KX-TG1033S Digital Cordless Phone with Three Handsets,,80000000002577,panasonic,panasonic kx-tg1033s digital cordless phone with three handsets,,80000000002577,,,,,,,,Panasonic Silver Dect 6.0 Cordless Telephone - KXTG1033S,,80000000002577,,
abt-buy_0205,280,Panasonic,Panasonic KX-TG1034S DECT 6.0 Cordless Phone - KX-TG1034S,,80000000002807,panasonic,panasonic kx-tg1034s dect 6.0 cordless phone - kx-tg1034s,,80000000002807,,,,,,,,Panasonic Expandable Digital Cordless DECT 6.0 Answering System In Silver - KXTG1034S,,80000000002807,,
abt-buy_0206,421,Garmin,Garmin Suction Cup Mount - 010-10936-00,,80000000004217,garmin,garmin suction cup mount - 010-10936-00,,80000000004217,,,,,,,,Garmin Vehicle Suction Cup Mount - 0101093600,,80000000004217,,
abt-buy_0207,393,Canon,Canon E-P100 Photo Pack For Selphy ES1 Printer - 1335B001,,80000000003937,canon,canon e-p100 photo pack for selphy es1 printer - 1335b001,,80000000003937,,,,,,,,Canon Easy Photo Pack - 1335B001,,80000000003937,,
abt-buy_0208,318,"OMNIMOUNT SYSTEMS, INC",OmniMount CMK-MINI Mini Wall Mounted Cable Management System,,80000000003187,"omnimount systems, inc",omnimount cmk-mini mini wall mounted cable management system,,80000000003187,,,,,,,,OmniMount CMK White Wall Cable Management Kit - CMKMINI,,80000000003187,,
abt-buy_0209,1057,Sanus,Sanus LRF118-B1 Full Motion Wall TV Mount,,80000000010577,sanus,sanus lrf118-b1 full motion wall tv mount,,80000000010577,,,,,,,,Sanus 30' - 50' Full-Motion Flat Panel TV Black Wall Mount - LRF118B1,,80000000010577,,
abt-buy_0210,360,Sanus,Sanus MF209-B1 Full Motion Wall TV Mount,,80000000003607,sanus,sanus mf209-b1 full motion wall tv mount,,80000000003607,,,,,,,,Sanus 15' - 32' Flat Panel TV Black Wall Mount - MF209B1,,80000000003607,,
abt-buy_0211,432,Sanus,Sanus MF215-B1 Extending Full Motion Mount,,80000000004327,sanus,sanus mf215-b1 extending full motion mount,,80000000004327,,,,,,,,Sanus 15' - 37' VisionMount Full-Motion Flat Panel TV Black Wall Mount - MF215B1,,80000000004327,,
abt-buy_0212,787,BlueAnt,BlueAnt Supertooth Light Compact Bluetooth Speakerphone -- Black - 093744,,80000000007877,blueant,blueant supertooth light compact bluetooth speakerphone -- black - 093744,,80000000007877,,,,,,,,BlueAnt Supertooth Light Bluetooth Handsfree In Black - SUPERTOOTH,,80000000007877,,
abt-buy_0213,244,Sony,Sony InfoLithium H-Series NP-FH70 Camcorder Battery - NPFH70,,80000000002447,sony,sony infolithium h-series np-fh70 camcorder battery - npfh70,,80000000002447,,,,,,,,Sony InfoLithium H Series Standard Rechargeable Battery Pack - NPFH70,,80000000002447,,
abt-buy_0214,258,Sony,Sony DVPNS57P DVD Player - DVPNS57PS,,80000000002587,sony,sony dvpns57p dvd player - dvpns57ps,,80000000002587,,,,,,,,Sony Progressive Scan Silver DVD Player - DVPNS57PS,,80000000002587,,
abt-buy_0215,221,Frigidaire,"PLD4555RFC Professional SpeedClean 24-in. Under Counter Dishwasher (14 Place Settings, Stainless Steel, Energy Star)",,80000000002217,frigidaire,"pld4555rfc professional speedclean 24-in. under counter dishwasher (14 place settings, stainless steel, energy star)",,80000000002217,,,,,,,,Frigidaire Professional 24' PLD4555RFC Built-In Stainless Steel Dishwasher - PLD4555SS,,80000000002217,,
abt-buy_0216,188,Panasonic,Panasonic SR-NA18 10-Cup Rice Cooker/Warmer with Advanced Fuzzy Logic Technology,,80000000001887,panasonic,panasonic sr-na18 10-cup rice cooker/warmer with advanced fuzzy logic technology,,80000000001887,,,,,,,,Panasonic SR-NA18 White Deluxe Fuzzy Logic Rice Cooker - SRNA18,,80000000001887,,
abt-buy_0217,67,Frigidaire,Frigidaire Electric Dryer - FEQ1442WH 5.8 Cubic Foot Super Capacity Drum,,80000000000677,frigidaire,frigidaire electric dryer - feq1442wh 5.8 cubic foot super capacity drum,,80000000000677,,,,,,,,Frigidaire Electric Dryer - FEQ1442WH,,80000000000677,,
abt-buy_0218,108,Frigidaire,Frigidaire Electric Dryer - FEQ332WH 5.7 Cu.Ft. Super Capacity Drum,,80000000001087,frigidaire,frigidaire electric dryer - feq332wh 5.7 cu.ft. super capacity drum,,80000000001087,,,,,,,,Frigidaire Electric White Dryer - FEQ332WH,,80000000001087,,
abt-buy_0219,186,Whirlpool,WED6400SB Cabrio Super Capacity Plus Electric Black Dryer,,80000000001867,whirlpool,wed6400sb cabrio super capacity plus electric black dryer,,80000000001867,,,,,,,,Whirlpool WED6400SB Cabrio Super Capacity Plus Electric Black Dryer - WED6400SBK,,80000000001867,,
abt-buy_0220,229,Weber,Genesis Series 3741001 60' Freestanding Gas Grill with 637 sq. in. Cooking Surface & 3 Stainless Steel Burners: Black LP Gas,,80000000002297,weber,genesis series 3741001 60' freestanding gas grill with 637 sq. in. cooking surface & 3 stainless steel burners: black lp gas,,80000000002297,,,,,,,,Weber Genesis E-310 Liquid Propane Black Outdoor Grill - 3741001,,80000000002297,,
abt-buy_0221,212,Weber,Weber Genesis Series 3770001 60' Freestanding Gas Grill,,80000000002127,weber,weber genesis series 3770001 60' freestanding gas grill,,80000000002127,,,,,,,,Weber Stainless Steel Genesis S-310 Liquid Propane Grill - 3770001,,80000000002127,,
abt-buy_0222,230,Weber,Weber Genesis Series S-310 60' Freestanding Gas Grill,,80000000002307,weber,weber genesis series s-310 60' freestanding gas grill,,80000000002307,,,,,,,,Weber Genesis S-310 Natural Gas Stainless Steel Outdoor Grill - 3870001,,80000000002307,,
abt-buy_0223,211,Weber,"Weber Summit Series S-450 74 1/10' Freestanding Gas Grill with 838 sq. in. Cooking Surface, 6 Stainless Steel Burners, Rotisserie Burner, Stainless Steel Smoker Box & Stainless Steel Work Surface: LP Gas",,80000000002117,weber,"weber summit series s-450 74 1/10' freestanding gas grill with 838 sq. in. cooking surface, 6 stainless steel burners, rotisserie burner, stainless steel smoker box & stainless steel work surface: lp gas",,80000000002117,,,,,,,,Weber Stainless Steel Summit S-650 Liquid Propane Grill - 1780001,,80000000002117,,
abt-buy_0224,287,Audiovox,Audiovox VE927 9' TV/DVD Combo,,80000000002877,audiovox,audiovox ve927 9' tv/dvd combo,,80000000002877,,,,,,,,Audiovox 9' LCD Drop Down TV With Built-In DVD - VE927,,80000000002877,,
abt-buy_0225,420,Garmin,Garmin Portable Friction Mount,,80000000004207,garmin,garmin portable friction mount,,80000000004207,,,,,,,,Garmin Nuvi Portable Friction Mount - 0101090800,,80000000004207,,
abt-buy_0226,213,Weber,Weber Genesis S-320 3780001 60' Freestanding Gas Grill,,80000000002137,weber,weber genesis s-320 3780001 60' freestanding gas grill,,80000000002137,,,,,,,,Weber Stainless Steel Genesis S320 LP Grill - 3780001,,80000000002137,,
abt-buy_0227,248,Weber,Weber Genesis Series E-310 3841001 60' Freestanding Gas Grill with 637 sq. in. Cooking Surface & 3 Stainless Steel Burners: Black Natural Gas,,80000000002487,weber,weber genesis series e-310 3841001 60' freestanding gas grill with 637 sq. in. cooking surface & 3 stainless steel burners: black natural gas,,80000000002487,,,,,,,,Weber Genesis E-310 Natural Gas Black Outdoor Grill - 3841001,,80000000002487,,
abt-buy_0228,214,Weber,"Weber Genesis S-320 3880001 60' Freestanding Gas Grill with 637 sq. in. Cooking Surface, 3 Stainless Steel Burners, Flush-Mounted Side Burner & Stainless Steel Shroud: Natural Gas",,80000000002147,weber,"weber genesis s-320 3880001 60' freestanding gas grill with 637 sq. in. cooking surface, 3 stainless steel burners, flush-mounted side burner & stainless steel shroud: natural gas",,80000000002147,,,,,,,,Weber Stainless Steel Genesis S320 Natural Gas Grill - 3880001,,80000000002147,,
abt-buy_0229,245,Sony,Sony NP-FH100 Lithium Ion Camcorder Battery - NPFH100,,80000000002457,sony,sony np-fh100 lithium ion camcorder battery - npfh100,,80000000002457,,,,,,,,Sony NP-FH100 InfoLithium H Series Standard Rechargeable Battery Pack - NPFH100,,80000000002457,,
abt-buy_0230,339,,PANASONIC 2GB SD CARD PROHISPD 20 MB/SEC - RP-SDV02GU1A,,80000000003397,,panasonic 2gb sd card prohispd 20 mb/sec - rp-sdv02gu1a,,80000000003397,,,,,,,,Panasonic 2GB SD Memory Card - SDV02GU1A,,80000000003397,,
abt-buy_0231,1074,Case Logic,"Case Logic 10' In-Car DVD Player Case - 11' x 9.25' x 4' - Nylon, Koskin - Black (Black)",,80000000010747,case logic,"case logic 10' in-car dvd player case - 11' x 9.25' x 4' - nylon, koskin - black (black)",,80000000010747,,,,,,,,Case Logic Black In-Car DVD Player Case - PDVK10,,80000000010747,,
abt-buy_0232,375,,SONY STEREO BLUETOOTH HEADSET *NIC* - TMRBT10/TMRBT10A,,80000000003757,,sony stereo bluetooth headset *nic* - tmrbt10/tmrbt10a,,80000000003757,,,,,,,,Sony Bluetooth Adaptor/Portable Transmitter - TMRBT10,,80000000003757,,
abt-buy_0233,1051,,PANASONIC 4GB SDHC CARD CLASS 6 20 MB/SEC*NIC* - RP-SDV04GU1K,,80000000010517,,panasonic 4gb sdhc card class 6 20 mb/sec*nic* - rp-sdv04gu1k,,80000000010517,,,,,,,,Panasonic Yellow 4GB SDHC Memory Card - RPSDV04GU1K,,80000000010517,,
abt-buy_0234,838,TRANSCEND INFORMATION,Transcend 8GB Secure Digital High Capacity (SDHC) Card - Class 6 - TS8GSDHC6,,80000000008387,transcend information,transcend 8gb secure digital high capacity (sdhc) card - class 6 - ts8gsdhc6,,80000000008387,,,,,,,,Transcend 8GB SDHC Card And Compact Card Reader - TS8GSDHC6S5W,,80000000008387,,
abt-buy_0235,174,Garmin,Garmin Lightweight GPS Case - 010-10704-00,,80000000001747,garmin,garmin lightweight gps case - 010-10704-00,,80000000001747,,,,,,,,Garmin GPS Carrying Case - Black Finish - 0101070400,,80000000001747,,
abt-buy_0236,251,Panasonic,Panasonic KX-TG6702B Cordless Telephone - KX-TG6702B,,80000000002517,panasonic,panasonic kx-tg6702b cordless telephone - kx-tg6702b,,80000000002517,,,,,,,,Panasonic KX-TG6702B 5.8 GHz FHSS GigaRange Expandable Black Cordless Phone System - KXTG6702B,,80000000002517,,
abt-buy_0237,241,Sony,Sony Noise Cancelling Earphone - MDRNC22/BLK,,80000000002417,sony,sony noise cancelling earphone - mdrnc22/blk,,80000000002417,,,,,,,,Sony MDR-NC22/BLK Black Noise Canceling Headphones - MDRNC22,,80000000002417,,
abt-buy_0238,377,Jabra,GN Jabra BT5010 Wireless Earset,,80000000003777,jabra,gn jabra bt5010 wireless earset,,80000000003777,,,,,,,,Jabra Black Bluetooth Headset - BT5010,,80000000003777,,
abt-buy_0239,267,Panasonic,Panasonic NN-SD377S 0.8 cu.ft. 800 WATT Microwave Oven,,80000000002677,panasonic,panasonic nn-sd377s 0.8 cu.ft. 800 watt microwave oven,,80000000002677,,,,,,,,Panasonic Stainless Steel Countertop Microwave Oven - NNSD377SS,,80000000002677,,
abt-buy_0240,289,Netgear,Netgear ProSafe GS724TP 24 Port Smart Switch with PoE - GS724TP-100NAS,,80000000002897,netgear,netgear prosafe gs724tp 24 port smart switch with poe - gs724tp-100nas,,80000000002897,,,,,,,,Netgear ProSafe 24-Port Smart Switch - GS724TP,,80000000002897,,
abt-buy_0241,559,D-Link,D-Link DWA-130 Wireless N USB Adapter,,80000000005597,d-link,d-link dwa-130 wireless n usb adapter,,80000000005597,,,,,,,,D-Link Wireless N USB Adapter - DWA130,,80000000005597,,
abt-buy_0242,507,Tom Tom,TOMTOM ONE XL Additional Mount Kit - 9S00.006,,80000000005077,tom tom,tomtom one xl additional mount kit - 9s00.006,,80000000005077,,,,,,,,TomTom GPS Mount And USB Car Charger - 9S00006,,80000000005077,,
abt-buy_0243,271,Panasonic,Panasonic NNSD667S 1.2 cu. ft. Countertop Microwave Oven In Stainless Steel,,80000000002717,panasonic,panasonic nnsd667s 1.2 cu. ft. countertop microwave oven in stainless steel,,80000000002717,,,,,,,,Panasonic Countertop Microwave Oven In Stainless Steel - NNSD667SS,,80000000002717,,
abt-buy_0244,290,Panasonic,Panasonic NNSD767S 1.6 cu. ft. Stainless Steel Countertop Microwave Oven,,80000000002907,panasonic,panasonic nnsd767s 1.6 cu. ft. stainless steel countertop microwave oven,,80000000002907,,,,,,,,Panasonic NNSD767S Stainless Steel Countertop Microwave Oven - NNSD767SS,,80000000002907,,
abt-buy_0245,309,Panasonic,Panasonic NNSD797S 1.6 cu. ft. Genius Prestige Inverter Stainless Steel Microwave Oven,,80000000003097,panasonic,panasonic nnsd797s 1.6 cu. ft. genius prestige inverter stainless steel microwave oven,,80000000003097,,,,,,,,Panasonic NNSD797S Stainless Steel Countertop Microwave Oven - NNSD797SS,,80000000003097,,
abt-buy_0246,269,Panasonic,Panasonic 2.2 cu. ft. Stainless Steel Luxury Full Size Countertop Microwave Oven - NNSD967SS,,80000000002697,panasonic,panasonic 2.2 cu. ft. stainless steel luxury full size countertop microwave oven - nnsd967ss,,80000000002697,,,,,,,,Panasonic Stainless Steel Luxury Full Size Countertop Microwave Oven - NNSD967SS,,80000000002697,,
abt-buy_0247,268,Panasonic,Panasonic NNSN667B 1.2 cu. ft. Countertop Microwave Oven In Black,,80000000002687,panasonic,panasonic nnsn667b 1.2 cu. ft. countertop microwave oven in black,,80000000002687,,,,,,,,Panasonic Countertop Microwave Oven In Black - NNSN667BK,,80000000002687,,
abt-buy_0248,270,Panasonic,Panasonic NNSN667W 1.2 cu. ft. Countertop Microwave Oven In White,,80000000002707,panasonic,panasonic nnsn667w 1.2 cu. ft. countertop microwave oven in white,,80000000002707,,,,,,,,Panasonic Countertop Microwave Oven In White - NNSN667WH,,80000000002707,,
abt-buy_0249,253,Sony,Sony SLVD380P DVD/VCR Combo,,80000000002537,sony,sony slvd380p dvd/vcr combo,,80000000002537,,,,,,,,Sony SLV-D380P Black DVD VHS Combo Player - SLVD380P,,80000000002537,,
abt-buy_0250,231,Sony,Sony DVPNS57P DVD Player - DVPNS57PB,,80000000002317,sony,sony dvpns57p dvd player - dvpns57pb,,80000000002317,,,,,,,,Sony Progressive Scan Black DVD Player - DVPNS57PB,,80000000002317,,
abt-buy_0251,141,Whirlpool,Whirlpool Duet Sport 27'' Electric Dryer - WED8300SWH 6.7 Cubic Foot Capacity,,80000000001417,whirlpool,whirlpool duet sport 27'' electric dryer - wed8300swh 6.7 cubic foot capacity,,80000000001417,,,,,,,,Whirlpool Duet Sport 27' White Electric Dryer  - WED8300SWH,,80000000001417,,
abt-buy_0252,52,Frigidaire,Frigidaire 27'' Electric Stack Washer Dryer Combo - FEX831WH Extra-Large Capacity Wash Tub,,80000000000527,frigidaire,frigidaire 27'' electric stack washer dryer combo - fex831wh extra-large capacity wash tub,,80000000000527,,,,,,,,Frigidaire 27' Electric Stack Washer Dryer Combo - FEX831WH,,80000000000527,,
abt-buy_0253,112,Nikon,Nikon 18-200mm 3.5-5.6 G ED DX AFS VR Zoom Wide Angle Nikkor Lens - Niko_215930348,,80000000001127,nikon,nikon 18-200mm 3.5-5.6 g ed dx afs vr zoom wide angle nikkor lens - niko_215930348,,80000000001127,,,,,,,,Nikon 18-200mm Nikkor Zoom Lens - Black Finish - 2159,,80000000001127,,
abt-buy_0254,187,"UNIVERSAL REMOTE CONTROL, INC",Universal Remote Control MRF-350 Addressable Narrow Band RF Base Station with RFX-250 Antenna,,80000000001877,"universal remote control, inc",universal remote control mrf-350 addressable narrow band rf base station with rfx-250 antenna,,80000000001877,,,,,,,,Universal MRF-350 RF Black Base Station - MRF350,,80000000001877,,
abt-buy_0255,1054,Nikon,Nikon EN-EL10 No-Mem Lithium-Ion Camera Battery - 25752,,80000000010547,nikon,nikon en-el10 no-mem lithium-ion camera battery - 25752,,80000000010547,,,,,,,,Nikon Black COOLPIX S210 Li-Ion Rechargeable Battery - ENEL10,,80000000010547,,
abt-buy_0256,361,Nikon,Nikon 55-200mm f/4-5.6G ED IF AF-S DX VR Zoom Telephoto Nikkor Lens - Niko_216687518,,80000000003617,nikon,nikon 55-200mm f/4-5.6g ed if af-s dx vr zoom telephoto nikkor lens - niko_216687518,,80000000003617,,,,,,,,Nikon VR 55-200MM Zoom-Nikkor Lens Accessory - 2166,,80000000003617,,
abt-buy_0257,969,Kensington,Kensington ComboSaver Ultra Notebook Lock - K64516US,,80000000009697,kensington,kensington combosaver ultra notebook lock - k64516us,,80000000009697,,,,,,,,Kensington Combosaver Ultra Combination Notebook Lock - K64516US - K64516US,,80000000009697,,
abt-buy_0258,137,HOOVER COMPANY,Hoover Company #U5140900 Wide Path Bag Up Vac,,80000000001377,hoover company,hoover company #u5140900 wide path bag up vac,,80000000001377,,,,,,,,Hoover Bagged Tempo Widepath Upright Vacuum - U5140,,80000000001377,,
abt-buy_0259,224,ELECTROLUX HOMECARE PRODUCTS,Electrolux Homecare #EL012A Electro H12 Hepa Filter,,80000000002247,electrolux homecare products,electrolux homecare #el012a electro h12 hepa filter,,80000000002247,,,,,,,,Electrolux Oxygen 3 Canister HEPA H12 Filter - EL012A,,80000000002247,,
abt-buy_0260,1030,ROBOT,iRobot Roomba Scooba Robot Floor Washer,,80000000010307,robot,irobot roomba scooba robot floor washer,,80000000010307,,,,,,,,iRobot Robotic Floor Washer - 74249,,80000000010307,,
abt-buy_0261,274,Canon,Canon Speedlite 580EX II Flash Light - 1946B002,,80000000002747,canon,canon speedlite 580ex ii flash light - 1946b002,,80000000002747,,,,,,,,Canon 580EXII Speedlite In Black - 1946B002,,80000000002747,,
abt-buy_0262,240,Canon,Canon FAX-JX200 Fax Machine - 1735B002AA,,80000000002407,canon,canon fax-jx200 fax machine - 1735b002aa,,80000000002407,,,,,,,,Canon FAX-JX200 Inkjet Fax Machine - FAXJX200,,80000000002407,,
abt-buy_0263,668,Canon,Canon PG-40 Twin Pack Black Ink Cartridge - 0615B013,,80000000006687,canon,canon pg-40 twin pack black ink cartridge - 0615b013,,80000000006687,,,,,,,,Canon PG-40 Black Ink Cartridge Twin Pack - PG40TBK,,80000000006687,,
abt-buy_0264,974,Logitech,Logitech V220 Cordless Optical Mouse for Notebooks - 910-000153,,80000000009747,logitech,logitech v220 cordless optical mouse for notebooks - 910-000153,,80000000009747,,,,,,,,Logitech Black V220 Cordless Optical Mouse For Notebooks - 910000153,,80000000009747,,
abt-buy_0265,239,Yamaha,Yamaha NX-U10 USB Powered Stereo Speaker - NX-U10SL,,80000000002397,yamaha,yamaha nx-u10 usb powered stereo speaker - nx-u10sl,,80000000002397,,,,,,,,Yamaha Silver USB Powered Stereo Speaker - NXU10SIL,,80000000002397,,
abt-buy_0266,855,LACIE,LaCie Big Disk Ethernet Network Storage Server - 301239U,,80000000008557,lacie,lacie big disk ethernet network storage server - 301239u,,80000000008557,,,,,,,,LaCie 2TB Ethernet Big Disk External Hard Drive - 301239U,,80000000008557,,
abt-buy_0267,126,TiVo,Tivo 80 Hour DVR Recorder,,80000000001267,tivo,tivo 80 hour dvr recorder,,80000000001267,,,,,,,,TiVo Series2 Dual Tuner Digital Video Recorder - TCD649080,,80000000001267,,
abt-buy_0268,122,TiVo,Tvio Wireless USB Network Adpator,,80000000001227,tivo,tvio wireless usb network adpator,,80000000001227,,,,,,,,Tivo Wireless Adapter - AG0100,,80000000001227,,
abt-buy_0269,124,Plantronics,Plantronics Voyager 510 Bluetooth Headset,,80000000001247,plantronics,plantronics voyager 510 bluetooth headset,,80000000001247,,,,,,,,Plantronics Voyager 510 Bluetooth Headset - Silver Finish - 496915,,80000000001247,,
abt-buy_0270,301,LG Electronics,"LG Electronics LSC21943ST 21.0 cu. ft. Counter-Depth Side-by-Side Refrigerator with 3 Spill-Protector Glass Shelves, SpacePlus Ice System, Digital LED Display and CustomCube Automatic Ice Maker",,80000000003017,lg electronics,"lg electronics lsc21943st 21.0 cu. ft. counter-depth side-by-side refrigerator with 3 spill-protector glass shelves, spaceplus ice system, digital led display and customcube automatic ice maker",,80000000003017,,,,,,,,LG LSC21943ST Stainless Steel Side By Side Refrigerator - LSC21943SS,,80000000003017,,
abt-buy_0271,297,LG Electronics,LG Electronics DLE2516W 27' Electric Dryer,,80000000002977,lg electronics,lg electronics dle2516w 27' electric dryer,,80000000002977,,,,,,,,LG DLE2516W White Super Capacity Electric Dryer - DLE2516WH,,80000000002977,,
abt-buy_0272,272,LG Electronics,"LG Electronics DLG2526W 27' Gas Dryer with 7.0 cu. ft. Capacity, 5 Dry Programs, 5 Temperature Controls, 5 Drying Levels and Sensor Dry System",,80000000002727,lg electronics,"lg electronics dlg2526w 27' gas dryer with 7.0 cu. ft. capacity, 5 dry programs, 5 temperature controls, 5 drying levels and sensor dry system",,80000000002727,,,,,,,,LG DLG2526W White Super Capacity Gas Dryer - DLG2526WH,,80000000002727,,
abt-buy_0273,273,LG Electronics,"LG Electronics WM2016CW 27' Front-Load Washer with 3.5 cu. ft. Capacity, 5 Wash Programs, 5 Temperature Levels, 1050 RPM Maximum and SenseClean System",,80000000002737,lg electronics,"lg electronics wm2016cw 27' front-load washer with 3.5 cu. ft. capacity, 5 wash programs, 5 temperature levels, 1050 rpm maximum and senseclean system",,80000000002737,,,,,,,,LG WM2016CW 3.6 Cu Ft White Front Load Washer - WM2016CWH,,80000000002737,,
abt-buy_0274,279,Sony,Computer Speakers - SRSA212/BLK,,80000000002797,sony,computer speakers - srsa212/blk,,80000000002797,,,,,,,,Sony Black Active Speaker System - SRSA212BK,,80000000002797,,
abt-buy_0275,640,Sony,Sony SRS-BTM30 Wireless Stereo Bluetooth Speaker - SRSBTM30,,80000000006407,sony,sony srs-btm30 wireless stereo bluetooth speaker - srsbtm30,,80000000006407,,,,,,,,Sony Stereo Bluetooth Speaker - SRSBTM30,,80000000006407,,
abt-buy_0276,1079,Logitech,Logitech Digital Precision PC Gaming Headset - 981-000040,,80000000010797,logitech,logitech digital precision pc gaming headset - 981-000040,,80000000010797,,,,,,,,Logitech Digital Precision PC Gaming Headset - 981000040,,80000000010797,,
abt-buy_0277,1071,Logitech,Logitech QuickCam Pro 9000 Webcam - 960-000048,,80000000010717,logitech,logitech quickcam pro 9000 webcam - 960-000048,,80000000010717,,,,,,,,Logitech V-UBM46 QuickCam Pro 9000 Black Webcam For Windows - 960000048,,80000000010717,,
abt-buy_0278,416,Sirius,Sirius SCC1 Universal Vehicle Tuner,,80000000004167,sirius,sirius scc1 universal vehicle tuner,,80000000004167,,,,,,,,Sirius Satellite Radio Universal Car Tuner - SCC1,,80000000004167,,
abt-buy_0279,292,Monster Cable,Monster Cable iFreePlay Cordless Headphone - AI SH HPHONE,,80000000002927,monster cable,monster cable ifreeplay cordless headphone - ai sh hphone,,80000000002927,,,,,,,,Monster iFreePlay Cordless Headphones For iPod Shuffle - AISHHPHONE,,80000000002927,,
abt-buy_0280,313,LACIE,LaCie Big Disk Extreme+ Hard Drive - 301199U,,80000000003137,lacie,lacie big disk extreme+ hard drive - 301199u,,80000000003137,,,,,,,,LaCie 1TB FireWire 800/FireWire 400/USB 2.0 External Hard Drive - 301199U,,80000000003137,,
abt-buy_0281,333,Xm,Audiovox Satellite Radio Tuner,,80000000003337,xm,audiovox satellite radio tuner,,80000000003337,,,,,,,,Audiovox Commander MT XM Satellite Radio Receiver - XMRVRFM002,,80000000003337,,
abt-buy_0282,788,Sirius Products,Sirius 14230 50-FT ANTENNA EXTENSION CABLE - DEI14230,,80000000007887,sirius products,sirius 14230 50-ft antenna extension cable - dei14230,,80000000007887,,,,,,,,Directed 50ft Extension Cable - 14230,,80000000007887,,
abt-buy_0283,1077,Logitech,Logitech Cordless Desktop Wave - 920-000264,,80000000010777,logitech,logitech cordless desktop wave - 920-000264,,80000000010777,,,,,,,,Logitech Cordless Desktop Wave Keyboard And Mouse Combo - 920000264,,80000000010777,,
abt-buy_0284,337,Uniden,Uniden DECT 6.0 1.9GHz Cordless Phone - DECT2080-2,,80000000003377,uniden,uniden dect 6.0 1.9ghz cordless phone - dect2080-2,,80000000003377,,,,,,,,Uniden DECT 6.0 Cordless Digital Answering System - DECT20802,,80000000003377,,
abt-buy_0285,391,Uniden,UNIDEN DCX200 DECT 6.0 Accessory Handset & Charger,,80000000003917,uniden,uniden dcx200 dect 6.0 accessory handset & charger,,80000000003917,,,,,,,,Uniden Dect 6.0 Accessory Handset  And Charging Cradle - DCX200,,80000000003917,,
abt-buy_0286,291,Sharp,Sharp 1100 Watt Over the Counter Microwave,,80000000002917,sharp,sharp 1100 watt over the counter microwave,,80000000002917,,,,,,,,Sharp Over The Counter White Microwave Oven - R1211WH,,80000000002917,,
abt-buy_0287,422,Garmin,Garmin Suction cup mount/12-volt adapter kit - 010-10979-00,,80000000004227,garmin,garmin suction cup mount/12-volt adapter kit - 010-10979-00,,80000000004227,,,,,,,,Garmin Suction Cup Mount And 12-Volt Adapter Kit - 0101097900,,80000000004227,,
abt-buy_0288,321,Sony,Sony PSP Core System (Piano Black) (Slim Model with AV Video Out Port) - 98510,,80000000003217,sony,sony psp core system (piano black) (slim model with av video out port) - 98510,,80000000003217,,,,,,,,Sony PSP 2000 Playstation Portable Gaming System Core 98510 In Piano Black - 711719851004,,80000000003217,,
abt-buy_0289,381,TREE DIMENSIONS MFG,Unreal Tournament III - 26991,,80000000003817,tree dimensions mfg,unreal tournament iii - 26991,,80000000003817,,,,,,,,Unreal Tournament III Video Game For The Sony PS3 - UNREALPS3,,80000000003817,,
abt-buy_0290,306,TiVo,TiVo HD Digital Video Recorder - Up to 20 Hours in HD! - TCD652160,,80000000003067,tivo,tivo hd digital video recorder - up to 20 hours in hd! - tcd652160,,80000000003067,,,,,,,,TiVo HD Digital Video Recorder (180 Hour) - TCD652160,,80000000003067,,
abt-buy_0291,275,Nikon,Nikon Digital Camera Leather Case - 5811,,80000000002757,nikon,nikon digital camera leather case - 5811,,80000000002757,,,,,,,,Nikon COOLPIX Leather Camera Case In Black - 5811,,80000000002757,,
abt-buy_0292,403,Logitech,Logitech V470 Cordless Laser Mouse for Notebooks - 910-000298,,80000000004037,logitech,logitech v470 cordless laser mouse for notebooks - 910-000298,,80000000004037,,,,,,,,Logitech Blue V470 Cordless Laser Mouse For Notebooks - 910000298,,80000000004037,,
abt-buy_0293,311,Sony,Sony VRDMC5 Digital Video Recorder,,80000000003117,sony,sony vrdmc5 digital video recorder,,80000000003117,,,,,,,,Sony Black DVDirect MC5 Multi-Function DVD Recorder - VRDMC5,,80000000003117,,
abt-buy_0294,978,Logitech,Logitech MX Air Rechargeable Cordless Air Mouse - 931633-0403,,80000000009787,logitech,logitech mx air rechargeable cordless air mouse - 931633-0403,,80000000009787,,,,,,,,Logitech MX Air Rechargeable Cordless Air Mouse - 931633,,80000000009787,,
abt-buy_0295,491,Monster,Monster Cable iCable A IC MINI IP-3 S Audio Stereo Cable - 123870,,80000000004917,monster,monster cable icable a ic mini ip-3 s audio stereo cable - 123870,,80000000004917,,,,,,,,Monster Mini-To-Mini iCable For Car - AICMINIIP3S,,80000000004917,,
abt-buy_0296,519,Bracketron,Bracketron iPod Docking Kit,,80000000005197,bracketron,bracketron ipod docking kit,,80000000005197,,,,,,,,Bracketron iPod Docking Kit - IPM202BL,,80000000005197,,
abt-buy_0297,518,Bracketron,Bracketron Nav-Mat Portable GPS Dash Mount - UFM-100-BL,,80000000005187,bracketron,bracketron nav-mat portable gps dash mount - ufm-100-bl,,80000000005187,,,,,,,,Bracketron Nav-Mat Portable GPS Dash Mount - UFM100BL,,80000000005187,,
abt-buy_0298,340,,233XSGG - Skagen,,80000000003407,,233xsgg - skagen,,80000000003407,,,,,,,,Skagen Premium Steel Slimline Mesh Womens Watch - 233XSGG,,80000000003407,,
abt-buy_0299,341,,Seiko SXDA04,,80000000003417,,seiko sxda04,,80000000003417,,,,,,,,Seiko Quartz Le Grand Sport Womens Watch - SXDA04,,80000000003417,,
abt-buy_0300,349,Canon,Canon PIXMA MX310 Multifunction Photo Printer - 2184B002,,80000000003497,canon,canon pixma mx310 multifunction photo printer - 2184b002,,80000000003497,,,,,,,,Canon PIXMA Multifunction Printer - MX310,,80000000003497,,
abt-buy_0301,364,Canon,Canon PIXMA MX700 Multifunction Photo Printer - 2186B002,,80000000003647,canon,canon pixma mx700 multifunction photo printer - 2186b002,,80000000003647,,,,,,,,Canon PIXMA MX700 Multifunction Printer - MX700C,,80000000003647,,
abt-buy_0302,342,Canon,Canon CanonScan 8800F Flatbed Scanner - 2168B002,,80000000003427,canon,canon canonscan 8800f flatbed scanner - 2168b002,,80000000003427,,,,,,,,Canon Color Image Silver Scanner - 8800F,,80000000003427,,
abt-buy_0303,556,Peerless,Peerless SmartMount 700 Series Articulating Wall Arm,,80000000005567,peerless,peerless smartmount 700 series articulating wall arm,,80000000005567,,,,,,,,Peerless 32' - 45' Articulating Flat Panel TV Black Wall Arm - SA745PU,,80000000005567,,
abt-buy_0304,448,Peerless,Peerless SmartMount 700 Series Articulating Wall Arm,,80000000004487,peerless,peerless smartmount 700 series articulating wall arm,,80000000004487,,,,,,,,Peerless 32' - 50' Articulating Flat Panel TV Black Wall Arm - SA750PU,,80000000004487,,
abt-buy_0305,588,Belkin,Belkin Orange Cushtop,,80000000005887,belkin,belkin orange cushtop,,80000000005887,,,,,,,,Belkin Cush Top For Computer Laptop - F8N044ORG,,80000000005887,,
abt-buy_0306,316,Denon,Denon AVR-3808CI A/V Receiver - AVR3808CI,,80000000003167,denon,denon avr-3808ci a/v receiver - avr3808ci,,80000000003167,,,,,,,,Denon 7.1 Channel Home Theater MultiMedia A/V Receiver With Networking In Black - AVR3808CI,,80000000003167,,
abt-buy_0307,343,Canon,Canon EOS 40D Digital SLR Camera - 1901B004,,80000000003437,canon,canon eos 40d digital slr camera - 1901b004,,80000000003437,,,,,,,,Canon EOS 40D Digital SLR Camera In Black - EOS40DBODY,,80000000003437,,
abt-buy_0308,346,Canon,Canon EOS 40D Digital SLR Camera with EF 28-135mm f/3.5-5.6 IS USM Lens - 1901B017,,80000000003467,canon,canon eos 40d digital slr camera with ef 28-135mm f/3.5-5.6 is usm lens - 1901b017,,80000000003467,,,,,,,,Canon EOS 40D Digital SLR Camera And 28-135MM Lens - EOS40D28135,,80000000003467,,
abt-buy_0309,399,GE,GE 24775 Amplified Quantum HDTV Antenna,,80000000003997,ge,ge 24775 amplified quantum hdtv antenna,,80000000003997,,,,,,,,GE Amplified Quantum Antenna - TV24775,,80000000003997,,
abt-buy_0310,807,Canon,Canon PSC-1000 Semi-Hard Leather Case - 2350B001,,80000000008077,canon,canon psc-1000 semi-hard leather case - 2350b001,,80000000008077,,,,,,,,Canon Deluxe Burgundy Leather Case - 2350B001,,80000000008077,,
abt-buy_0311,299,LG Electronics,"LG 7.3 cu.ft. Front Control, ST Drum,Chrome Door Trim (Pearl Gray)",,80000000002997,lg electronics,"lg 7.3 cu.ft. front control, st drum,chrome door trim (pearl gray)",,80000000002997,,,,,,,,LG Pearl Gray XL Capacity Electric Dryer - DLE5955G,,80000000002997,,
abt-buy_0312,300,LG Electronics,LG Electric Dryer with 9 Drying Programs,,80000000003007,lg electronics,lg electric dryer with 9 drying programs,,80000000003007,,,,,,,,LG DLE5955W White XL Capacity Electric Dryer - DLE5955WH,,80000000003007,,
abt-buy_0313,298,LG Electronics,LG XL Capacity Electric Dryer,,80000000002987,lg electronics,lg xl capacity electric dryer,,80000000002987,,,,,,,,LG DLE3733W White XL Capacity Electric Dryer - DLE3733WH,,80000000002987,,
abt-buy_0314,302,LG Electronics,LG 3.8 Cu. Ft. 7-Cycle Extra-Large Capacity Washer - White,,80000000003027,lg electronics,lg 3.8 cu. ft. 7-cycle extra-large capacity washer - white,,80000000003027,,,,,,,,LG WM2233W 4.0 Cu Ft White Front Load Washer - WM2233WH,,80000000003027,,
abt-buy_0315,303,LG Electronics,LG 4.0 cu. ft. Capacity Front Load Washer w/ Sanitary cycle,,80000000003037,lg electronics,lg 4.0 cu. ft. capacity front load washer w/ sanitary cycle,,80000000003037,,,,,,,,LG WM2455HG 4.2 Cu Ft Pearl Gray Front Load Washer - WM2455G,,80000000003037,,
abt-buy_0316,306,TiVo,Tivo TIV652160 Tivo High Definition,,80000000003067,tivo,tivo tiv652160 tivo high definition,,80000000003067,,,,,,,,TiVo HD Digital Video Recorder (180 Hour) - TCD652160,,80000000003067,,
abt-buy_0317,957,Nintendo Of America,Nintendo DS Lite (Crimson & Black) - USGSRMKB,,80000000009577,nintendo of america,nintendo ds lite (crimson & black) - usgsrmkb,,80000000009577,,,,,,,,Nintendo DS Lite Crimson/Black Portable Gaming System - NDSUSGSRMKB,,80000000009577,,
abt-buy_0318,821,Sony,Sony MDREX81LP Comfort Fit Ear Hanger Headphones- Choose Color (Black),,80000000008217,sony,sony mdrex81lp comfort fit ear hanger headphones- choose color (black),,80000000008217,,,,,,,,Sony Bud Style Headphones In Black - MDREX85LPBLK,,80000000008217,,
abt-buy_0319,865,LACIE,LaCie Little Disk Hard Drive - 301278,,80000000008657,lacie,lacie little disk hard drive - 301278,,80000000008657,,,,,,,,LaCie Little Disk 250GB Black Portable Hard Drive - 301278,,80000000008657,,
abt-buy_0320,327,Apple,Apple iPod Shuffle 1GB MP3 Player - MB226LL/A,,80000000003277,apple,apple ipod shuffle 1gb mp3 player - mb226ll/a,,80000000003277,,,,,,,,Apple 1GB Silver iPod Shuffle - MB225LLA,,80000000003277,,
abt-buy_0321,358,Speck Products,Speck Products ToughSkin for iPod classic - IC-BLK-TS,,80000000003587,speck products,speck products toughskin for ipod classic - ic-blk-ts,,80000000003587,,,,,,,,Speck Black ToughSkin iPod Classic Case - ICBLKTS,,80000000003587,,
abt-buy_0322,354,Sony,Sony Universal Remote Control - RM-EZ4,,80000000003547,sony,sony universal remote control - rm-ez4,,80000000003547,,,,,,,,Sony Universal Remote Control - RMEZ4,,80000000003547,,
abt-buy_0323,394,Klipsch,Klipsch RoomGroove Wireless iPod Speaker System - 1006602,,80000000003947,klipsch,klipsch roomgroove wireless ipod speaker system - 1006602,,80000000003947,,,,,,,,Klipsch Black Wireless iPod Speaker - ROOMGROOVE,,80000000003947,,
abt-buy_0324,347,"UNIVERSAL REMOTE CONTROL, INC",Universal Remote Control MRF-260 Barrier-Free Addressable RF Base Station,,80000000003477,"universal remote control, inc",universal remote control mrf-260 barrier-free addressable rf base station,,80000000003477,,,,,,,,Universal RF Base Station - MRF260,,80000000003477,,
abt-buy_0325,1020,LINKSYS,Linksys Ultra RangePlus Dual Band Wireless-N PC Card - WPC600N,,80000000010207,linksys,linksys ultra rangeplus dual band wireless-n pc card - wpc600n,,80000000010207,,,,,,,,Linksys Dual-Band Wireless-N Notebook Adapter - WPC600N,,80000000010207,,
abt-buy_0326,601,Klipsch,Klipsch Groove PM20 Computer Speakers - 1007596,,80000000006017,klipsch,klipsch groove pm20 computer speakers - 1007596,,80000000006017,,,,,,,,Klipsch Groove PM20 Computer Speakers - GROOVEPM20BK,,80000000006017,,
abt-buy_0327,808,Canon,Canon PSC-85 Deluxe Soft Case for the Powershot-A650 IS and A720 IS - 2595B002(AA),,80000000008087,canon,canon psc-85 deluxe soft case for the powershot-a650 is and a720 is - 2595b002(aa),,80000000008087,,,,,,,,Canon Deluxe Black Digital Camera Case - 2595B002,,80000000008087,,
abt-buy_0328,365,Sony,Sony InfoLITHIUM D-Type NP-FD1 Digital Camera Battery - NPFD1,,80000000003657,sony,sony infolithium d-type np-fd1 digital camera battery - npfd1,,80000000003657,,,,,,,,Sony Lithium-Ion Rechargeable Battery Pack - NPFD1,,80000000003657,,
abt-buy_0329,1060,Peerless,Peerless SS550P Flat Panel TV Stand,,80000000010607,peerless,peerless ss550p flat panel tv stand,,80000000010607,,,,,,,,Peerless Black Flat Panel TV Stand - SS550PBK,,80000000010607,,
abt-buy_0330,344,Sony,Sony LFV30 Network Media Player,,80000000003447,sony,sony lfv30 network media player,,80000000003447,,,,,,,,Sony Black LocationFree Base Station - LFV30,,80000000003447,,
abt-buy_0331,455,TRANSCEND INFORMATION,Transcend 4GB CompactFlash Card (133x) - TS4GCF133,,80000000004557,transcend information,transcend 4gb compactflash card (133x) - ts4gcf133,,80000000004557,,,,,,,,Transcend 133X High-Speed 4GB Compact Flash Card - TS4GCF133,,80000000004557,,
abt-buy_0332,586,Nyko Technologies,PlayStation 3 Charging Dock for PS3 Wireless Controllers by Nyko - 83053,,80000000005867,nyko technologies,playstation 3 charging dock for ps3 wireless controllers by nyko - 83053,,80000000005867,,,,,,,,Nyko Charge Base 2 Charger For PlayStation 3 Controller - 743840830535,,80000000005867,,
abt-buy_0333,413,Microsoft,Microsoft Office:mac 2008 Home and Student Edition - GZA-00006,,80000000004137,microsoft,microsoft office:mac 2008 home and student edition - gza-00006,,80000000004137,,,,,,,,Microsoft Office 2008 For Mac Home And Student Edition - GZA00006,,80000000004137,,
abt-buy_0334,386,LG Electronics,LG 27' Front-Load Electric Dryer with 7.3 cu. ft. Capacity,,80000000003867,lg electronics,lg 27' front-load electric dryer with 7.3 cu. ft. capacity,,80000000003867,,,,,,,,LG DLEX7177RM Cherry Red XL Capacity Electric SteamDryer - DLEX7177RD,,80000000003867,,
abt-buy_0335,388,LG Electronics,LGs New Electric SteamDryer,,80000000003887,lg electronics,lgs new electric steamdryer,,80000000003887,,,,,,,,LG DLEX7177WM White XL Capacity Electric SteamDryer - DLEX7177WH,,80000000003887,,
abt-buy_0336,387,LG Electronics,The LG Electric SteamDryer,,80000000003877,lg electronics,the lg electric steamdryer,,80000000003877,,,,,,,,LG DLEX8377NM Navy Blue XL Capacity Electric SteamDryer - DLEX8377BLUE,,80000000003877,,
abt-buy_0337,389,LG Electronics,The LG Electric SteamDryer,,80000000003897,lg electronics,the lg electric steamdryer,,80000000003897,,,,,,,,LG DLEX8377WM White XL Capacity Electric SteamDryer - DLEX8377WH,,80000000003897,,
abt-buy_0338,178,Garmin,Garmin Suction Cup Mount - 010-10815-00,,80000000001787,garmin,garmin suction cup mount - 010-10815-00,,80000000001787,,,,,,,,Garmin Nuvi 360 010-10815-00 Black Replacement Vehicle Suction Cup Mount - 0101081500,,80000000001787,,
abt-buy_0339,649,Contour,Contour Showcase Classic for iPod classic 80 GB - SH-CLS80-B02,,80000000006497,contour,contour showcase classic for ipod classic 80 gb - sh-cls80-b02,,80000000006497,,,,,,,,Contour Design Showcase Premium Protection Case For 80 GB iPod Classic - SHCLS80B02,,80000000006497,,
abt-buy_0340,428,Panasonic,Panasonic KX-TGA820B Cordless Handset,,80000000004287,panasonic,panasonic kx-tga820b cordless handset,,80000000004287,,,,,,,,Panasonic KX-TGA820B Black DECT 6.0 Cordless Handset - KXTGA820B,,80000000004287,,
abt-buy_0341,401,Panasonic,Panasonic KX-TG8232B Cordless Phone,,80000000004017,panasonic,panasonic kx-tg8232b cordless phone,,80000000004017,,,,,,,,Panasonic Black Expandable Digital Cordless Dect 6.0 Phone System - KXTG8232B,,80000000004017,,
abt-buy_0342,409,Panasonic,Panasonic PT-AX200U Home Theater Projector,,80000000004097,panasonic,panasonic pt-ax200u home theater projector,,80000000004097,,,,,,,,Panasonic PT-AX200U White Home Theater Projector - PTAX200,,80000000004097,,
abt-buy_0343,1035,LINKSYS,Linksys Media Center Extender - DMA2100,,80000000010357,linksys,linksys media center extender - dma2100,,80000000010357,,,,,,,,Linksys Black Media Center Extender - DMA2100,,80000000010357,,
abt-buy_0344,370,Sirius,Sirius Sportster 5 Radio with Vehicle Kit,,80000000003707,sirius,sirius sportster 5 radio with vehicle kit,,80000000003707,,,,,,,,Sirius Sportster 5 Dock And Play Radio With Car Kit - SP5TK1,,80000000003707,,
abt-buy_0345,382,Sirius,SIRIUS SLV2 SIRIUS Stiletto 2 Portable Radio Vehicle Kit,,80000000003827,sirius,sirius slv2 sirius stiletto 2 portable radio vehicle kit,,80000000003827,,,,,,,,Sirius Stiletto 2 Vehicle Kit - SLV2,,80000000003827,,
abt-buy_0346,368,Sirius,SIRIUS SL2PK1 SIRIUS Stiletto 2 Portable Radio,,80000000003687,sirius,sirius sl2pk1 sirius stiletto 2 portable radio,,80000000003687,,,,,,,,Sirius STILETTO 2 Portable Satellite Radio - SL2PK1,,80000000003687,,
abt-buy_0347,369,Sirius,SIRIUS SLH2 SIRIUS? Stiletto 2 Portable Radio Home Kit,,80000000003697,sirius,sirius slh2 sirius? stiletto 2 portable radio home kit,,80000000003697,,,,,,,,Sirius STILETTO 2 Home Docking Kit - SLH2,,80000000003697,,
abt-buy_0348,527,Sirius,SIRIUS SRH1000 Polk Audio Designs? Dual Zone Home Tuner,,80000000005277,sirius,sirius srh1000 polk audio designs? dual zone home tuner,,80000000005277,,,,,,,,Polk Audio Sirius Satellite Radio Home Tuner - SRH1000,,80000000005277,,
abt-buy_0349,761,Griffin,Griffin iTrip FM Transmitter - 4052-TRPSEB,,80000000007617,griffin,griffin itrip fm transmitter - 4052-trpseb,,80000000007617,,,,,,,,Griffin iTrip FM Transmitter - 4052TRPSEB,,80000000007617,,
abt-buy_0350,806,Canon,Canon PSC-1000 Semi-Hard Leather Case - 2349B001,,80000000008067,canon,canon psc-1000 semi-hard leather case - 2349b001,,80000000008067,,,,,,,,Canon Deluxe Grey Leather Case - 2349B001,,80000000008067,,
abt-buy_0351,312,Apple,Apple Mac mini Desktop - MB138LL/A,,80000000003127,apple,apple mac mini desktop - mb138ll/a,,80000000003127,,,,,,,,Apple Mac Mini 1.83GHz Intel Core 2 Duo Computer - MB138LLA,,80000000003127,,
abt-buy_0352,371,Nikon,Nikon D300 Digital SLR Camera - 25432,,80000000003717,nikon,nikon d300 digital slr camera - 25432,,80000000003717,,,,,,,,Nikon D300 Digital SLR Digital Camera - D300BODY,,80000000003717,,
abt-buy_0353,320,Yamaha,Yamaha YSP-4000 Digital Sound Projector -- Black - YSP-4000BL,,80000000003207,yamaha,yamaha ysp-4000 digital sound projector -- black - ysp-4000bl,,80000000003207,,,,,,,,Yamaha Black Digital Sound Projector - YSP4000BK,,80000000003207,,
abt-buy_0354,362,Yamaha,Yamaha YST-FSW150 Subwoofer - YST-FSW150BL,,80000000003627,yamaha,yamaha yst-fsw150 subwoofer - yst-fsw150bl,,80000000003627,,,,,,,,Yamaha High Performance Subwoofer In Black - YSTFSW150BK,,80000000003627,,
abt-buy_0355,106,Yamaha,Yamaha YSTFSW100 Subwoofer - YST-FSW100BL,,80000000001067,yamaha,yamaha ystfsw100 subwoofer - yst-fsw100bl,,80000000001067,,,,,,,,Yamaha High Performance Subwoofer -  Black Finish - YSTFSW100BK,,80000000001067,,
abt-buy_0356,781,LINKSYS,Linksys RangePlus WRT160N 4-Port Wireless-N Broadband Router - WRT160N,,80000000007817,linksys,linksys rangeplus wrt160n 4-port wireless-n broadband router - wrt160n,,80000000007817,,,,,,,,Linksys Ultra RangePlus Wireless-N Broadband Router - WRT160N,,80000000007817,,
abt-buy_0357,210,Logitech,Logitech Harmony RF Extender - 915-000044,,80000000002107,logitech,logitech harmony rf extender - 915-000044,,80000000002107,,,,,,,,Logitech Harmony RF Wireless Extender - RFEXT,,80000000002107,,
abt-buy_0358,460,Sirius,SIRIUS SCVDOC1 SiriusConnect? Universal Vehicle Kit,,80000000004607,sirius,sirius scvdoc1 siriusconnect? universal vehicle kit,,80000000004607,,,,,,,,SIRIUS SiriusConnect Vehicle Kit In Black - SCVDOC1,,80000000004607,,
abt-buy_0359,539,Motorola,Motorola MOTOROKR T505 Bluetooth In-Car Speakerphone - 89149,,80000000005397,motorola,motorola motorokr t505 bluetooth in-car speakerphone - 89149,,80000000005397,,,,,,,,Motorola MotoRokr Portable Bluetooth Car Kit Speaker Phone - T505,,80000000005397,,
abt-buy_0360,1024,LINKSYS,Linksys Wireless-G Internet Video Camera - WVC54GCA,,80000000010247,linksys,linksys wireless-g internet video camera - wvc54gca,,80000000010247,,,,,,,,Linksys Wireless-G Internet Home Monitoring Camera - WVC54GCA,,80000000010247,,
abt-buy_0361,1019,LINKSYS,Linksys WGA600N Wireless Gaming Adapter,,80000000010197,linksys,linksys wga600n wireless gaming adapter,,80000000010197,,,,,,,,Linksys Dual-Band Wireless-N Gaming Adapter - WGA600N,,80000000010197,,
abt-buy_0362,617,LACIE,LaCie USB 2.0 External Hard Drive - 301304U,,80000000006177,lacie,lacie usb 2.0 external hard drive - 301304u,,80000000006177,,,,,,,,LaCie 1TB USB 2.0 External Hard Drive - 301304U,,80000000006177,,
abt-buy_0363,407,LACIE,LaCie USB 2.0 External Hard Drive - 301302U,,80000000004077,lacie,lacie usb 2.0 external hard drive - 301302u,,80000000004077,,,,,,,,LaCie 500GB USB 2.0 External Hard Drive - 301302U,,80000000004077,,
abt-buy_0364,367,DeLonghi,DELONGHI DCF212T 12-Cup Drip Coffee Maker,,80000000003677,delonghi,delonghi dcf212t 12-cup drip coffee maker,,80000000003677,,,,,,,,Delonghi Coffee Maker In Black - DCF212T,,80000000003677,,
abt-buy_0365,1023,LINKSYS,Linksys WUSB600N Dual-Band Wireless-NUSB Network Adapter - WUSB600N,,80000000010237,linksys,linksys wusb600n dual-band wireless-nusb network adapter - wusb600n,,80000000010237,,,,,,,,Linksys Dual-Band Wireless-N USB Network Adapter - WUSB600N,,80000000010237,,
abt-buy_0366,825,Monster,MONSTER A IP FM-CH 250 iCarPlay Wireless 250 FM Transmitter for iPod & iPhone - AIPFM-CH250,,80000000008257,monster,monster a ip fm-ch 250 icarplay wireless 250 fm transmitter for ipod & iphone - aipfm-ch250,,80000000008257,,,,,,,,Monster iCarPlay Wireless 250 FM Transmitter With AutoScan for iPod And iPhone - AIPFMCH250,,80000000008257,,
abt-buy_0367,24,Escort,Escort X50 Passport 8500 Radar Detector - High Intensity Red Display - 8500X50RED,,80000000000247,escort,escort x50 passport 8500 radar detector - high intensity red display - 8500x50red,,80000000000247,,,,,,,,Escort Passport Radar And Laser Detector - Black Finish - 8500,,80000000000247,,
abt-buy_0368,264,FSI,Escort new radar gps powered - 9500I,,80000000002647,fsi,escort new radar gps powered - 9500i,,80000000002647,,,,,,,,Escort Passport 9500I Radar And Laser Detector - 9500I,,80000000002647,,
abt-buy_0369,442,Cuisinart,Cuisinart PSC-400 Cuisinart Programmable Slow Cooker - PSC400,,80000000004427,cuisinart,cuisinart psc-400 cuisinart programmable slow cooker - psc400,,80000000004427,,,,,,,,Cuisinart Stainless Steel 4-Quart Programmable Slow Cooker - PSC400,,80000000004427,,
abt-buy_0370,489,Cuisinart,Cuisinart TOB-195 Cuisinart Exact Heat Convection Toaster Oven Broiler - TOB195,,80000000004897,cuisinart,cuisinart tob-195 cuisinart exact heat convection toaster oven broiler - tob195,,80000000004897,,,,,,,,Cuisinart Stainless Steel Convection Toaster Oven - TOB195,,80000000004897,,
abt-buy_0371,235,DeLonghi,DeLonghi ESAM3300 Esclusivo Magnifica Super-Automatic Espresso/Coffee Machine,,80000000002357,delonghi,delonghi esam3300 esclusivo magnifica super-automatic espresso/coffee machine,,80000000002357,,,,,,,,DeLonghi Magnifica Super-Automatic Espresso/Coffee Machine - ESAM3300,,80000000002357,,
abt-buy_0372,1033,Sony,Sony VCL-DH1774 Telephoto Lens - VCLDH1774,,80000000010337,sony,sony vcl-dh1774 telephoto lens - vcldh1774,,80000000010337,,,,,,,,Sony Telephoto Converter Lens - VCLDH1774,,80000000010337,,
abt-buy_0373,304,Haier,20' Television CRT - HTR20,,80000000003047,haier,20' television crt - htr20,,80000000003047,,,,,,,,Haier 20' ATSC Color Tube Television - HTR20,,80000000003047,,
abt-buy_0374,397,LG Electronics,Full Size Steam Washer and Dryer Combination with Allergiene Cycle,,80000000003977,lg electronics,full size steam washer and dryer combination with allergiene cycle,,80000000003977,,,,,,,,LG WM3988HWA 4.2 Cu Ft White Full Size SteamWasher And Dryer Combo - WM3988WH,,80000000003977,,
abt-buy_0375,951,Nintendo Of America,Nintendo DS Lite (Cobalt Blue and Black) - USGSBMKB,,80000000009517,nintendo of america,nintendo ds lite (cobalt blue and black) - usgsbmkb,,80000000009517,,,,,,,,Nintendo DS Lite Cobalt/Black Portable Gaming System - NDSUSGBMKB,,80000000009517,,
abt-buy_0376,892,Griffin,Griffin iTrip AutoPilot FM Transmitter - 4046-TRPAUTOC,,80000000008927,griffin,griffin itrip autopilot fm transmitter - 4046-trpautoc,,80000000008927,,,,,,,,Griffin 4046-TRPAUTOC iTrip AutoPilot - 4046TRPAUTOC,,80000000008927,,
abt-buy_0377,555,Logitech,Logitech Harmony One Advanced Universal Remote Control - 915-000035,,80000000005557,logitech,logitech harmony one advanced universal remote control - 915-000035,,80000000005557,,,,,,,,Logitech Harmony One Advanced Universal Remote Control - HARMONY1,,80000000005557,,
abt-buy_0378,864,LACIE,LaCie Little Disk Hard Drive - 301829,,80000000008647,lacie,lacie little disk hard drive - 301829,,80000000008647,,,,,,,,LaCie Little Disk 320GB Black Portable Hard Drive - 301829,,80000000008647,,
abt-buy_0379,656,LACIE,LaCie d2 Quadra Hard Drive - 301825U,,80000000006567,lacie,lacie d2 quadra hard drive - 301825u,,80000000006567,,,,,,,,LaCie 500GB d2 Quadra External Hard Drive - 301825U,,80000000006567,,
abt-buy_0380,454,Canon,Canon VIXIA HV30 High Definition Digital Camcorder - 2680B001,,80000000004547,canon,canon vixia hv30 high definition digital camcorder - 2680b001,,80000000004547,,,,,,,,Canon Vixia High Definition Camcorder - HV30,,80000000004547,,
abt-buy_0381,451,Canon Camcorders,Canon VIXIA HF100 High Definition Digital Camcorder - 2708B001,,80000000004517,canon camcorders,canon vixia hf100 high definition digital camcorder - 2708b001,,80000000004517,,,,,,,,Canon Vixia High Definition Camcorder - HF100,,80000000004517,,
abt-buy_0382,453,Canon,Canon DC320 Digital Camcorder - 2691B001,,80000000004537,canon,canon dc320 digital camcorder - 2691b001,,80000000004537,,,,,,,,Canon DVD Camcorder - DC320,,80000000004537,,
abt-buy_0383,459,Canon,Canon VIXIA HF10 High Definition Digital Camcorder - 2573B001,,80000000004597,canon,canon vixia hf10 high definition digital camcorder - 2573b001,,80000000004597,,,,,,,,Canon Vixia High Definition Camcorder - HF10,,80000000004597,,
abt-buy_0384,458,Canon Camcorders,Canon FS10 Digital Camcorder - 2686B001,,80000000004587,canon camcorders,canon fs10 digital camcorder - 2686b001,,80000000004587,,,,,,,,Canon Silver Dual Flash Memory Camcorder - FS10,,80000000004587,,
abt-buy_0385,457,Canon Camcorders,Canon FS11 Digital Camcorder - 2685B001,,80000000004577,canon camcorders,canon fs11 digital camcorder - 2685b001,,80000000004577,,,,,,,,Canon Silver Dual Flash Memory Camcorder - FS11,,80000000004577,,
abt-buy_0386,456,Canon Camcorders,Canon FS100 Digital Camera - 2699B001,,80000000004567,canon camcorders,canon fs100 digital camera - 2699b001,,80000000004567,,,,,,,,Canon Silver Flash Memory Camcorder - FS100S,,80000000004567,,
abt-buy_0387,525,Sharp,Sharp AQUOS LC37D44U 37' LCD TV - LC37D44U,,80000000005257,sharp,sharp aquos lc37d44u 37' lcd tv - lc37d44u,,80000000005257,,,,,,,,Sharp Aquos 37' LCD HDTV In Black - LC37D44U,,80000000005257,,
abt-buy_0388,429,Toshiba,Toshiba SD-4100 DVD Player,,80000000004297,toshiba,toshiba sd-4100 dvd player,,80000000004297,,,,,,,,Toshiba Black Progressive Scan DVD Player - SD4100,,80000000004297,,
abt-buy_0389,757,Uniden,Uniden DCX300 DECT 6.0 Accessory Handset and Cradle for the DECT2000 series,,80000000007577,uniden,uniden dcx300 dect 6.0 accessory handset and cradle for the dect2000 series,,80000000007577,,,,,,,,Uniden DECT 6.0 Digital Accessory Handset  - DCX300,,80000000007577,,
abt-buy_0390,535,Panasonic,Panasonic KX-TG4323B 5.8 GHz Expandable Digital Cordless Phone,,80000000005357,panasonic,panasonic kx-tg4323b 5.8 ghz expandable digital cordless phone,,80000000005357,,,,,,,,Panasonic 5.8 GHz Black Expandable Digital Cordless Phone System - KXTG4323B,,80000000005357,,
abt-buy_0391,595,Panasonic,Panasonic KX-TG4324B 5.8 GHz Expandable Digital Cordless Phone,,80000000005957,panasonic,panasonic kx-tg4324b 5.8 ghz expandable digital cordless phone,,80000000005957,,,,,,,,Panasonic 5.8 GHz Black Expandable Digital Cordless Phone System - KXTG4324B,,80000000005957,,
abt-buy_0392,1070,TRANSCEND INFORMATION,Transcend 16GB JetFlash USB Flash Drive - TS16GJFV10,,80000000010707,transcend information,transcend 16gb jetflash usb flash drive - ts16gjfv10,,80000000010707,,,,,,,,Transcend JetFlash V10 16GB USB Flash Drive - TS16GJFV10,,80000000010707,,
abt-buy_0393,831,TRANSCEND INFORMATION,Transcend 16GB SDHC Card & Compact Card Reader S5 - TS16GSDHC6-S5W,,80000000008317,transcend information,transcend 16gb sdhc card & compact card reader s5 - ts16gsdhc6-s5w,,80000000008317,,,,,,,,Transcend 16GB SDHC Card And Compact Card Reader - TS16GSDHC6S5W,,80000000008317,,
abt-buy_0394,278,Samsung,Samsung TR72B TV Stand,,80000000002787,samsung,samsung tr72b tv stand,,80000000002787,,,,,,,,Samsung DLP TV Stand In Black - TR72BX,,80000000002787,,
abt-buy_0395,605,Pioneer,Weber Genesis E/S series Rotisserie,,80000000006057,pioneer,weber genesis e/s series rotisserie,,80000000006057,,,,,,,,Weber Gas Barbecue Rotisserie - 7519,,80000000006057,,
abt-buy_0396,606,Weber,Weber Cast Iron Griddle for Genesis Silver As and Spirit 500s & Spirit 200 Series,,80000000006067,weber,weber cast iron griddle for genesis silver as and spirit 500s & spirit 200 series,,80000000006067,,,,,,,,Weber Cast Iron Griddle - 7531,,80000000006067,,
abt-buy_0397,607,Weber,"Weber Cast Iron Griddle for Genesis B,C, 1000 - 5500 & Spirit E & S 300 Series",,80000000006077,weber,"weber cast iron griddle for genesis b,c, 1000 - 5500 & spirit e & s 300 series",,80000000006077,,,,,,,,Weber Cast Iron Griddle - 7542,,80000000006077,,
abt-buy_0398,1046,Logitech,Logitech Cordless Desktop MX 5500 Revolution Keyboard and Mouse - 920-000383,,80000000010467,logitech,logitech cordless desktop mx 5500 revolution keyboard and mouse - 920-000383,,80000000010467,,,,,,,,Logitech Cordless Desktop MX 5500 Revolution Keyboard And Mouse Combination - 920000383,,80000000010467,,
abt-buy_0399,599,Panasonic,Panasonic Palmcorder SDR-H40 Digital Camcorder,,80000000005997,panasonic,panasonic palmcorder sdr-h40 digital camcorder,,80000000005997,,,,,,,,Panasonic 40GB Hard Drive Camcorder - SDRH40,,80000000005997,,
abt-buy_0400,494,ELGATO SYSTEMS,Elgato EyeTV 250 Plus TV Tuner - 10020780,,80000000004947,elgato systems,elgato eyetv 250 plus tv tuner - 10020780,,80000000004947,,,,,,,,Elgato TV Receiver And Video Converter For Analog & Digital TV - 10020780,,80000000004947,,
abt-buy_0401,495,ELGATO SYSTEMS,Elgato EyeTV Hybrid Analog/Digital TV Tuner Stick - 10020630,,80000000004957,elgato systems,elgato eyetv hybrid analog/digital tv tuner stick - 10020630,,80000000004957,,,,,,,,Elgato Mac EyeTV Hybrid - 10020630,,80000000004957,,
abt-buy_0402,762,Haier,15in Lcd/dvd Tv Combo - HLC15R,,80000000007627,haier,15in lcd/dvd tv combo - hlc15r,,80000000007627,,,,,,,,Haier 15' Black Flat Panel LCD HDTV DVD Combo - HLC15R,,80000000007627,,
abt-buy_0403,284,Haier,13in Crt Tv W/atsc Tuner - HTR13,,80000000002847,haier,13in crt tv w/atsc tuner - htr13,,80000000002847,,,,,,,,Haier 13' Silver Tube TV - HTR13,,80000000002847,,
abt-buy_0404,379,Haier,13in Crt Tv/dvd Combo - TCR13,,80000000003797,haier,13in crt tv/dvd combo - tcr13,,80000000003797,,,,,,,,Haier 13' TV/DVD Combo - TCR13,,80000000003797,,
abt-buy_0405,810,Griffin,Griffin RoadTrip with SmartScan FM Transmitter - 4040-RDTRPB,,80000000008107,griffin,griffin roadtrip with smartscan fm transmitter - 4040-rdtrpb,,80000000008107,,,,,,,,Griffin iPod RoadTrip With SmartScan - 4040RDTRPB,,80000000008107,,
abt-buy_0406,522,Nikon,Nikon Coolpix S550 Digital Camera - Plum - 26110,,80000000005227,nikon,nikon coolpix s550 digital camera - plum - 26110,,80000000005227,,,,,,,,Nikon CoolPix S550 10 Megapixel Compact Plum Digital Camera - COOLPIXS550P,,80000000005227,,
abt-buy_0407,521,Nikon,Nikon Coolpix S550 Digital Camera - Graphite Black - 26108,,80000000005217,nikon,nikon coolpix s550 digital camera - graphite black - 26108,,80000000005217,,,,,,,,Nikon CoolPix S550 10 Megapixel Black Digital Camera - COOLPIXS550GB,,80000000005217,,
abt-buy_0408,523,Nikon,Nikon Coolpix S210 Digital Camera - Plum - 26103,,80000000005237,nikon,nikon coolpix s210 digital camera - plum - 26103,,80000000005237,,,,,,,,Nikon Coolpix S210 Plum 8.1 Megapixels Digital Camera - COOLPIXS210P,,80000000005237,,
abt-buy_0409,520,Nikon,Nikon Coolpix S550 Digital Camera - Cool Blue - 26109,,80000000005207,nikon,nikon coolpix s550 digital camera - cool blue - 26109,,80000000005207,,,,,,,,Nikon CoolPix S550  Blue 10.0 Megapixels Compact Digital Camera - COOLPIXS550CB,,80000000005207,,
abt-buy_0410,767,Garmin,Garmin Adjustable Vehicle Suction Cup - 010-10823-03,,80000000007677,garmin,garmin adjustable vehicle suction cup - 010-10823-03,,80000000007677,,,,,,,,Garmin Vehicle Adjustable Suction Cup Mount - 0101082303,,80000000007677,,
abt-buy_0411,891,Canon,Canon PIXMA iP2600 Inkjet Photo Printer - 2435B002,,80000000008917,canon,canon pixma ip2600 inkjet photo printer - 2435b002,,80000000008917,,,,,,,,Canon PIXMA iP2600 Photo Printer - IP2600,,80000000008917,,
abt-buy_0412,490,Canon,Canon PowerShot A590 IS Digital Camera - 2462B001,,80000000004907,canon,canon powershot a590 is digital camera - 2462b001,,80000000004907,,,,,,,,Canon Black 8.0 Megapixel PowerShot Digital Camera - A590IS,,80000000004907,,
abt-buy_0413,487,Canon,Canon PowerShot SD1100 IS Digital ELPH Camera - Swing Silver - 2508B001,,80000000004877,canon,canon powershot sd1100 is digital elph camera - swing silver - 2508b001,,80000000004877,,,,,,,,Canon Silver 8.0 Megapixel PowerShot Digital Camera - SD1100IS,,80000000004877,,
abt-buy_0414,998,Canon,Canon PowerShot SD1100 IS Digital ELPH Camera - Melody Pink - 2509B001,,80000000009987,canon,canon powershot sd1100 is digital elph camera - melody pink - 2509b001,,80000000009987,,,,,,,,Canon Pink 8.0 Megapixel PowerShot Digital Camera - SD1100ISP,,80000000009987,,
abt-buy_0415,488,Canon,Canon PowerShot SD1100 IS Digital ELPH Camera - Rhythm & Blue - 2512B001,,80000000004887,canon,canon powershot sd1100 is digital elph camera - rhythm & blue - 2512b001,,80000000004887,,,,,,,,Canon Blue 8.0 Megapixel PowerShot Digital Camera - SD1100ISB,,80000000004887,,
abt-buy_0416,600,Belkin,Belkin Neoprene Sleeve for MacBook Air - Neoprene - Black,,80000000006007,belkin,belkin neoprene sleeve for macbook air - neoprene - black,,80000000006007,,,,,,,,Belkin Neoprene Sleeve For MacBook Air - F8N065BLK,,80000000006007,,
abt-buy_0417,526,Toshiba,Toshiba D-R410 DVD Player/Recorder,,80000000005267,toshiba,toshiba d-r410 dvd player/recorder,,80000000005267,,,,,,,,Toshiba Black DVD Recorder With 1080p Upconversion - DR410,,80000000005267,,
abt-buy_0418,515,Toshiba,Toshiba D-VR610 DVD VCR Combo,,80000000005157,toshiba,toshiba d-vr610 dvd vcr combo,,80000000005157,,,,,,,,Toshiba Black 1080p Upconversion DVD Recorder/VCR Combinaton - DVR610,,80000000005157,,
abt-buy_0419,514,Toshiba,Toshiba D-R560 DVD Player/Recorder,,80000000005147,toshiba,toshiba d-r560 dvd player/recorder,,80000000005147,,,,,,,,Toshiba Black DVD Recorder With Built-In Digital Tuner - DR560,,80000000005147,,
abt-buy_0420,516,Toshiba,Toshiba D-VR660 DVD/VCR Combo,,80000000005167,toshiba,toshiba d-vr660 dvd/vcr combo,,80000000005167,,,,,,,,Toshiba Black DVD Recorder/VCR Combinaton With Built-In Digital Tuner - DVR660,,80000000005167,,
abt-buy_0421,513,Toshiba,Toshiba SD-6100 DVD Player,,80000000005137,toshiba,toshiba sd-6100 dvd player,,80000000005137,,,,,,,,Toshiba Black 1080p Upconversion DVD Player - SD6100,,80000000005137,,
abt-buy_0422,486,Canon,Canon PIXMA MX850 Multifunction Photo Printer - 2436B002,,80000000004867,canon,canon pixma mx850 multifunction photo printer - 2436b002,,80000000004867,,,,,,,,Canon PIXMA MX850 Multifunction Printer - MX850C,,80000000004867,,
abt-buy_0423,406,Sony,Sony Mylo COM-2 Personal Communicator - Black - COM2BLACK,,80000000004067,sony,sony mylo com-2 personal communicator - black - com2black,,80000000004067,,,,,,,,Sony Mylo Black Personal Communicator - COM2BLACK,,80000000004067,,
abt-buy_0424,503,Sharp,Sharp AQUOS LC-32D64U 32' LCD TV,,80000000005037,sharp,sharp aquos lc-32d64u 32' lcd tv,,80000000005037,,,,,,,,Sharp Aquos 32' Black LCD HDTV - LC32D64U,,80000000005037,,
abt-buy_0425,441,Sony,Sony Handycam HDR-SR11 High Definition Digital Camcorder - HDRSR11,,80000000004417,sony,sony handycam hdr-sr11 high definition digital camcorder - hdrsr11,,80000000004417,,,,,,,,Sony 60GB High Definition Hard Disk Drive Handycam Camcorder - HDRSR11,,80000000004417,,
abt-buy_0426,701,Plantronics,Plantronics .Audio 920 Wireless Earset - 78592-01,,80000000007017,plantronics,plantronics .audio 920 wireless earset - 78592-01,,80000000007017,,,,,,,,Plantronics .Audio 920 Bluetooth Headset - AUDIO920,,80000000007017,,
abt-buy_0427,499,Panasonic,Panasonic Viera TH-50PX80U 50' Plasma TV,,80000000004997,panasonic,panasonic viera th-50px80u 50' plasma tv,,80000000004997,,,,,,,,Panasonic VIERA 50' Plasma Flat Panel HDTV In Black - TH50PX80U,,80000000004997,,
abt-buy_0428,504,Panasonic,Panasonic Viera TH-42PZ85U 42' Plasma TV,,80000000005047,panasonic,panasonic viera th-42pz85u 42' plasma tv,,80000000005047,,,,,,,,Panasonic VIERA 42' Plasma Flat Panel 1080p HDTV In Black - TH42PZ85U,,80000000005047,,
abt-buy_0429,506,Panasonic,Panasonic VIERA TH-50PZ85U 50' Plasma TV,,80000000005067,panasonic,panasonic viera th-50pz85u 50' plasma tv,,80000000005067,,,,,,,,Panasonic VIERA 50' Plasma Flat Panel 1080p HDTV In Black - TH50PZ85U,,80000000005067,,
abt-buy_0430,505,Panasonic,Panasonic Viera TH-46PZ85U 46' Plasma TV,,80000000005057,panasonic,panasonic viera th-46pz85u 46' plasma tv,,80000000005057,,,,,,,,Panasonic VIERA 46' Plasma Flat Panel 1080p HDTV In Black - TH46PZ85U,,80000000005057,,
abt-buy_0431,500,Panasonic,"Panasonic TH-42PZ80U - 42' Widescreen 1080p Plasma HDTV - 1,000,000:1 Dynamic Contrast Ratio",,80000000005007,panasonic,"panasonic th-42pz80u - 42' widescreen 1080p plasma hdtv - 1,000,000:1 dynamic contrast ratio",,80000000005007,,,,,,,,Panasonic VIERA 42' Plasma Flat Panel 1080p HDTV In Black - TH42PZ80U,,80000000005007,,
abt-buy_0432,502,Panasonic,Panasonic Viera TH-50PZ80U 50' Plasma TV,,80000000005027,panasonic,panasonic viera th-50pz80u 50' plasma tv,,80000000005027,,,,,,,,Panasonic VIERA 50' Plasma Flat Panel 1080p HDTV In Black - TH50PZ80U,,80000000005027,,
abt-buy_0433,501,Panasonic,Panasonic Viera TH-46PZ80U 46' Plasma TV,,80000000005017,panasonic,panasonic viera th-46pz80u 46' plasma tv,,80000000005017,,,,,,,,Panasonic VIERA 46' Plasma Flat Panel 1080p HDTV In Black - TH46PZ80U,,80000000005017,,
abt-buy_0434,497,Panasonic,Panasonic Viera TH-42PX80U 42' Plasma TV,,80000000004977,panasonic,panasonic viera th-42px80u 42' plasma tv,,80000000004977,,,,,,,,Panasonic VIERA 42' Plasma Flat Panel HDTV In Black - TH42PX80U,,80000000004977,,
abt-buy_0435,326,Sony,Sony RDRVXD655 DVD/VCR Combo,,80000000003267,sony,sony rdrvxd655 dvd/vcr combo,,80000000003267,,,,,,,,Sony Black DVD Recorder And VHS Combo Player - RDRVXD655,,80000000003267,,
abt-buy_0436,633,Polk Audio,polkaudio PSW Series PSW110 Powered Subwoofer,,80000000006337,polk audio,polkaudio psw series psw110 powered subwoofer,,80000000006337,,,,,,,,Polk Audio Black 10' Powered Subwoofer - PSW110BK,,80000000006337,,
abt-buy_0437,939,Panasonic,Panasonic Lithium Ion Camcorder Battery - VW-VBG130,,80000000009397,panasonic,panasonic lithium ion camcorder battery - vw-vbg130,,80000000009397,,,,,,,,Panasonic Rechargeable Lithium-Ion 1320 mAh Battery Pack - VWVBG130,,80000000009397,,
abt-buy_0438,325,BOSE,Bose Lifestyle 48 Home Theater System - 43479,,80000000003257,bose,bose lifestyle 48 home theater system - 43479,,80000000003257,,,,,,,,Bose Lifestyle 48 Series IV 43479 Home Entertainment System - LS48IVWH,,80000000003257,,
abt-buy_0439,631,Polk Audio,Polk Audio RM705 Black 5.1 Channel Home Theater System - RM 705,,80000000006317,polk audio,polk audio rm705 black 5.1 channel home theater system - rm 705,,80000000006317,,,,,,,,Polk Audio 5.1 Channel Black Home Theater Speaker System - RM705BK,,80000000006317,,
abt-buy_0440,1076,"OMNIMOUNT SYSTEMS, INC",OmniMount Ultra Low Profile ULPT-L Flat Panel Wall Mount - ULPT-L A,,80000000010767,"omnimount systems, inc",omnimount ultra low profile ulpt-l flat panel wall mount - ulpt-l a,,80000000010767,,,,,,,,OmniMount 37' - 63' Ultra Low Profile Series Large Flat Panel TV Black Mount - ULPTLBK,,80000000010767,,
abt-buy_0441,336,Sony,Sony HESV1000 Blu-ray Player/Recorder,,80000000003367,sony,sony hesv1000 blu-ray player/recorder,,80000000003367,,,,,,,,Sony Home Entertainment Server In Black - HESV1000,,80000000003367,,
abt-buy_0442,383,Denon,Denon S32 Network Ready Table-Top Stereo System - Deno_S-3289349,,80000000003837,denon,denon s32 network ready table-top stereo system - deno_s-3289349,,80000000003837,,,,,,,,Denon Networked Audio System With Built-In iPod Dock - S32,,80000000003837,,
abt-buy_0443,608,Denon,Denon DVD-2500BTCI Blu-ray Disc Player,,80000000006087,denon,denon dvd-2500btci blu-ray disc player,,80000000006087,,,,,,,,Denon Blu-ray Disc DVD/CD Digital Player/Transport - DVD2500BTCI,,80000000006087,,
abt-buy_0444,446,Sony,Sony Cyber-shot DSC-W120 Digital Camera - Pink - DSCW120/P,,80000000004467,sony,sony cyber-shot dsc-w120 digital camera - pink - dscw120/p,,80000000004467,,,,,,,,Sony Pink Cyber-Shot 7.2 Megapixel Digital Camera - DSCW120P,,80000000004467,,
abt-buy_0445,901,Sony,Sony Cyber-shot DSC-T300 Digital Camera - Black - DSCT300/B,,80000000009017,sony,sony cyber-shot dsc-t300 digital camera - black - dsct300/b,,80000000009017,,,,,,,,Sony Cyber-Shot Black Digital Camera - DSCT500B,,80000000009017,,
abt-buy_0446,461,Sharp,Sharp AQUOS LC-52SE94U 52' LCD TV,,80000000004617,sharp,sharp aquos lc-52se94u 52' lcd tv,,80000000004617,,,,,,,,Sharp AQUOS 52' Special Edition LCD Black Flat Panel HDTV - LC52SE94U,,80000000004617,,
abt-buy_0447,465,Sony,Sony Handycam DCR-HC52 Digital Camcorder - DCRHC52,,80000000004657,sony,sony handycam dcr-hc52 digital camcorder - dcrhc52,,80000000004657,,,,,,,,Sony Silver MiniDV Handycam Camcorder - DCRHC52,,80000000004657,,
abt-buy_0448,467,Sony,Sony Handycam DCR-SR45 Digital Camcorder - DCRSR45,,80000000004677,sony,sony handycam dcr-sr45 digital camcorder - dcrsr45,,80000000004677,,,,,,,,Sony 30GB Handycam Hard Disk Drive Camcorder - DCRSR45,,80000000004677,,
abt-buy_0449,470,Sony,Sony Handycam DCR-SR85 Digital Camcorder - DCRSR85,,80000000004707,sony,sony handycam dcr-sr85 digital camcorder - dcrsr85,,80000000004707,,,,,,,,Sony 60GB Handycam Hard Disk Drive Camcorder - DCRSR85,,80000000004707,,
abt-buy_0450,440,Sony,Sony Handycam HDR-SR10 High Definition Digital Camcorder - HDRSR10,,80000000004407,sony,sony handycam hdr-sr10 high definition digital camcorder - hdrsr10,,80000000004407,,,,,,,,Sony 40GB High Definition Hard Disk Drive Handycam Camcorder - HDRSR10,,80000000004407,,
abt-buy_0451,443,Sony,Sony Handycam HDR-SR12 High Definition Digital Camcorder - HDRSR12,,80000000004437,sony,sony handycam hdr-sr12 high definition digital camcorder - hdrsr12,,80000000004437,,,,,,,,Sony 120GB High Definition Hard Disk Drive Handycam Camcorder - HDRSR12,,80000000004437,,
abt-buy_0452,444,Sony,Sony Handycam HDR-HC9 High Definition Digital Camcorder - HDRHC9,,80000000004447,sony,sony handycam hdr-hc9 high definition digital camcorder - hdrhc9,,80000000004447,,,,,,,,Sony High Definition HDV Handycam Camcorder - HDRHC9,,80000000004447,,
abt-buy_0453,575,Sony DSLR,Sony alpha DSLR-A200 Digital SLR Camera with Dual Lens Kit - DSLRA200W,,80000000005757,sony dslr,sony alpha dslr-a200 digital slr camera with dual lens kit - dslra200w,,80000000005757,,,,,,,,Sony Digital SLR Camera With Lens Kit - DSLRA200W,,80000000005757,,
abt-buy_0454,597,Panasonic,Panasonic Lumix DMC-TZ5 Digital Camera - Black,,80000000005977,panasonic,panasonic lumix dmc-tz5 digital camera - black,,80000000005977,,,,,,,,Panasonic Black Lumix Wide Angle Lens Digital Camera - DMCTZ5K,,80000000005977,,
abt-buy_0455,576,Sony,Sony LCS-X20 Camcorder Case - LCSX20,,80000000005767,sony,sony lcs-x20 camcorder case - lcsx20,,80000000005767,,,,,,,,Sony Black Handycam Camcorder Soft Carrying Case - LCSX20,,80000000005767,,
abt-buy_0456,624,Sony,Sony alpha DSLR-A300 Digital SLR Camera with 18-70mm Zoom Lens - Black - DSLRA300K,,80000000006247,sony,sony alpha dslr-a300 digital slr camera with 18-70mm zoom lens - black - dslra300k,,80000000006247,,,,,,,,Sony Alpha DSLR Black Camera Body With 18-70mm Zoom Lens - DSLRA300K,,80000000006247,,
abt-buy_0457,886,Sony DSLR,Sony alpha DSLR-A350 Digital SLR Camera - DSLRA350,,80000000008867,sony dslr,sony alpha dslr-a350 digital slr camera - dslra350,,80000000008867,,,,,,,,Sony Alpha Digital SLR Black Camera Body - DSLRA350,,80000000008867,,
abt-buy_0458,670,Sony,Sony alpha DSLR-A350K Digital SLR Camera with 18-70mm Zoom Lens - Black - DSLRA350K,,80000000006707,sony,sony alpha dslr-a350k digital slr camera with 18-70mm zoom lens - black - dslra350k,,80000000006707,,,,,,,,Sony DSLR-A350 Digital Camera And 18-70mm Zoom Lens - DSLRA350K,,80000000006707,,
abt-buy_0459,561,Sharp,Sharp AQUOS LC-37D64U 37' LCD TV,,80000000005617,sharp,sharp aquos lc-37d64u 37' lcd tv,,80000000005617,,,,,,,,Sharp AQUOS 37' Black LCD HDTV - LC37D64U,,80000000005617,,
abt-buy_0460,541,Toshiba,Toshiba 22LV505 - 22' Widescreen LCD HDTV w/ Built-in DVD Player - 1000:1 Contrast Ratio - 5ms Response Time - Black,,80000000005417,toshiba,toshiba 22lv505 - 22' widescreen lcd hdtv w/ built-in dvd player - 1000:1 contrast ratio - 5ms response time - black,,80000000005417,,,,,,,,Toshiba 22' LCD HDTV With Built In DVD Player In Black - 22LV505,,80000000005417,,
abt-buy_0461,517,Toshiba,Toshiba 19LV506 - 19' Widescreen LCD HDTV w/ Built-in DVD Player - 800:1 Contrast Ratio - 5ms Response Time - White,,80000000005177,toshiba,toshiba 19lv506 - 19' widescreen lcd hdtv w/ built-in dvd player - 800:1 contrast ratio - 5ms response time - white,,80000000005177,,,,,,,,Toshiba White 19' LCD HDTV DVD Combo - 19LV506,,80000000005177,,
abt-buy_0462,511,Toshiba,Toshiba 19LV505 - 19' Widescreen LCD HDTV w/ Built-in DVD Player - 800:1 Contrast Ratio - 5ms Response Time,,80000000005117,toshiba,toshiba 19lv505 - 19' widescreen lcd hdtv w/ built-in dvd player - 800:1 contrast ratio - 5ms response time,,80000000005117,,,,,,,,Toshiba 19' Black LCD HDTV With Built In DVD Player - 19LV505,,80000000005117,,
abt-buy_0463,548,Toshiba,Toshiba SD-P101S Portable DVD Player - SDP101S,,80000000005487,toshiba,toshiba sd-p101s portable dvd player - sdp101s,,80000000005487,,,,,,,,Toshiba 10.2' Portable DVD Player In Black - SDP101S,,80000000005487,,
abt-buy_0464,551,Panasonic,Panasonic DVD-LS83 Portable DVD Player,,80000000005517,panasonic,panasonic dvd-ls83 portable dvd player,,80000000005517,,,,,,,,Panasonic Black 8.5' Portable DVD Player - DVDLS83,,80000000005517,,
abt-buy_0465,549,Panasonic,Panasonic DVD-LS86 Portable DVD Player,,80000000005497,panasonic,panasonic dvd-ls86 portable dvd player,,80000000005497,,,,,,,,Panasonic Black 8.5' Portable DVD Player - DVDLS86,,80000000005497,,
abt-buy_0466,558,Panasonic,Panasonic DMR-EA18K DVD Player/Recorder,,80000000005587,panasonic,panasonic dmr-ea18k dvd player/recorder,,80000000005587,,,,,,,,Panasonic Black 1080p Up-Conversion DVD Recorder - DMREA18K,,80000000005587,,
abt-buy_0467,557,Panasonic,Panasonic DMR-EZ28K DVD Player/Recorder,,80000000005577,panasonic,panasonic dmr-ez28k dvd player/recorder,,80000000005577,,,,,,,,Panasonic Black 1080p Up-Conversion DVD Recorder - DMREZ28K,,80000000005577,,
abt-buy_0468,553,Panasonic,Panasonic DMR-EZ48VK DVD/VCR Combo,,80000000005537,panasonic,panasonic dmr-ez48vk dvd/vcr combo,,80000000005537,,,,,,,,Panasonic Black 1080p Up-Conversion DVD Recorder And VHS Combo Player - DMREZ48VK,,80000000005537,,
abt-buy_0469,524,Toshiba,Toshiba 19AV500U 19' LCD TV,,80000000005247,toshiba,toshiba 19av500u 19' lcd tv,,80000000005247,,,,,,,,Toshiba 19' Black LCD HDTV - 19AV500U,,80000000005247,,
abt-buy_0470,992,Toshiba,Toshiba 22AV500U 22' LCD TV,,80000000009927,toshiba,toshiba 22av500u 22' lcd tv,,80000000009927,,,,,,,,Toshiba 22' Black LCD HDTV - 22AV500U,,80000000009927,,
abt-buy_0471,466,Yamaha,Yamaha Outdoor NS-AW390 All-Weather Speaker System - NS-AW390WH,,80000000004667,yamaha,yamaha outdoor ns-aw390 all-weather speaker system - ns-aw390wh,,80000000004667,,,,,,,,Yamaha  All-Weather Pair Speaker System - NSAW390WH,,80000000004667,,
abt-buy_0472,468,Yamaha,Yamaha Outdoor NS-AW390 All-Weather Speaker System - NS-AW390BL,,80000000004687,yamaha,yamaha outdoor ns-aw390 all-weather speaker system - ns-aw390bl,,80000000004687,,,,,,,,Yamaha NS-AW390BL All-Weather Pair Speaker System - NSAW390BK,,80000000004687,,
abt-buy_0473,469,Yamaha,Yamaha NS-AW190 All-Weather Speaker System - NS-AW190BL,,80000000004697,yamaha,yamaha ns-aw190 all-weather speaker system - ns-aw190bl,,80000000004697,,,,,,,,Yamaha NS-AW190BL All-Weather Pair Speaker System - NSAW190BK,,80000000004697,,
abt-buy_0474,791,Samsung,Samsung NV30 Digital Camera - Silver - EC-NV30ZSBA/US,,80000000007917,samsung,samsung nv30 digital camera - silver - ec-nv30zsba/us,,80000000007917,,,,,,,,Samsung Black 8.1 Megapixel Digital Camera - ECNV30ZBBA,,80000000007917,,
abt-buy_0475,596,Panasonic,Panasonic Lumix DMC-TZ5 Digital Camera - Silver,,80000000005967,panasonic,panasonic lumix dmc-tz5 digital camera - silver,,80000000005967,,,,,,,,Panasonic Silver Lumix Wide Angle Lens Digital Camera - DMCTZ5S,,80000000005967,,
abt-buy_0476,986,Panasonic,Panasonic Lumix DMC-FS3 Digital Camera - Silver,,80000000009867,panasonic,panasonic lumix dmc-fs3 digital camera - silver,,80000000009867,,,,,,,,Panasonic Silver 8.1 Megapixel Digital Camera - DMCFS3S,,80000000009867,,
abt-buy_0477,485,Nikon,Nikon D60 Digital SLR Camera with AF-S DX Nikkor 18-55mm f/3.5-5.6G VR Lens - 25438,,80000000004857,nikon,nikon d60 digital slr camera with af-s dx nikkor 18-55mm f/3.5-5.6g vr lens - 25438,,80000000004857,,,,,,,,Nikon D60 Digital Camera With 18-55MM Lens - D60OUTFIT,,80000000004857,,
abt-buy_0478,508,Panasonic,Panasonic VIERA TC-26LX85 26' LCD TV,,80000000005087,panasonic,panasonic viera tc-26lx85 26' lcd tv,,80000000005087,,,,,,,,Panasonic 26' LCD HDTV In Black - TC26LX85,,80000000005087,,
abt-buy_0479,758,Panasonic,Panasonic VIERA TC-32LZ800 32' LCD TV,,80000000007587,panasonic,panasonic viera tc-32lz800 32' lcd tv,,80000000007587,,,,,,,,Panasonic VIERA 32' Class Widescreen LCD HDTV In Black - TC32LZ800,,80000000007587,,
abt-buy_0480,509,Panasonic,Panasonic VIERA TC-37LZ85 37' LCD TV,,80000000005097,panasonic,panasonic viera tc-37lz85 37' lcd tv,,80000000005097,,,,,,,,Panasonic VIERA 37' 1080p LCD HDTV In Black - TC37LZ85,,80000000005097,,
abt-buy_0481,390,Altec Lansing,Altec Lansing Orbit-MP3 Portable Audio System - IM207,,80000000003907,altec lansing,altec lansing orbit-mp3 portable audio system - im207,,80000000003907,,,,,,,,Altec Lansing Orbit-MP3 Portable Audio System - IM207,,80000000003907,,
abt-buy_0482,769,Peerless,Peerless PP730 Universal Pivot Wall Arm,,80000000007697,peerless,peerless pp730 universal pivot wall arm,,80000000007697,,,,,,,,Peerless 10' - 22' Flat Panel TV Black Pivot Wall Arm - PP730,,80000000007697,,
abt-buy_0483,613,Sony,Sony Camcorder Case - LCSX30,,80000000006137,sony,sony camcorder case - lcsx30,,80000000006137,,,,,,,,Sony Black Soft Carrying Case - LCSX30,,80000000006137,,
abt-buy_0484,363,Kenwood,KENWOOD KCA-SR50 SIRIUS Radio Translator for In-Dash Head Units,,80000000003637,kenwood,kenwood kca-sr50 sirius radio translator for in-dash head units,,80000000003637,,,,,,,,Kenwood Sirius Radio Translator For In-Dash Head Units - KCASR50,,80000000003637,,
abt-buy_0485,663,Sony,Sony 16GB Memory Stick PRO Duo Card (Mark 2) - MSMT16G,,80000000006637,sony,sony 16gb memory stick pro duo card (mark 2) - msmt16g,,80000000006637,,,,,,,,Sony 16GB Memory Stick PRO Duo Mark 2 Media Card - MSMT16G,,80000000006637,,
abt-buy_0486,770,Garmin,Garmin nvi 205 Automobile Navigator - 010-00717-40,,80000000007707,garmin,garmin nvi 205 automobile navigator - 010-00717-40,,80000000007707,,,,,,,,Garmin Nuvi 205 GPS Navigation System - 0100071740,,80000000007707,,
abt-buy_0487,1073,LASONIC,Lasonic LTA-260 ATSC Converter Box,,80000000010737,lasonic,lasonic lta-260 atsc converter box,,80000000010737,,,,,,,,Lasonic ATSC Digital To Analog TV Converter Box - LTA260,,80000000010737,,
abt-buy_0488,740,Garmin,Garmin nvi 255W Automobile Navigator - 010-00718-20,,80000000007407,garmin,garmin nvi 255w automobile navigator - 010-00718-20,,80000000007407,,,,,,,,Garmin Nuvi 255W GPS Navigation System - 0100071820,,80000000007407,,
abt-buy_0489,771,Garmin,Garmin nvi 205W Automobile Navigator - 010-00718-40,,80000000007717,garmin,garmin nvi 205w automobile navigator - 010-00718-40,,80000000007717,,,,,,,,Garmin Nuvi 205W GPS Navigation System - 0100071840,,80000000007717,,
abt-buy_0490,534,Panasonic,Panasonic KX-TG4321B 5.8 GHz Expandable Digital Cordless Phone,,80000000005347,panasonic,panasonic kx-tg4321b 5.8 ghz expandable digital cordless phone,,80000000005347,,,,,,,,Panasonic 5.8 GHz Black Expandable Digital Cordless Phone - KXTG4321B,,80000000005347,,
abt-buy_0491,789,Samsung,Samsung L200 Digital Camera - Black - EC-L200ZBBA/US,,80000000007897,samsung,samsung l200 digital camera - black - ec-l200zbba/us,,80000000007897,,,,,,,,Samsung L200 Black 10.2 Megapixel Digital Camera - ECL200ZBBA,,80000000007897,,
abt-buy_0492,405,Sony,"Sony Mylo COM-2 PDA (1GB, Memory Stick Duo) Personal Communicator - COM2WHITE",,80000000004057,sony,"sony mylo com-2 pda (1gb, memory stick duo) personal communicator - com2white",,80000000004057,,,,,,,,Sony Mylo White Personal Communicator - COM2WHITE,,80000000004057,,
abt-buy_0493,496,Sony,Sony Cyber-shot DSC-H10 Digital Camera - Black - DSCH10/B,,80000000004967,sony,sony cyber-shot dsc-h10 digital camera - black - dsch10/b,,80000000004967,,,,,,,,Sony Cyber-Shot Black Digital Camera - DSCH10B,,80000000004967,,
abt-buy_0494,445,Sony,Sony Cyber-shot DSC-W120 Digital Camera - Silver - DSCW120,,80000000004457,sony,sony cyber-shot dsc-w120 digital camera - silver - dscw120,,80000000004457,,,,,,,,Sony Silver Cyber-Shot 7.2 Megapixel Digital Camera - DSCW120,,80000000004457,,
abt-buy_0495,477,Sony,Sony DSC-750 Cyber-shot Digital Camera - DSC750,,80000000004777,sony,sony dsc-750 cyber-shot digital camera - dsc750,,80000000004777,,,,,,,,Sony Silver Cyber-Shot Digital Camera - DSCS750,,80000000004777,,
abt-buy_0496,658,Panasonic,Panasonic KX-TG9361B Expandable Digital Cordless Phone,,80000000006587,panasonic,panasonic kx-tg9361b expandable digital cordless phone,,80000000006587,,,,,,,,Panasonic DECT 6.0 Black Expandable Digital Cordless Phone - KXTG9361B,,80000000006587,,
abt-buy_0497,665,Panasonic,Panasonic KX-TG9372B Expandable Digital Cordless Phone,,80000000006657,panasonic,panasonic kx-tg9372b expandable digital cordless phone,,80000000006657,,,,,,,,Panasonic DECT 6.0 Black Expandable Digital Cordless Phone System - KXTG9372B,,80000000006657,,
abt-buy_0498,644,Panasonic,Panasonic KX-TG9344T Expandable Digital Cordless Phone,,80000000006447,panasonic,panasonic kx-tg9344t expandable digital cordless phone,,80000000006447,,,,,,,,Panasonic DECT 6.0 Expandable Digital Cordless Phone With All-Digital Answering System - KXTG9344T,,80000000006447,,
abt-buy_0499,645,Panasonic,Panasonic KX-TG9343T Cordless Phone,,80000000006457,panasonic,panasonic kx-tg9343t cordless phone,,80000000006457,,,,,,,,Panasonic DECT 6.0 Expandable Digital Cordless Phone With All-Digital Answering System - KXTG9343T,,80000000006457,,
abt-buy_0500,616,Panasonic,Panasonic KX-TG9342T Cordless Phone,,80000000006167,panasonic,panasonic kx-tg9342t cordless phone,,80000000006167,,,,,,,,Panasonic DECT 6.0 Expandable Digital Cordless Phone With All-Digital Answering System - KXTG9342T,,80000000006167,,
abt-buy_0501,615,Panasonic,Panasonic KX-TG9341T Cordless Phone,,80000000006157,panasonic,panasonic kx-tg9341t cordless phone,,80000000006157,,,,,,,,Panasonic DECT 6.0 Expandable Digital Cordless Phone With All-Digital Answering System - KXTG9341T,,80000000006157,,
abt-buy_0502,750,Panasonic,Panasonic KX-TG9332S DECT 6.0 Expandable Digital Cordless Phone,,80000000007507,panasonic,panasonic kx-tg9332s dect 6.0 expandable digital cordless phone,,80000000007507,,,,,,,,Panasonic DECT 6.0 Silver Expandable Digital Cordless Phone System - KXTG9332S,,80000000007507,,
abt-buy_0503,536,Panasonic,Panasonic KX-TG9333T Cordless Phone - KX-TG9333T,,80000000005367,panasonic,panasonic kx-tg9333t cordless phone - kx-tg9333t,,80000000005367,,,,,,,,Panasonic Black Dect 6.0 Cordless Telephone - KXTG9333T,,80000000005367,,
abt-buy_0504,666,Panasonic,Panasonic KX-TG9332T Cordless Phone,,80000000006667,panasonic,panasonic kx-tg9332t cordless phone,,80000000006667,,,,,,,,Panasonic DECT 6.0 Black Metallic Expandable Digital Cordless Phone System - KXTG9332T,,80000000006667,,
abt-buy_0505,765,Panasonic,Panasonic KX-TG9348T Expandable Digital Cordless Phone,,80000000007657,panasonic,panasonic kx-tg9348t expandable digital cordless phone,,80000000007657,,,,,,,,Panasonic Black Expandable Digital Cordless Dect 6.0 Phone System - KXTG9348T,,80000000007657,,
abt-buy_0506,538,Kenwood,DNX5120 All-in-One Navigation/DVD Entertainment System,,80000000005387,kenwood,dnx5120 all-in-one navigation/dvd entertainment system,,80000000005387,,,,,,,,Kenwood 6.1' All-In-One Double-Din In-Dash Navigation - DNX5120,,80000000005387,,
abt-buy_0507,32,Unknown,"ONKYO 6-DISC CD CHANGER W/VLSC, BLACK NIC - DX-C390",,80000000000327,unknown,"onkyo 6-disc cd changer w/vlsc, black nic - dx-c390",,80000000000327,,,,,,,,Onkyo 6 Disc CD Player Changer - DXC390B,,80000000000327,,
abt-buy_0508,540,Olympus,Olympus EVOLT E-420 Digital SLR Camera With 14 - 42mm f/3.5-f/5.6 Zuiko Digital Zoom Lens - Black - 262081,,80000000005407,olympus,olympus evolt e-420 digital slr camera with 14 - 42mm f/3.5-f/5.6 zuiko digital zoom lens - black - 262081,,80000000005407,,,,,,,,Olympus Evolt-420 10 Megapixel Digital SLR Camera With 14-42mm Lens In Black - EVOLTE420KIT,,80000000005407,,
abt-buy_0509,412,Apple,Apple Time Capsule Network Hard Drive - MB277LL/A,,80000000004127,apple,apple time capsule network hard drive - mb277ll/a,,80000000004127,,,,,,,,Apple 1TB Time Capsule Wireless Hard Drive  - MB277LLA,,80000000004127,,
abt-buy_0510,570,Samsung,Samsung LN46A650 46' LCD TV,,80000000005707,samsung,samsung ln46a650 46' lcd tv,,80000000005707,,,,,,,,Samsung 46' Series 6 LCD Black Flat Panel HDTV - LN46A650,,80000000005707,,
abt-buy_0511,567,Samsung,Samsung LN40A550 40' LCD TV,,80000000005677,samsung,samsung ln40a550 40' lcd tv,,80000000005677,,,,,,,,Samsung 40' Series 5 LCD Black Flat Panel HDTV - LN40A550,,80000000005677,,
abt-buy_0512,749,Panasonic,Panasonic Palmcorder SDR-H60 Digital Camcorder - SDR-H60S,,80000000007497,panasonic,panasonic palmcorder sdr-h60 digital camcorder - sdr-h60s,,80000000007497,,,,,,,,Panasonic 60GB Hard Drive Camcorder - SDRH60,,80000000007497,,
abt-buy_0513,571,Samsung,Samsung LN52A650 52' LCD TV,,80000000005717,samsung,samsung ln52a650 52' lcd tv,,80000000005717,,,,,,,,Samsung 52' Series 6 LCD Black Flat Panel HDTV - LN52A650,,80000000005717,,
abt-buy_0514,714,Samsung,Samsung HT-Z510 Home Theater System,,80000000007147,samsung,samsung ht-z510 home theater system,,80000000007147,,,,,,,,Samsung 5 Disc Home Theater Surround Sound System - HTZ510,,80000000007147,,
abt-buy_0515,585,Samsung,Samsung PN50A450 50' Plasma TV,,80000000005857,samsung,samsung pn50a450 50' plasma tv,,80000000005857,,,,,,,,Samsung 50' Black Flat Panel Series 4 Plasma HDTV - PN50A450,,80000000005857,,
abt-buy_0516,577,Canon,Canon PowerShot SD790 IS Digital Camera - 2554B001,,80000000005777,canon,canon powershot sd790 is digital camera - 2554b001,,80000000005777,,,,,,,,Canon Silver 10 Megapixel PowerShot Digital Camera - SD790IS,,80000000005777,,
abt-buy_0517,578,Canon,Canon PowerShot SD890 IS Digital Camera - 2566B001,,80000000005787,canon,canon powershot sd890 is digital camera - 2566b001,,80000000005787,,,,,,,,Canon Silver 10 Megapixel PowerShot Digital Camera - SD890IS,,80000000005787,,
abt-buy_0518,780,Canon,Canon EF-S 55-250mm f/4-5.6 IS Telephoto Zoom Lens - 2044B002,,80000000007807,canon,canon ef-s 55-250mm f/4-5.6 is telephoto zoom lens - 2044b002,,80000000007807,,,,,,,,Canon EF-S 55-250mm f/4-5.6 IS Telephoto Zoom Lens - 2044B002,,80000000007807,,
abt-buy_0519,591,Samsung,SAMSUNG DVD HM THEATER SYS 5 DISC NIC - HT-Z410/XAA,,80000000005917,samsung,samsung dvd hm theater sys 5 disc nic - ht-z410/xaa,,80000000005917,,,,,,,,Samsung 5 Disc Black Home Theater System - HTZ410T,,80000000005917,,
abt-buy_0520,568,Samsung,"Samsung LN52A550 - 52' Widescreen 1080p LCD HDTV - 30,000:1 Dynamic Contrast Ratio - 5ms Response Time - Piano Black",,80000000005687,samsung,"samsung ln52a550 - 52' widescreen 1080p lcd hdtv - 30,000:1 dynamic contrast ratio - 5ms response time - piano black",,80000000005687,,,,,,,,Samsung 52' Series 5 LCD Black Flat Panel HDTV - LN52A550,,80000000005687,,
abt-buy_0521,573,Samsung,Samsung LN46A550 46' LCD TV,,80000000005737,samsung,samsung ln46a550 46' lcd tv,,80000000005737,,,,,,,,Samsung 46' Series 5 LCD Black Flat Panel HDTV - LN46A550,,80000000005737,,
abt-buy_0522,728,"OMNIMOUNT SYSTEMS, INC",OmniMount Stellar G303 Series 3 Shelf Component Stand - Black - G303 DARK,,80000000007287,"omnimount systems, inc",omnimount stellar g303 series 3 shelf component stand - black - g303 dark,,80000000007287,,,,,,,,Omnimount Stellar Series Audio Tower - G303DARK,,80000000007287,,
abt-buy_0523,584,Samsung,Samsung PN58A550 58' Plasma TV,,80000000005847,samsung,samsung pn58a550 58' plasma tv,,80000000005847,,,,,,,,Samsung 58' Black Flat Panel Series 5 Plasma HDTV - PN58A550,,80000000005847,,
abt-buy_0524,1061,Canon,Canon EOS Rebel XSi Digital SLR Camera with EF-S 18-55mm f/3.5-5.6 IS Lens - Silver - 2757B003,,80000000010617,canon,canon eos rebel xsi digital slr camera with ef-s 18-55mm f/3.5-5.6 is lens - silver - 2757b003,,80000000010617,,,,,,,,Canon EOS Rebel XSi Silver Digital SLR Camera - XSIREB1855S,,80000000010617,,
abt-buy_0525,492,Canon,Canon EOS Rebel XSi Digital SLR Camera with EF-S 18-55mm f/3.5-5.6 IS Lens - Black - 2756B003,,80000000004927,canon,canon eos rebel xsi digital slr camera with ef-s 18-55mm f/3.5-5.6 is lens - black - 2756b003,,80000000004927,,,,,,,,Canon Black EOS Rebel XSi Digital SLR Camera - XSIREB1855,,80000000004927,,
abt-buy_0526,636,Samsung,Samsung 4 Series LN37A450 37' LCD TV,,80000000006367,samsung,samsung 4 series ln37a450 37' lcd tv,,80000000006367,,,,,,,,Samsung 37' Series 4 LCD Black Flat Panel HDTV - LN37A450,,80000000006367,,
abt-buy_0527,512,Toshiba,Toshiba SD-P71S Portable DVD Player,,80000000005127,toshiba,toshiba sd-p71s portable dvd player,,80000000005127,,,,,,,,Toshiba Black Portable DVD Player - SDP71S,,80000000005127,,
abt-buy_0528,510,Toshiba,Toshiba SD-P91S Portable DVD Player,,80000000005107,toshiba,toshiba sd-p91s portable dvd player,,80000000005107,,,,,,,,Toshiba Black 9-Inch LCD Widescreen Portable DVD Player - SDP91S,,80000000005107,,
abt-buy_0529,569,Samsung,Samsung LN40A650 40' LCD TV,,80000000005697,samsung,samsung ln40a650 40' lcd tv,,80000000005697,,,,,,,,Samsung 40' Series 6 LCD Black Flat Panel HDTV - LN40A650,,80000000005697,,
abt-buy_0530,621,Samsung,Samsung 5 Series LN37A550 37' LCD TV,,80000000006217,samsung,samsung 5 series ln37a550 37' lcd tv,,80000000006217,,,,,,,,Samsung 37' Series 5 LCD Black Flat Panel HDTV - LN37A550,,80000000006217,,
abt-buy_0531,583,Samsung,Samsung PN50A550 50' Plasma TV,,80000000005837,samsung,samsung pn50a550 50' plasma tv,,80000000005837,,,,,,,,Samsung 50' Black Flat Panel Series 5 Plasma HDTV - PN50A550,,80000000005837,,
abt-buy_0532,662,Sony,Sony 8GB Memory Stick PRO Duo Card - MSMT8G,,80000000006627,sony,sony 8gb memory stick pro duo card - msmt8g,,80000000006627,,,,,,,,Sony 8GB Memory Stick PRO Duo Mark 2 Media Card - MSMT8G,,80000000006627,,
abt-buy_0533,659,Sony,Sony 1GB Memory Stick PRO Duo Card - MSMT1G,,80000000006597,sony,sony 1gb memory stick pro duo card - msmt1g,,80000000006597,,,,,,,,Sony 1GB Memory Stick PRO Duo Mark 2 Media Card - MSMT1G,,80000000006597,,
abt-buy_0534,661,Sony,Sony 4GB Memory Stick PRO Duo Card - MSMT4G,,80000000006617,sony,sony 4gb memory stick pro duo card - msmt4g,,80000000006617,,,,,,,,Sony 4GB Memory Stick PRO Duo Mark 2 Media Card - MSMT4G,,80000000006617,,
abt-buy_0535,660,Sony,Sony 2GB Memory Stick PRO Duo Card - MSMT2G,,80000000006607,sony,sony 2gb memory stick pro duo card - msmt2g,,80000000006607,,,,,,,,Sony 2GB Memory Stick PRO Duo Mark 2 Media Card - MSMT2G,,80000000006607,,
abt-buy_0536,472,Yamaha,Yamaha RX-V663 Home Theater Receiver - RXV663BL,,80000000004727,yamaha,yamaha rx-v663 home theater receiver - rxv663bl,,80000000004727,,,,,,,,Yamaha 7.2 Channel Black Digital Home Theater Receiver - RXV663BK,,80000000004727,,
abt-buy_0537,471,Sony,"Handycam HDR-UX10 DVD Camcorder (15x Opt, 180x Dig, 2.7' LCD) - HDRUX10",,80000000004717,sony,"handycam hdr-ux10 dvd camcorder (15x opt, 180x dig, 2.7' lcd) - hdrux10",,80000000004717,,,,,,,,Sony High Definition DVD Handycam Camcorder - HDRUX10,,80000000004717,,
abt-buy_0538,582,Samsung,Samsung 4 Series LN32A450 32' LCD TV,,80000000005827,samsung,samsung 4 series ln32a450 32' lcd tv,,80000000005827,,,,,,,,Samsung 32' Black Flat Panel Series 4 LCD HDTV - LN32A450,,80000000005827,,
abt-buy_0539,973,Logitech,Logitech V450 Nano Cordless Laser Mouse For Notebooks - 910-000619,,80000000009737,logitech,logitech v450 nano cordless laser mouse for notebooks - 910-000619,,80000000009737,,,,,,,,Logitech Black V450 Nano Cordless Laser Mouse For Notebooks - 910000619,,80000000009737,,
abt-buy_0540,744,Tom Tom,TOMTOM ONE 130 Carry Bag - 9UEA.017.00,,80000000007447,tom tom,tomtom one 130 carry bag - 9uea.017.00,,80000000007447,,,,,,,,TomTom Black Carry Case - 9UEA01700,,80000000007447,,
abt-buy_0541,581,Samsung,Samsung 4 Series LN26A450 26' LCD TV,,80000000005817,samsung,samsung 4 series ln26a450 26' lcd tv,,80000000005817,,,,,,,,Samsung 26' Black Flat Panel Series 4 LCD HDTV - LN26A450,,80000000005817,,
abt-buy_0542,937,Coby,Coby Electronics TF-TV1022 10.2' LCD TV - TFTV1022,,80000000009377,coby,coby electronics tf-tv1022 10.2' lcd tv - tftv1022,,80000000009377,,,,,,,,Coby 10.2' Black LCD Flat Panel HDTV - TFTV1022,,80000000009377,,
abt-buy_0543,971,Logitech,Logitech V470 Cordless Laser Mouse for Notebooks - 910-000692,,80000000009717,logitech,logitech v470 cordless laser mouse for notebooks - 910-000692,,80000000009717,,,,,,,,Logitech White V470 Cordless Laser Mouse For Apple Notebooks - 910000692,,80000000009717,,
abt-buy_0544,655,Panasonic,"Panasonic Viera TH-50PZ800U - 50' Widescreen 1080p Plasma HDTV - 1,000,000:1 Dynamic Contrast Ratio",,80000000006557,panasonic,"panasonic viera th-50pz800u - 50' widescreen 1080p plasma hdtv - 1,000,000:1 dynamic contrast ratio",,80000000006557,,,,,,,,Panasonic VIERA 50' Plasma Flat Panel Black HDTV - TH50PZ800U,,80000000006557,,
abt-buy_0545,473,Yamaha,Yamaha RX-V863 Home Theater Receiver - RXV863BL,,80000000004737,yamaha,yamaha rx-v863 home theater receiver - rxv863bl,,80000000004737,,,,,,,,Yamaha 7.2 Channel Black Digital Home Theater Receiver - RXV863BK,,80000000004737,,
abt-buy_0546,679,Tom Tom,TomTom ONE 130 S Portable GPS System w/ Preloaded Maps - 1EE0.052.02,,80000000006797,tom tom,tomtom one 130 s portable gps system w/ preloaded maps - 1ee0.052.02,,80000000006797,,,,,,,,TomTom ONE 130S Car GPS Navigation System - 1EE005202,,80000000006797,,
abt-buy_0547,609,Samsung,Samsung 4 Series LN22A451 22' LCD TV,,80000000006097,samsung,samsung 4 series ln22a451 22' lcd tv,,80000000006097,,,,,,,,Samsung 22' White Flat Panel LCD HDTV - LN22A451,,80000000006097,,
abt-buy_0548,726,Sharp,Sharp LC26DV24U 26' TV/DVD Combo,,80000000007267,sharp,sharp lc26dv24u 26' tv/dvd combo,,80000000007267,,,,,,,,Sharp 26' Black LCD HDTV With Built In DVD Player - LC26DV24U,,80000000007267,,
abt-buy_0549,966,Sanus,Sanus VisionMount LT25-B1 Tilting Wall Mount,,80000000009667,sanus,sanus visionmount lt25-b1 tilting wall mount,,80000000009667,,,,,,,,Sanus 30' - 58' VisionMount Flat Panel TV Black Tilting Wall Mount - LT25B1,,80000000009667,,
abt-buy_0550,887,Sanus,Wal-mt Furn Comp Shlf - VF2012-B1,,80000000008877,sanus,wal-mt furn comp shlf - vf2012-b1,,80000000008877,,,,,,,,Sanus Black Single-Column AV Component System - VF2012,,80000000008877,,
abt-buy_0551,592,Samsung,Samsung 6 Series HL56A650 56' Projection TV,,80000000005927,samsung,samsung 6 series hl56a650 56' projection tv,,80000000005927,,,,,,,,Samsung 56' Black Widescreen Series 6 DLP HDTV - HL56A650,,80000000005927,,
abt-buy_0552,593,Samsung,Samsung 6 Series HL61A650 61' Projection TV,,80000000005937,samsung,samsung 6 series hl61a650 61' projection tv,,80000000005937,,,,,,,,Samsung 61' Black DLP Projection HDTV - HL61A650,,80000000005937,,
abt-buy_0553,591,Samsung,Samsung HTZ410T Home Theater System - HTZ410T,,80000000005917,samsung,samsung htz410t home theater system - htz410t,,80000000005917,,,,,,,,Samsung 5 Disc Black Home Theater System - HTZ410T,,80000000005917,,
abt-buy_0554,580,Samsung,Samsung LN19A450 19' LCD TV,,80000000005807,samsung,samsung ln19a450 19' lcd tv,,80000000005807,,,,,,,,Samsung 19' Black Flat Panel Series 4 LCD HDTV - LN19A450,,80000000005807,,
abt-buy_0555,804,Samsung,Samsung 6 Series LN19A650 19' LCD TV,,80000000008047,samsung,samsung 6 series ln19a650 19' lcd tv,,80000000008047,,,,,,,,Samsung 19' Black Flat Panel Series 6 LCD HDTV - LN19A650,,80000000008047,,
abt-buy_0556,612,Samsung,Samsung 4 Series LN22A450 22' LCD TV,,80000000006127,samsung,samsung 4 series ln22a450 22' lcd tv,,80000000006127,,,,,,,,Samsung 22' Black Flat Panel LCD HDTV - LN22A450,,80000000006127,,
abt-buy_0557,805,Samsung,Samsung LN22A650 22' LCD TV,,80000000008057,samsung,samsung ln22a650 22' lcd tv,,80000000008057,,,,,,,,Samsung 22' Black Flat Panel Series 6 LCD HDTV - LN22A650,,80000000008057,,
abt-buy_0558,618,Samsung,Samsung LN32A550 32' LCD TV,,80000000006187,samsung,samsung ln32a550 32' lcd tv,,80000000006187,,,,,,,,Samsung 32' Series 5 LCD Black Flat Panel HDTV - LN32A550,,80000000006187,,
abt-buy_0559,610,Samsung,"Samsung PN42A450 - 42' Widescreen 720p Plasma HDTV - 100,000:1 Dynamic Contrast Ratio - Piano Black - PN42A450P",,80000000006107,samsung,"samsung pn42a450 - 42' widescreen 720p plasma hdtv - 100,000:1 dynamic contrast ratio - piano black - pn42a450p",,80000000006107,,,,,,,,Samsung 42' Black Flat Panel Series 4 Plasma HDTV - PN42A450P,,80000000006107,,
abt-buy_0560,716,Samsung,Samsung HT-TZ515 Home Theater System - HTZ515/XAA,,80000000007167,samsung,samsung ht-tz515 home theater system - htz515/xaa,,80000000007167,,,,,,,,Samsung 5 Disc Home Theater Surround Sound System - HTTZ515,,80000000007167,,
abt-buy_0561,338,Techcraft,Techcraft ABS60 TV Stand,,80000000003387,techcraft,techcraft abs60 tv stand,,80000000003387,,,,,,,,Tech Craft Veneto Series Black TV Stand - ABS60BK,,80000000003387,,
abt-buy_0562,822,Sony,Sport Neckband Earbuds - MDR AS50G,,80000000008227,sony,sport neckband earbuds - mdr as50g,,80000000008227,,,,,,,,Sony Active Style Headphones In Black - MDRAS50G,,80000000008227,,
abt-buy_0563,815,Sony,Bass Lover Earbuds Slver - MDRED12LP/SLV,,80000000008157,sony,bass lover earbuds slver - mdred12lp/slv,,80000000008157,,,,,,,,Sony Bud Style Headphones In Silver - MDRED12LPSLV,,80000000008157,,
abt-buy_0564,817,Sony,Ex Series Earbuds Black - MDR EX32LP/BLK,,80000000008177,sony,ex series earbuds black - mdr ex32lp/blk,,80000000008177,,,,,,,,Sony EX Ear Bud Headphones In Black - MDREX32LPBLK,,80000000008177,,
abt-buy_0565,816,Sony,Bass Lover Earbuds Red - MDRED12LP/RED,,80000000008167,sony,bass lover earbuds red - mdred12lp/red,,80000000008167,,,,,,,,Sony Bud Style Headphones In Red - MDRED12LPRED,,80000000008167,,
abt-buy_0566,638,Sony,Ex Series Earbuds Wht - MDR EX55/WHI,,80000000006387,sony,ex series earbuds wht - mdr ex55/whi,,80000000006387,,,,,,,,Sony White Earbud Style Headphones - MDREX55WH,,80000000006387,,
abt-buy_0567,642,Sony,Ex Series Earbuds Pnk - MDR EX55/PNK,,80000000006427,sony,ex series earbuds pnk - mdr ex55/pnk,,80000000006427,,,,,,,,Sony Pink Earbud Style Headphones - MDREX55P,,80000000006427,,
abt-buy_0568,818,Sony,Ex Series Earbuds Wht - MDR EX32LP/WHI,,80000000008187,sony,ex series earbuds wht - mdr ex32lp/whi,,80000000008187,,,,,,,,Sony EX Ear Bud Headphones In White - MDREX32LPWHI,,80000000008187,,
abt-buy_0569,641,Sony,Ex Series Earbuds Black - MDR EX55/BLK,,80000000006417,sony,ex series earbuds black - mdr ex55/blk,,80000000006417,,,,,,,,Sony Black Earbud Style Headphones - MDREX55BK,,80000000006417,,
abt-buy_0570,529,Sony,Sony DVP-FX820 Portable DVD Player - DVPFX820,,80000000005297,sony,sony dvp-fx820 portable dvd player - dvpfx820,,80000000005297,,,,,,,,Sony DVP-FX820 Black 8' Portable DVD Player - DVPFX820,,80000000005297,,
abt-buy_0571,574,Sony,Sony PSLX300USB USB Record Turntable,,80000000005747,sony,sony pslx300usb usb record turntable,,80000000005747,,,,,,,,Sony Black USB Stereo Turntable System - PSLX300USB,,80000000005747,,
abt-buy_0572,464,Yamaha,Yamaha RX-V363 Home Theater Receiver - RXV363BL,,80000000004647,yamaha,yamaha rx-v363 home theater receiver - rxv363bl,,80000000004647,,,,,,,,Yamaha RX-V363BL 5.1 Channel Digital Home Theater Receiver In Black - RXV363BK,,80000000004647,,
abt-buy_0573,319,Apple,Apple Wireless Mighty Mouse - MB111LL/A,,80000000003197,apple,apple wireless mighty mouse - mb111ll/a,,80000000003197,,,,,,,,Apple Wireless Mighty Mouse - MB111LLA,,80000000003197,,
abt-buy_0574,158,Denon,DENON PRO 5 CD CAROUSEL CHANGER NIC - DCM290P,,80000000001587,denon,denon pro 5 cd carousel changer nic - dcm290p,,80000000001587,,,,,,,,Denon 5-Disc CD Auto Changer - Black Finish - DCM290,,80000000001587,,
abt-buy_0575,650,Samsung,Samsung 7 Series LN46A750 46' LCD TV - LN46A750R1FXZA,,80000000006507,samsung,samsung 7 series ln46a750 46' lcd tv - ln46a750r1fxza,,80000000006507,,,,,,,,Samsung 46' Series 7 LCD Black Flat Panel HDTV - LN46A750,,80000000006507,,
abt-buy_0576,1055,Griffin,Griffin TuneBuds Stereo Earset - 9410-TUNBMBLB,,80000000010557,griffin,griffin tunebuds stereo earset - 9410-tunbmblb,,80000000010557,,,,,,,,Griffin Black TuneBuds Mobile For iPod And iPhone - 9410TUNBMBLB,,80000000010557,,
abt-buy_0577,545,Panasonic,Panasonic SC-PT660 Home Theater System,,80000000005457,panasonic,panasonic sc-pt660 home theater system,,80000000005457,,,,,,,,Panasonic Black DVD Home Theater Sound System - SCPT660,,80000000005457,,
abt-buy_0578,546,Panasonic,Panasonic SC-PT760 Home Theater System,,80000000005467,panasonic,panasonic sc-pt760 home theater system,,80000000005467,,,,,,,,Panasonic Black DVD Home Theater Sound System - SCPT760,,80000000005467,,
abt-buy_0579,823,Griffin,Griffin SmartTalk Headphone Adapter with Control and Mic for iPhone - 3016-SMRTLKB,,80000000008237,griffin,griffin smarttalk headphone adapter with control and mic for iphone - 3016-smrtlkb,,80000000008237,,,,,,,,Griffin iPhone SmartTalk - 3016SMRTLKB,,80000000008237,,
abt-buy_0580,619,Samsung,Samsung 6 Series LN32A650 32' LCD TV,,80000000006197,samsung,samsung 6 series ln32a650 32' lcd tv,,80000000006197,,,,,,,,Samsung 32' Series 6 LCD Black Flat Panel HDTV - LN32A650,,80000000006197,,
abt-buy_0581,680,Tom Tom,TomTom XL 330 Portable GPS System w/ Preloaded Maps - 1EG0.052.00,,80000000006807,tom tom,tomtom xl 330 portable gps system w/ preloaded maps - 1eg0.052.00,,80000000006807,,,,,,,,TomTom ONE XL 330 Car GPS Navigation System - 1EG005200,,80000000006807,,
abt-buy_0582,611,Sony,Sony STR-DG520 A/V Receiver - STRDG520,,80000000006117,sony,sony str-dg520 a/v receiver - strdg520,,80000000006117,,,,,,,,Sony 5.1 Channel Black A/V Receiver - STRDG520,,80000000006117,,
abt-buy_0583,646,Sony,Sony STR-DG720 A/V Receiver - STRDG720,,80000000006467,sony,sony str-dg720 a/v receiver - strdg720,,80000000006467,,,,,,,,Sony 7.1 Channel Black A/V Receiver - STRDG720,,80000000006467,,
abt-buy_0584,564,Sony,Sony DVP-NS700H/B DVD Player,,80000000005647,sony,sony dvp-ns700h/b dvd player,,80000000005647,,,,,,,,Sony Black 1080p Upscaling DVD Player - DVPNS700HB,,80000000005647,,
abt-buy_0585,1012,Panasonic,Panasonic KX-TG6313S Cordless Phone,,80000000010127,panasonic,panasonic kx-tg6313s cordless phone,,80000000010127,,,,,,,,Panasonic DECT 6.0 Pearl Silver Expandable Digital Cordless Phone System - KXTG6313S,,80000000010127,,
abt-buy_0586,783,Sharp,Sharp Air Purifier 194 CFM Max - KC-C100U,,80000000007837,sharp,sharp air purifier 194 cfm max - kc-c100u,,80000000007837,,,,,,,,Sharp Plasmacluster Air Purifier - KCC100U,,80000000007837,,
abt-buy_0587,748,Nikon,Nikon Coolpix P80 Digital Camera - 26114,,80000000007487,nikon,nikon coolpix p80 digital camera - 26114,,80000000007487,,,,,,,,Nikon COOLPIX P80 Digital Camera In Black - COOLPIXP80,,80000000007487,,
abt-buy_0588,651,Samsung,"Samsung LN40A750 - 40' 1080p LCD HDTV - 50,000:1 Dynamic Contrast Ratio - 4ms Response Time - 120Hz",,80000000006517,samsung,"samsung ln40a750 - 40' 1080p lcd hdtv - 50,000:1 dynamic contrast ratio - 4ms response time - 120hz",,80000000006517,,,,,,,,Samsung 40' Series 7 LCD Black Flat Panel HDTV - LN40A750,,80000000006517,,
abt-buy_0589,614,"OMNIMOUNT SYSTEMS, INC",OmniMount Moda Collection Echo 50 TV Stand - ECHO 50,,80000000006147,"omnimount systems, inc",omnimount moda collection echo 50 tv stand - echo 50,,80000000006147,,,,,,,,Omnimount Moda Collection Series Dark Espresso TV Stand - ECHO50,,80000000006147,,
abt-buy_0590,579,Onkyo,Onkyo TXSR506 A/V Receiver,,80000000005797,onkyo,onkyo txsr506 a/v receiver,,80000000005797,,,,,,,,Onkyo 7.1-Channel Black Home Theater Receiver - TXSR506B,,80000000005797,,
abt-buy_0591,667,Samsung,"Samsung LN52A750 - 52' 1080P LCD HDTV - 50,000:1 Dynamic Contrast Ratio - 120Hz - 6ms Response Time",,80000000006677,samsung,"samsung ln52a750 - 52' 1080p lcd hdtv - 50,000:1 dynamic contrast ratio - 120hz - 6ms response time",,80000000006677,,,,,,,,Samsung 52' Series 7 Black Flat Panel LCD HDTV - LN52A750,,80000000006677,,
abt-buy_0592,686,Sony,Sony Cyber-shot DSC-H50 Digital Camera - Black - DSCH50B,,80000000006867,sony,sony cyber-shot dsc-h50 digital camera - black - dsch50b,,80000000006867,,,,,,,,Sony Black 9 Megapixel Cyber-Shot Digital Camera - DSCH50B,,80000000006867,,
abt-buy_0593,706,Samsung,Samsung SC-D382 Digital Camcorder,,80000000007067,samsung,samsung sc-d382 digital camcorder,,80000000007067,,,,,,,,Samsung MiniDV Digital Camcorder - SCDC382,,80000000007067,,
abt-buy_0594,637,Samsung,Samsung HTX810T Home Theater System - HTX810T,,80000000006377,samsung,samsung htx810t home theater system - htx810t,,80000000006377,,,,,,,,Samsung Sound Bar Home Theater System - HTX810,,80000000006377,,
abt-buy_0595,1049,Kensington,Kensington Mini Battery Pack and Charger for iPhone and iPod - K33442US,,80000000010497,kensington,kensington mini battery pack and charger for iphone and ipod - k33442us,,80000000010497,,,,,,,,Kensington Mini Battery Pack And Charger For iPhone And iPod - K33442US,,80000000010497,,
abt-buy_0596,725,Samsung,Samsung DVD-V9800 DVD/VCR Combo Player w/ 1080p Up-Conversion,,80000000007257,samsung,samsung dvd-v9800 dvd/vcr combo player w/ 1080p up-conversion,,80000000007257,,,,,,,,Samsung Black Combo DVD/VHS Player - DVDV9800,,80000000007257,,
abt-buy_0597,528,Boston Acoustics,Boston Acoustics Horizon Solo AM/FM Radio - HSOLOMNDT,,80000000005287,boston acoustics,boston acoustics horizon solo am/fm radio - hsolomndt,,80000000005287,,,,,,,,Boston Acoustics Solo AM/FM Large Display Clock Radio - HSOLOMDNT,,80000000005287,,
abt-buy_0598,314,Alpine,ALPINE CDA-9887 Car Audio Player - CDA9887,,80000000003147,alpine,alpine cda-9887 car audio player - cda9887,,80000000003147,,,,,,,,Alpine CD/MP3/WMA/AAC Receiver - CDA9887,,80000000003147,,
abt-buy_0599,437,Pioneer,Pioneer DEHP400UB Car Audio Player,,80000000004377,pioneer,pioneer dehp400ub car audio player,,80000000004377,,,,,,,,Pioneer Premier In-Dash CD/WMA/MP3/AAC Receiver - DEHP400UB,,80000000004377,,
abt-buy_0600,415,Pioneer,Pioneer DEH-P3000IB Car Audio Player,,80000000004157,pioneer,pioneer deh-p3000ib car audio player,,80000000004157,,,,,,,,Pioneer Single Din CD Receiver - DEHP3000IB,,80000000004157,,
abt-buy_0601,474,Yamaha,Yamaha YHT-390BL Home Theater System - YHT-390bl,,80000000004747,yamaha,yamaha yht-390bl home theater system - yht-390bl,,80000000004747,,,,,,,,Yamaha 5.1 Channel Home Theater In A Box System In Black  - YHT390BK,,80000000004747,,
abt-buy_0602,696,Samsung,"Samsung HL-67A750 - 67' Widescreen 1080p DLP HDTV - 10,000:1 Contrast Ratio - HL67A750",,80000000006967,samsung,"samsung hl-67a750 - 67' widescreen 1080p dlp hdtv - 10,000:1 contrast ratio - hl67a750",,80000000006967,,,,,,,,Samsung 67' Black Widescreen Series 7 LED DLP HDTV - HL67A750,,80000000006967,,
abt-buy_0603,954,Nintendo Of America,Nintendo DS Lite (Metallic Rose) - USGSZPB,,80000000009547,nintendo of america,nintendo ds lite (metallic rose) - usgszpb,,80000000009547,,,,,,,,Nintendo DS Lite Metallic Rose Portable Gaming System - NDSUSGSZPB,,80000000009547,,
abt-buy_0604,711,Samsung,"Samsung PN50A650 50' 1080p Plasma HDTV - 1,000,000:1 Dynamic Contrast Ratio - Anti Burn-in Technology",,80000000007117,samsung,"samsung pn50a650 50' 1080p plasma hdtv - 1,000,000:1 dynamic contrast ratio - anti burn-in technology",,80000000007117,,,,,,,,Samsung 50' Widescreen Plasma HDTV - PN50A650,,80000000007117,,
abt-buy_0605,746,PIONEER ELECTRONICS USA,Pioneer PDP-5020FD 50' Plasma TV,,80000000007467,pioneer electronics usa,pioneer pdp-5020fd 50' plasma tv,,80000000007467,,,,,,,,Pioneer KURO 50' Black Plasma HDTV - PDP5020FD,,80000000007467,,
abt-buy_0606,782,Pioneer,Pioneer Direct Control Cable - CD-IU230V,,80000000007827,pioneer,pioneer direct control cable - cd-iu230v,,80000000007827,,,,,,,,Pioneer USB iPod Interface Cable - CDIU230V,,80000000007827,,
abt-buy_0607,424,Pioneer,Pioneer Cd-sb10 Sirius Interface Cable - CD-SB10,,80000000004247,pioneer,pioneer cd-sb10 sirius interface cable - cd-sb10,,80000000004247,,,,,,,,Pioneer Sirius Bus Interface - CDSB10,,80000000004247,,
abt-buy_0608,438,Pioneer,Pioneer DEH-2000MP Car Audio Player,,80000000004387,pioneer,pioneer deh-2000mp car audio player,,80000000004387,,,,,,,,Pioneer DEH-2000MP CD/MP3/WMA In-Dash Receiver - DEH2000MP,,80000000004387,,
abt-buy_0609,425,Pioneer,Pioneer GEX-P10HD HD Radio Add-on Tuner for Select In-dash Pioneer Receivers,,80000000004257,pioneer,pioneer gex-p10hd hd radio add-on tuner for select in-dash pioneer receivers,,80000000004257,,,,,,,,Pioneer HD Radio Tuner - GEXP10HD,,80000000004257,,
abt-buy_0610,747,PIONEER ELECTRONICS USA,Pioneer PDP-6020FD 60' Plasma TV,,80000000007477,pioneer electronics usa,pioneer pdp-6020fd 60' plasma tv,,80000000007477,,,,,,,,Pioneer KURO 60' Black Plasma HDTV - PDP6020FD,,80000000007477,,
abt-buy_0611,566,Sony,Sony DVP-NC800H/B DVD Player,,80000000005667,sony,sony dvp-nc800h/b dvd player,,80000000005667,,,,,,,,Sony Black 1080p Upscaling 5-Disc DVD Changer - DVPNC800HB,,80000000005667,,
abt-buy_0612,450,Alpine,ALPINE MRP-F300 Car Amplifier,,80000000004507,alpine,alpine mrp-f300 car amplifier,,80000000004507,,,,,,,,Alpine V-Power Series 4/3/2 Channel Power Amplifier - MRPF300,,80000000004507,,
abt-buy_0613,439,Pioneer,Pioneer DEHP500UB Car Audio Player,,80000000004397,pioneer,pioneer dehp500ub car audio player,,80000000004397,,,,,,,,Pioneer Premier In-Dash CD/WMA/MP3/AAC Receiver - DEHP500UB,,80000000004397,,
abt-buy_0614,334,Panasonic,CORDED TELEPHONE - KEYPAD - SINGLE-LINE OPERATION - 2-WAY - LCD DISPLAY - BLACK - KX-TS620B,,80000000003347,panasonic,corded telephone - keypad - single-line operation - 2-way - lcd display - black - kx-ts620b,,80000000003347,,,,,,,,Panasonic Integrated Black Telephone System With All-Digital Answering System - KXTS620B,,80000000003347,,
abt-buy_0615,544,Panasonic,Panasonic SC-BT100 Home Theater System - SC-BT100P-K,,80000000005447,panasonic,panasonic sc-bt100 home theater system - sc-bt100p-k,,80000000005447,,,,,,,,Panasonic Black Blu-ray Disc Theater Sound System - SCBT100,,80000000005447,,
abt-buy_0616,547,Panasonic,Panasonic SC-PT960 Home Theater System,,80000000005477,panasonic,panasonic sc-pt960 home theater system,,80000000005477,,,,,,,,Panasonic Black DVD Home Theater Sound System - SCPT960,,80000000005477,,
abt-buy_0617,562,Sony,Sony BRAVIA DAV-HDX275 Home Theater System,,80000000005627,sony,sony bravia dav-hdx275 home theater system,,80000000005627,,,,,,,,Sony BRAVIA Home Theater System - DAVHDX275,,80000000005627,,
abt-buy_0618,626,Sony,Sony BRAVIA DAV-HDX279WC Home Theater System,,80000000006267,sony,sony bravia dav-hdx279wc home theater system,,80000000006267,,,,,,,,Sony Black Bravia Home Theater System - DAVHDX279W,,80000000006267,,
abt-buy_0619,530,Sony,Sony DVP-FX820/L Portable DVD Player - DVPFX820/L,,80000000005307,sony,sony dvp-fx820/l portable dvd player - dvpfx820/l,,80000000005307,,,,,,,,Sony DVP-FX820 Blue 8' Portable DVD Player - DVPFX820LI,,80000000005307,,
abt-buy_0620,532,Sony,Sony DVP-FX820/R Portable DVD Player - DVPFX820/R,,80000000005327,sony,sony dvp-fx820/r portable dvd player - dvpfx820/r,,80000000005327,,,,,,,,Sony DVP-FX820 Red 8' Portable DVD Player - DVPFX820R,,80000000005327,,
abt-buy_0621,563,Sony,Sony DVP-NS700H/S DVD Player - DVPNS700HS,,80000000005637,sony,sony dvp-ns700h/s dvd player - dvpns700hs,,80000000005637,,,,,,,,Sony Silver 1080p Upscaling DVD Player - DVPNS700HS,,80000000005637,,
abt-buy_0622,677,LG Electronics,LG 22 Cu.Ft. Total Capacity,,80000000006777,lg electronics,lg 22 cu.ft. total capacity,,80000000006777,,,,,,,,LG LDC22720ST 22 Cu. Ft. Smooth White Bottom Freezer Refrigerator - LDC22720SS,,80000000006777,,
abt-buy_0623,694,LG Electronics,LG 22.6 Cu.Ft. Total Capacity,,80000000006947,lg electronics,lg 22.6 cu.ft. total capacity,,80000000006947,,,,,,,,LG LFC23760ST 22.6 Cu. Ft. Stainless Steel French Door Bottom Freezer Refrigerator - LFC23760SS,,80000000006947,,
abt-buy_0624,698,LG Electronics,LG 25.0 Cu.Ft. Total Capacity,,80000000006987,lg electronics,lg 25.0 cu.ft. total capacity,,80000000006987,,,,,,,,LG LFC25770SB 25.0 Cu. Ft. Smooth Black French Door Bottom Freezer Refrigerator - LFC25770BK,,80000000006987,,
abt-buy_0625,699,LG Electronics,LG 25.0 Cu.Ft. Total Capacity,,80000000006997,lg electronics,lg 25.0 cu.ft. total capacity,,80000000006997,,,,,,,,LG LFC25770ST 25.0 Cu. Ft. Stainless Steel French Door Bottom Freezer Refrigerator - LFC25770SS,,80000000006997,,
abt-buy_0626,697,LG Electronics,LG 25.0 Cu.Ft. Total Capacity,,80000000006977,lg electronics,lg 25.0 cu.ft. total capacity,,80000000006977,,,,,,,,LG LFC25770SW 25.0 Cu. Ft. Smooth White French Door Bottom Freezer Refrigerator - LFC25770WH,,80000000006977,,
abt-buy_0627,700,LG Electronics,LG 25.0 Cu.Ft. Total Capacity,,80000000007007,lg electronics,lg 25.0 cu.ft. total capacity,,80000000007007,,,,,,,,LG 25.0 Cu. Ft. Titanium French Door Bottom Freezer Refrigerator - LFC25770TT,,80000000007007,,
abt-buy_0628,704,LG Electronics,LG 25 Cu. Ft. Ice & Water Dispensing,,80000000007047,lg electronics,lg 25 cu. ft. ice & water dispensing,,80000000007047,,,,,,,,LG LFX25971SB 24.7 Cu. Ft. Smooth Black French Door Bottom Freezer Refrigerator - LFX25971BK,,80000000007047,,
abt-buy_0629,705,LG Electronics,LG 24.7 cu. ft. Stainless Steel French Door Bottom Mount Refrigerator,,80000000007057,lg electronics,lg 24.7 cu. ft. stainless steel french door bottom mount refrigerator,,80000000007057,,,,,,,,LG LFX25971ST 24.7 Cu. Ft. Stainless Steel French Door Bottom Freezer Refrigerator - LFX25971SS,,80000000007057,,
abt-buy_0630,703,LG Electronics,LG 25 CF Refrigerator 3 Door White Tall,,80000000007037,lg electronics,lg 25 cf refrigerator 3 door white tall,,80000000007037,,,,,,,,LG LFX25971SW 24.7 Cu. Ft. Smooth White French Door Bottom Freezer Refrigerator - LFX25971WH,,80000000007037,,
abt-buy_0631,743,LG Electronics,LG 25 Cu.Ft. Total Capacity 4 Door Refrigerator,,80000000007437,lg electronics,lg 25 cu.ft. total capacity 4 door refrigerator,,80000000007437,,,,,,,,LG LMX25981ST 24.7 Cu. Ft. Capacity Stainless Steel French Door Refrigerator - LMX25981SS,,80000000007437,,
abt-buy_0632,736,LG Electronics,LG LDF6920BB Fully Integrated Dishwasher,,80000000007367,lg electronics,lg ldf6920bb fully integrated dishwasher,,80000000007367,,,,,,,,LG 24' LDF6920BB Fully Integrated Built In Black Dishwasher - LDF6920BK,,80000000007367,,
abt-buy_0633,735,LG Electronics,"LG LDF6920ST Fully Integrated Dishwasher with 5 Wash Cycles, 3 Spray Arms, SenseClean System, Delay Start, Food Disposer and Self-Clean Filter: Stainless Steel",,80000000007357,lg electronics,"lg ldf6920st fully integrated dishwasher with 5 wash cycles, 3 spray arms, senseclean system, delay start, food disposer and self-clean filter: stainless steel",,80000000007357,,,,,,,,LG 24' LDF6920ST Fully Integrated Built In Stainless Steel Dishwasher - LDF6920SS,,80000000007357,,
abt-buy_0634,733,LG Electronics,LG Dishwasher,,80000000007337,lg electronics,lg dishwasher,,80000000007337,,,,,,,,LG 24' LDF6920WW Fully Integrated Built In White Dishwasher - LDF6920WH,,80000000007337,,
abt-buy_0635,732,LG Electronics,LG Semi-Integrated Electronic Panel with Digital Status Display,,80000000007327,lg electronics,lg semi-integrated electronic panel with digital status display,,80000000007327,,,,,,,,LG 24' LDS4821BB Semi Integrated Built In Black Dishwasher - LDS4821BK,,80000000007327,,
abt-buy_0636,731,LG Electronics,LG Semi-Integrated Electronic Panel with Digital Status Display Dishwasher,,80000000007317,lg electronics,lg semi-integrated electronic panel with digital status display dishwasher,,80000000007317,,,,,,,,LG 24' LDS4821WW Semi Integrated Built In White Dishwasher - LDS4821WH,,80000000007317,,
abt-buy_0637,718,LG Electronics,LG 1.6 cu.ft. Over the Range Microwave,,80000000007187,lg electronics,lg 1.6 cu.ft. over the range microwave,,80000000007187,,,,,,,,LG Over-The-Range Black Microwave Oven - LMV1680BK,,80000000007187,,
abt-buy_0638,717,LG Electronics,LG 1.6 cu.ft. Over the Range,,80000000007177,lg electronics,lg 1.6 cu.ft. over the range,,80000000007177,,,,,,,,LG Over-The-Range White Microwave Oven - LMV1680WH,,80000000007177,,
abt-buy_0639,693,LG Electronics,LG 5.6 cu.ft. Freestanding Electric Range,,80000000006937,lg electronics,lg 5.6 cu.ft. freestanding electric range,,80000000006937,,,,,,,,LG 5.6 Cu. Ft. Black Freestanding Electric Range - LRE30453BK,,80000000006937,,
abt-buy_0640,674,LG Electronics,LG 5.6 cu.ft. Freestanding Electric Range,,80000000006747,lg electronics,lg 5.6 cu.ft. freestanding electric range,,80000000006747,,,,,,,,LG Stainless Steel Freestanding Electric Range - LRE30453SS,,80000000006747,,
abt-buy_0641,692,LG Electronics,LG 5.6 cu.ft. Freestanding Electric Range,,80000000006927,lg electronics,lg 5.6 cu.ft. freestanding electric range,,80000000006927,,,,,,,,LG 5.6 Cu. Ft. White Freestanding Electric Range - LRE30453WH,,80000000006927,,
abt-buy_0642,690,LG Electronics,LG 5.6 cu.ft. Freestanding Electric Range,,80000000006907,lg electronics,lg 5.6 cu.ft. freestanding electric range,,80000000006907,,,,,,,,LG Black Freestanding Electric Range - LRE30757BK,,80000000006907,,
abt-buy_0643,691,LG Electronics,LG 5.6 cu.ft. Freestanding Electric Range,,80000000006917,lg electronics,lg 5.6 cu.ft. freestanding electric range,,80000000006917,,,,,,,,LG Stainless Steel Freestanding Electric Range - LRE30757SS,,80000000006917,,
abt-buy_0644,713,LG Electronics,LG 5.0 cu.ft. Freestanding Gas Range,,80000000007137,lg electronics,lg 5.0 cu.ft. freestanding gas range,,80000000007137,,,,,,,,LG 30' Black Freestanding Gas Range - LRG30357BK,,80000000007137,,
abt-buy_0645,715,LG Electronics,LG 5.0 cu.ft. Freestanding Gas Range,,80000000007157,lg electronics,lg 5.0 cu.ft. freestanding gas range,,80000000007157,,,,,,,,LG 30' Stainless Steel Freestanding Gas Range - LRG30357SS,,80000000007157,,
abt-buy_0646,712,LG Electronics,LG 5.0 cu.ft. Freestanding Gas Range,,80000000007127,lg electronics,lg 5.0 cu.ft. freestanding gas range,,80000000007127,,,,,,,,LG 30' White Freestanding Gas Range - LRG30357WH,,80000000007127,,
abt-buy_0647,482,Sony,Sony Cyber-shot DSC-W150 Digital Camera - Gold - DSCW150N,,80000000004827,sony,sony cyber-shot dsc-w150 digital camera - gold - dscw150n,,80000000004827,,,,,,,,Sony Gold Cyber-Shot Digital Camera - DSCW150N,,80000000004827,,
abt-buy_0648,481,Sony,Sony Cyber-shot DSC-W150 Digital Camera - Red - DSCW150R,,80000000004817,sony,sony cyber-shot dsc-w150 digital camera - red - dscw150r,,80000000004817,,,,,,,,Sony Red Cyber-Shot Digital Camera - DSCW150R,,80000000004817,,
abt-buy_0649,484,Sony,Sony Cyber-shot DSC-W170 Digital Camera - Red - DSCW170R,,80000000004847,sony,sony cyber-shot dsc-w170 digital camera - red - dscw170r,,80000000004847,,,,,,,,Sony Red Cyber-Shot Digital Camera - DSCW170R,,80000000004847,,
abt-buy_0650,872,Brenthaven,SLING II LAPTOP CASE - 21 INCH - 4.5 INCH - 14.5 INCH - 2221,,80000000008727,brenthaven,sling ii laptop case - 21 inch - 4.5 inch - 14.5 inch - 2221,,80000000008727,,,,,,,,Brenthaven Sling II Titanium Laptop Carrying Bag For 15' MacBook Pro - TR654ZMA,,80000000008727,,
abt-buy_0651,871,Brenthaven,SLING I LAPTOP CASE - 18 INCH - 4.5 INCH - 13 INCH - 2211,,80000000008717,brenthaven,sling i laptop case - 18 inch - 4.5 inch - 13 inch - 2211,,80000000008717,,,,,,,,Brenthaven Sling I Titanium Laptop Carrying Bag For 13' MacBook - TR653ZMA,,80000000008717,,
abt-buy_0652,317,Denon,Denon DHT-FS3 2-piece Home Theater Audio System,,80000000003177,denon,denon dht-fs3 2-piece home theater audio system,,80000000003177,,,,,,,,Denon X-Space Surround Bar Home Theatre System In Black - DHTFS3,,80000000003177,,
abt-buy_0653,719,LG Electronics,1.6 cu.ft. Over the Range Microwave,,80000000007197,lg electronics,1.6 cu.ft. over the range microwave,,80000000007197,,,,,,,,LG Over-The-Range Stainless Steel Microwave Oven  - LMV1680SS,,80000000007197,,
abt-buy_0654,721,LG Electronics,LG 2.0 cu.ft. Over the Range Microwave Oven,,80000000007217,lg electronics,lg 2.0 cu.ft. over the range microwave oven,,80000000007217,,,,,,,,LG 2.0 Cu. Ft. Over-The-Range Black Microwave Oven - LMVM2085BK,,80000000007217,,
abt-buy_0655,720,LG Electronics,LG 2.0 cu.ft. Over the Range Microwave Oven,,80000000007207,lg electronics,lg 2.0 cu.ft. over the range microwave oven,,80000000007207,,,,,,,,LG 2.0 Cu. Ft. Over-The-Range White Microwave Oven - LMVM2085WH,,80000000007207,,
abt-buy_0656,723,LG Electronics,LG 2.0 cu.ft. Over the Range Microwave Oven,,80000000007237,lg electronics,lg 2.0 cu.ft. over the range microwave oven,,80000000007237,,,,,,,,LG 2.0 Cu. Ft. Over-The-Range Stainless Steel Microwave Oven - LMVM2085SS,,80000000007237,,
abt-buy_0657,1014,Logitech,Logitech QuickCam Vision Pro Webcam - 960-000254,,80000000010147,logitech,logitech quickcam vision pro webcam - 960-000254,,80000000010147,,,,,,,,Logitech QuickCam Vision Pro For Mac - 960000254,,80000000010147,,
abt-buy_0658,820,Pure Digital Technol,Pure Digital Flip Mino Digital Camcorder - F360B,,80000000008207,pure digital technol,pure digital flip mino digital camcorder - f360b,,80000000008207,,,,,,,,Flip Video F360 Black Mino Series Camcorder - F360B,,80000000008207,,
abt-buy_0659,819,Pure Digital Technol,Pure Digital Flip Mino Digital Camcorder - F360W,,80000000008197,pure digital technol,pure digital flip mino digital camcorder - f360w,,80000000008197,,,,,,,,Flip Video F360 White Mino Series Camcorder - F360W,,80000000008197,,
abt-buy_0660,768,Samsung,"Samsung HL72A650 - 72' Widescreen 1080p DLP HDTV - 2,500:1 Contrast Ratio",,80000000007687,samsung,"samsung hl72a650 - 72' widescreen 1080p dlp hdtv - 2,500:1 contrast ratio",,80000000007687,,,,,,,,Samsung 72' Series 6 Black Widescreen DLP HDTV - HL72A650,,80000000007687,,
abt-buy_0661,543,Boston Acoustics,Boston Acoustics Horizon Duo-i AM/FM Stereo Radio - HDUOIMDNT,,80000000005437,boston acoustics,boston acoustics horizon duo-i am/fm stereo radio - hduoimdnt,,80000000005437,,,,,,,,Boston Acoustics Duo-I AM/FM Clock Radio With iPod Dock - HDUOIMDNT,,80000000005437,,
abt-buy_0662,775,Samsung,Samsung YP-S2ZW 1GB Flash MP3 Player - YP-S2ZW/XAA,,80000000007757,samsung,samsung yp-s2zw 1gb flash mp3 player - yp-s2zw/xaa,,80000000007757,,,,,,,,Samsung S2 White 1GB Flash MP3 Player - YPS2ZW,,80000000007757,,
abt-buy_0663,657,Onkyo,Onkyo CS-325 Stereo CD Receiver Mini Audio System,,80000000006577,onkyo,onkyo cs-325 stereo cd receiver mini audio system,,80000000006577,,,,,,,,Onkyo Black CD Receiver System - CS325,,80000000006577,,
abt-buy_0664,785,Canon,Canon SELPHY CP760 Dye Sublimation Printer - 2565B001,,80000000007857,canon,canon selphy cp760 dye sublimation printer - 2565b001,,80000000007857,,,,,,,,Canon White Selphy CP760 Compact Photo Printer - 2565B001,,80000000007857,,
abt-buy_0665,42,Whirlpool,Maytag MMV4205BAQ Over-the-Range Microwave,,80000000000427,whirlpool,maytag mmv4205baq over-the-range microwave,,80000000000427,,,,,,,,Maytag Bisque Over-The-Range Microwave Oven - MMV4205BT,,80000000000427,,
abt-buy_0666,43,Whirlpool,Maytag 2.0 Cu. Ft. Over-the-Range Microwave Oven,,80000000000437,whirlpool,maytag 2.0 cu. ft. over-the-range microwave oven,,80000000000437,,,,,,,,Maytag Over-The-Range Microwave Oven - MMV5207BK,,80000000000437,,
abt-buy_0667,1021,LINKSYS,Linksys WRT610N Simultaneous Dual-N Band Wireless Router,,80000000010217,linksys,linksys wrt610n simultaneous dual-n band wireless router,,80000000010217,,,,,,,,Linksys Simultaneous Dual-N Band Wireless Router - WRT610N,,80000000010217,,
abt-buy_0668,839,Speck Products,Speck Products SeeThru Case for Apple 13' MacBook - MB13-BLK-SEE-V2,,80000000008397,speck products,speck products seethru case for apple 13' macbook - mb13-blk-see-v2,,80000000008397,,,,,,,,Speck SeeThru Black Hard Shell Case For 13' MacBook - MB13BLKSEEV2,,80000000008397,,
abt-buy_0669,751,Bracketron,Bracketron Low-Pro Windshield Mount - SWM-400-BL,,80000000007517,bracketron,bracketron low-pro windshield mount - swm-400-bl,,80000000007517,,,,,,,,Bracketron Black GPS Low-Pro Windshield Mount - SWM400BL,,80000000007517,,
abt-buy_0670,167,GE,Ge 24746 Futura(tm) Indoor Hdtv Antenna,,80000000001677,ge,ge 24746 futura(tm) indoor hdtv antenna,,80000000001677,,,,,,,,GE Futura Indoor TV Antenna - Silver Finish - TV24746,,80000000001677,,
abt-buy_0671,764,BlueAnt,BlueAnt Wireless Z9i Bluetooth Headset - Black - US-091010,,80000000007647,blueant,blueant wireless z9i bluetooth headset - black - us-091010,,80000000007647,,,,,,,,BlueAnt Black Bluetooth Headset - Z9I,,80000000007647,,
abt-buy_0672,772,Sony,Sony HT-DDWG700 Home Theater System - HTDDWG700,,80000000007727,sony,sony ht-ddwg700 home theater system - htddwg700,,80000000007727,,,,,,,,Sony Black 5.1 Channel Home Theater System - HTDDWG700,,80000000007727,,
abt-buy_0673,598,TRANSCEND INFORMATION,Transcend 4GB microSDHC Card (Class 6) - TS4GUSDHC6,,80000000005987,transcend information,transcend 4gb microsdhc card (class 6) - ts4gusdhc6,,80000000005987,,,,,,,,Transcend 4GB Micro Secure Digital Memory Card - TS4GUSDHC6,,80000000005987,,
abt-buy_0674,676,Sony,Sony BRAVIA M Series KDL-26M4000 26' LCD TV - KDL26M4000,,80000000006767,sony,sony bravia m series kdl-26m4000 26' lcd tv - kdl26m4000,,80000000006767,,,,,,,,Sony 26' BRAVIA M-Series Black LCD Flat Panel HDTV - KDL26M4000,,80000000006767,,
abt-buy_0675,739,Samsung,Samsung BDP-1500 Blu-ray DVD Player - BDP1500,,80000000007397,samsung,samsung bdp-1500 blu-ray dvd player - bdp1500,,80000000007397,,,,,,,,Samsung Black Blu-ray Player - BDP1500,,80000000007397,,
abt-buy_0676,602,LG Electronics,LG 37LG50 - 37' Widescreen 1080p LCD HDTV - 15000:1 Dynamic Contrast Ratio - 5ms Response Time,,80000000006027,lg electronics,lg 37lg50 - 37' widescreen 1080p lcd hdtv - 15000:1 dynamic contrast ratio - 5ms response time,,80000000006027,,,,,,,,LG 37' Black LCD Flat Panel HDTV - 37LG50,,80000000006027,,
abt-buy_0677,687,Onkyo,Onkyo TXSR606 A/V Receiver,,80000000006877,onkyo,onkyo txsr606 a/v receiver,,80000000006877,,,,,,,,Onkyo 7.1-Channel Home Theater Black Receiver - TXSR606B,,80000000006877,,
abt-buy_0678,653,Mitsubishi,Mitsubishi WD-65735 65' Projection TV - WD65735,,80000000006537,mitsubishi,mitsubishi wd-65735 65' projection tv - wd65735,,80000000006537,,,,,,,,Mitsubishi 735 Series 65' 1080p DLP Rear Projection Black HDTV - WD65735,,80000000006537,,
abt-buy_0679,678,Sony,Sony BRAVIA S Series KDL-46S4100 46' LCD TV - KDL46S4100,,80000000006787,sony,sony bravia s series kdl-46s4100 46' lcd tv - kdl46s4100,,80000000006787,,,,,,,,Sony 46' BRAVIA S-Series Black LCD Flat Panel HDTV - KDL46S4100,,80000000006787,,
abt-buy_0680,681,Sony,Sony BRAVIA KDL-32L4000 32' LCD TV - KDL32L4000,,80000000006817,sony,sony bravia kdl-32l4000 32' lcd tv - kdl32l4000,,80000000006817,,,,,,,,Sony 32' BRAVIA L-Series Black LCD Flat Panel HDTV - KDL32L4000,,80000000006817,,
abt-buy_0681,708,LG Electronics,LG 32LG30 - 32' Widescreen 720p LCD HDTV - 12000:1 Dynamic Contrast Ratio - 8ms Response Time,,80000000007087,lg electronics,lg 32lg30 - 32' widescreen 720p lcd hdtv - 12000:1 dynamic contrast ratio - 8ms response time,,80000000007087,,,,,,,,LG 32' Black LCD Flat Panel HDTV - 32LG30,,80000000007087,,
abt-buy_0682,654,Mitsubishi,Mitsubishi WD-65736 65' Projection TV - WD65736,,80000000006547,mitsubishi,mitsubishi wd-65736 65' projection tv - wd65736,,80000000006547,,,,,,,,Mitsubishi 736 Series 65' 1080p DLP Rear Projection Black HDTV - WD65736,,80000000006547,,
abt-buy_0683,756,Panasonic,Panasonic Viera TH-46PZ850U 46' Plasma TV - TH46PZ850U,,80000000007567,panasonic,panasonic viera th-46pz850u 46' plasma tv - th46pz850u,,80000000007567,,,,,,,,Panasonic VIERA 46' Black Plasma Flat Panel 1080p HDTV - TH46PZ850U,,80000000007567,,
abt-buy_0684,478,Sony,Sony Cyber-shot DSC-W150 Digital Camera - Silver - DSCW150,,80000000004787,sony,sony cyber-shot dsc-w150 digital camera - silver - dscw150,,80000000004787,,,,,,,,Sony Silver Cyber-Shot Digital Camera - DSCW150,,80000000004787,,
abt-buy_0685,18,Frigidaire,Frigidaire FDB130RGS 24' Built-In Dishwasher (White),,80000000000187,frigidaire,frigidaire fdb130rgs 24' built-in dishwasher (white),,80000000000187,,,,,,,,Frigidaire 24' White Built-In Dishwasher - FDB130WH,,80000000000187,,
abt-buy_0686,688,Sony,Sony Cyber-shot DSC-W300 Digital Camera,,80000000006887,sony,sony cyber-shot dsc-w300 digital camera,,80000000006887,,,,,,,,Sony Black 13.6 Megapixel Cyber-Shot Digital Camera - DSCW300,,80000000006887,,
abt-buy_0687,1064,Cuisinart,Cuisinart TOB-155 Toaster Oven Broiler,,80000000010647,cuisinart,cuisinart tob-155 toaster oven broiler,,80000000010647,,,,,,,,Cuisinart Exact Heat Matte Black Toaster Oven Broiler - TOB155,,80000000010647,,
abt-buy_0688,395,Alpine,ALPINE CDA-9886 Car Audio Player - CDA9886,,80000000003957,alpine,alpine cda-9886 car audio player - cda9886,,80000000003957,,,,,,,,Alpine CD-R/-RW/MP3/AAC/WMA Receiver - CDA9886,,80000000003957,,
abt-buy_0689,1038,Samsung,Samsung HT-X710 Bluetooth 400-Watt Home Theater System With iPod Dock,,80000000010387,samsung,samsung ht-x710 bluetooth 400-watt home theater system with ipod dock,,80000000010387,,,,,,,,Samsung 2.1 Channel Bluetooth Home Theater System - HTX710T,,80000000010387,,
abt-buy_0690,881,Griffin,Griffin Elan Form for iPhone 3G - 8223-IP2EFRMB,,80000000008817,griffin,griffin elan form for iphone 3g - 8223-ip2efrmb,,80000000008817,,,,,,,,Griffin iPhone 3G Black Elan Form Hard-Shell Leather Case - 8223IP2EFRMB,,80000000008817,,
abt-buy_0691,834,Griffin,Griffin Protective Wave Case for Smart Phone - 8227-IP2WVB,,80000000008347,griffin,griffin protective wave case for smart phone - 8227-ip2wvb,,80000000008347,,,,,,,,Griffin Black iPhone 3G Wave Case - 8227IP2WVB,,80000000008347,,
abt-buy_0692,1043,SKULLCANDY INC,CHOPS HANGER - HEADPHONE - WIRED - EARBUDS - 18 - 20000 HZ - BLACK AND CHROME - HH26-SKC01,,80000000010437,skullcandy inc,chops hanger - headphone - wired - earbuds - 18 - 20000 hz - black and chrome - hh26-skc01,,80000000010437,,,,,,,,Skullcandy CHOPS Headphones In Black Chrome - HH26SKC01,,80000000010437,,
abt-buy_0693,885,Speck Products,3G iPhone Black ToughSkin - IPH3G-BLK-TS,,80000000008857,speck products,3g iphone black toughskin - iph3g-blk-ts,,80000000008857,,,,,,,,Speck Black ToughSkin Case For iPhone 3G - IPH3GBLKTS,,80000000008857,,
abt-buy_0694,863,Yamaha,Yamaha YSP-3050 Digital Sound Projector - YSP-3050BL,,80000000008637,yamaha,yamaha ysp-3050 digital sound projector - ysp-3050bl,,80000000008637,,,,,,,,Yamaha Black Digital Sound Projector - YSP3050BK,,80000000008637,,
abt-buy_0695,953,Nintendo Of America,Nintendo DS Lite (Metallic Silver),,80000000009537,nintendo of america,nintendo ds lite (metallic silver),,80000000009537,,,,,,,,Nintendo DS Lite Metallic Silver Portable Gaming System - NDSUSGSVB,,80000000009537,,
abt-buy_0696,861,Sony,Sony Z550N/B Notebook - VGNZ550N/B,,80000000008617,sony,sony z550n/b notebook - vgnz550n/b,,80000000008617,,,,,,,,Sony Black VAIO Z Series 13.1' Notebook Computer - VGNZ550NB,,80000000008617,,
abt-buy_0697,862,Sony,Sony Z570N/B Notebook - VGNZ570N/B,,80000000008627,sony,sony z570n/b notebook - vgnz570n/b,,80000000008627,,,,,,,,Sony Black VAIO Z Series 13.1' Notebook Computer - VGNZ570NB,,80000000008627,,
abt-buy_0698,870,Sony,Sony Z591U/B Notebook - VGNZ591U/B,,80000000008707,sony,sony z591u/b notebook - vgnz591u/b,,80000000008707,,,,,,,,Sony VAIO Z Series Black Notebook Computer - VGNZ591UB,,80000000008707,,
abt-buy_0699,356,Frigidaire,Frigidarie GLD4355RF 24' Gallery Speed Clean Dishwasher (Black),,80000000003567,frigidaire,frigidarie gld4355rf 24' gallery speed clean dishwasher (black),,80000000003567,,,,,,,,Frigidaire GLD4355RFB Gallery SpeedClean 24' Black Dishwasher - GLD4355BK,,80000000003567,,
abt-buy_0700,357,Frigidaire,Frigidaire GLD4355RFS Gallery Series 24' Under Counter Dishwasher,,80000000003577,frigidaire,frigidaire gld4355rfs gallery series 24' under counter dishwasher,,80000000003577,,,,,,,,Frigidaire GLD4355RFS Gallery SpeedClean 24' White Dishwasher - GLD4355WH,,80000000003577,,
abt-buy_0701,295,Sony,Sony XT-100HD HD Radio Tuner,,80000000002957,sony,sony xt-100hd hd radio tuner,,80000000002957,,,,,,,,Sony HD Radio Add On Tuner - XT100HD,,80000000002957,,
abt-buy_0702,620,Sony,Sony BRAVIA DAV-HDX576WF Home Theater System,,80000000006207,sony,sony bravia dav-hdx576wf home theater system,,80000000006207,,,,,,,,Sony Bravia Wireless Home Theater System In Black - DAVHDX576WF,,80000000006207,,
abt-buy_0703,632,Sony,Sony HT-CT100 Home Theater System,,80000000006327,sony,sony ht-ct100 home theater system,,80000000006327,,,,,,,,Sony 3.1 Channel Home Theater Surround System In Black - HTCT100,,80000000006327,,
abt-buy_0704,531,Sony,Sony DVP-FX820/P Portable DVD Player - DVPFX820/P,,80000000005317,sony,sony dvp-fx820/p portable dvd player - dvpfx820/p,,80000000005317,,,,,,,,Sony DVP-FX820 Pink 8' Portable DVD Player - DVPFX820P,,80000000005317,,
abt-buy_0705,276,Alpine,ALPINE IVA-W205 Car Video Player,,80000000002767,alpine,alpine iva-w205 car video player,,80000000002767,,,,,,,,Alpine 2-DIN DVD/CD/MP3/WMA Receiver/AV Head Unit - IVAW205,,80000000002767,,
abt-buy_0706,130,Whirlpool,Whirlpool WFW8300SW 27' Front-Load Washer w/3.4 Cu. Ft. Capacity (White),,80000000001307,whirlpool,whirlpool wfw8300sw 27' front-load washer w/3.4 cu. ft. capacity (white),,80000000001307,,,,,,,,Whirlpool Duet Sport Front Loading White Washer - White Finish - WFW8300SWH,,80000000001307,,
abt-buy_0707,189,Whirlpool,Whirlpool WTW6400SW Cabrio 4.5 Cu Ft Capacity Washer (White),,80000000001897,whirlpool,whirlpool wtw6400sw cabrio 4.5 cu ft capacity washer (white),,80000000001897,,,,,,,,Whirlpool Cabrio WTW6400SW Top Loading White Washer - WTW6400SWH,,80000000001897,,
abt-buy_0708,75,Whirlpool,Whirlpool DU1055XTSS 6' Console Undercounter Dishwasher (Stainless Steel),,80000000000757,whirlpool,whirlpool du1055xtss 6' console undercounter dishwasher (stainless steel),,80000000000757,,,,,,,,Whirlpool 24' Built-In Dishwasher - DU1055SS,,80000000000757,,
abt-buy_0709,256,Whirlpool,Whirlpool 27' DUET WASHER HORIZ AXIS WP,,80000000002567,whirlpool,whirlpool 27' duet washer horiz axis wp,,80000000002567,,,,,,,,Whirlpool White Front Load Washer - WFW9200SWH,,80000000002567,,
abt-buy_0710,552,Whirlpool,Whirlpool WTW6700TW 28' Cabrio Series Top Loader Washer (Metallic/White),,80000000005527,whirlpool,whirlpool wtw6700tw 28' cabrio series top loader washer (metallic/white),,80000000005527,,,,,,,,Whirlpool Cabrio White Top Loading Washer - WTW6700TWH,,80000000005527,,
abt-buy_0711,630,Whirlpool,Whirlpool WTW6700TU Cabrio 4.6 Cu. Ft. Top Load Washer (Diamond Dust),,80000000006307,whirlpool,whirlpool wtw6700tu cabrio 4.6 cu. ft. top load washer (diamond dust),,80000000006307,,,,,,,,Whirlpool Cabrio Diamond Dust Top Loading Washer - WTW6700TU,,80000000006307,,
abt-buy_0712,842,Canon,Canon EOS Rebel XS Digital SLR Camera with EF-S 18-55mm 1:3.5-5.6 IS Lens - Black - 2762B003,,80000000008427,canon,canon eos rebel xs digital slr camera with ef-s 18-55mm 1:3.5-5.6 is lens - black - 2762b003,,80000000008427,,,,,,,,Canon EOS Rebel XS Black Digital SLR Camera - XSREB1855B,,80000000008427,,
abt-buy_0713,550,Weber,Weber Summit E-620 Copper LP Gas Grill,,80000000005507,weber,weber summit e-620 copper lp gas grill,,80000000005507,,,,,,,,Weber Summit E-620 Copper Liquid Propane Gas Outdoor Grill - 1752001,,80000000005507,,
abt-buy_0714,462,Weber,Weber Summit SP-320 Stainless LP Gas Grill,,80000000004627,weber,weber summit sp-320 stainless lp gas grill,,80000000004627,,,,,,,,Weber Spirit SP-320 Stainless Steel Liquid Propane Gas Outdoor Grill - 3730001,,80000000004627,,
abt-buy_0715,250,Weber,Weber Genesis EP-320 Blue LP Gas Grill,,80000000002507,weber,weber genesis ep-320 blue lp gas grill,,80000000002507,,,,,,,,Weber 3758301 Blue Genesis EP-320 LP Gas Grill - 3758301,,80000000002507,,
abt-buy_0716,560,Panasonic,Panasonic Viera TH-50PZ850U 50' Plasma TV,,80000000005607,panasonic,panasonic viera th-50pz850u 50' plasma tv,,80000000005607,,,,,,,,Panasonic VIERA 50' 1080p Plasma HDTV In Black - TH50PZ850U,,80000000005607,,
abt-buy_0717,533,Sony,Sony DVPFX820 Portable DVD Player - DVPFX820/W,,80000000005337,sony,sony dvpfx820 portable dvd player - dvpfx820/w,,80000000005337,,,,,,,,Sony White 8' Portable DVD Player - DVPFX820W,,80000000005337,,
abt-buy_0718,480,Sony,Sony Cyber-shot DSC-W150 Digital Camera - Black - DSCW150/B,,80000000004807,sony,sony cyber-shot dsc-w150 digital camera - black - dscw150/b,,80000000004807,,,,,,,,Sony Black Cyber-Shot Digital Camera - DSCW150B,,80000000004807,,
abt-buy_0719,639,Sony,Sony BRAVIA KDL32XBR6 32' LCD TV,,80000000006397,sony,sony bravia kdl32xbr6 32' lcd tv,,80000000006397,,,,,,,,Sony 32' BRAVIA XBR Series Black LCD Flat Panel HDTV - KDL32XBR6,,80000000006397,,
abt-buy_0720,652,Mitsubishi,Mitsubishi WD-60735 60' Projection TV,,80000000006527,mitsubishi,mitsubishi wd-60735 60' projection tv,,80000000006527,,,,,,,,Mitsubishi 735 Series 60' 1080p DLP Rear Projection Black HDTV - WD60735,,80000000006527,,
abt-buy_0721,737,Sony,Sony BRAVIA XBR Series KDL-37XBR6 37' LCD TV - KDL37XBR6,,80000000007377,sony,sony bravia xbr series kdl-37xbr6 37' lcd tv - kdl37xbr6,,80000000007377,,,,,,,,Sony 37' BRAVIA XBR Series Black LCD Flat Panel HDTV - KDL37XBR6,,80000000007377,,
abt-buy_0722,709,Onkyo,Onkyo HTS5100 Home Theater System - HTS5100B,,80000000007097,onkyo,onkyo hts5100 home theater system - hts5100b,,80000000007097,,,,,,,,Onkyo Black 7.1-Channel Home Theater System - HTS5100B,,80000000007097,,
abt-buy_0723,734,Sony,Sony HT7200DH Home Theater System,,80000000007347,sony,sony ht7200dh home theater system,,80000000007347,,,,,,,,Sony Black Component Home Theater System - HT7200DH,,80000000007347,,
abt-buy_0724,695,Sony,Sony STR-DG820 A/V Receiver - STRDG820,,80000000006957,sony,sony str-dg820 a/v receiver - strdg820,,80000000006957,,,,,,,,Sony 7.1 Channel Black A/V Receiver - STRDG820,,80000000006957,,
abt-buy_0725,738,Sony,Sony BRAVIA Z Series KDL-40Z4100 40' LCD TV - KDL40Z4100/B,,80000000007387,sony,sony bravia z series kdl-40z4100 40' lcd tv - kdl40z4100/b,,80000000007387,,,,,,,,Sony 40' BRAVIA Z Series Black LCD Flat Panel HDTV - KDL40Z4100B,,80000000007387,,
abt-buy_0726,741,Sony,Sony BRAVIA Z Series KDL-46Z4100 46' LCD TV - KDL46Z4100/B,,80000000007417,sony,sony bravia z series kdl-46z4100 46' lcd tv - kdl46z4100/b,,80000000007417,,,,,,,,Sony 46' BRAVIA Z Series Black LCD Flat Panel HDTV - KDL46Z4100B,,80000000007417,,
abt-buy_0727,710,Sony,Sony BRAVIA M Series KDL-32M4000 32' LCD TV - KDL32M4000,,80000000007107,sony,sony bravia m series kdl-32m4000 32' lcd tv - kdl32m4000,,80000000007107,,,,,,,,Sony 32' BRAVIA M-Series Gloss Black LCD Flat Panel HDTV - KDL32M4000,,80000000007107,,
abt-buy_0728,683,Sony,Sony BRAVIA W Series KDL-46W4100 46' LCD TV - KDL46W4100,,80000000006837,sony,sony bravia w series kdl-46w4100 46' lcd tv - kdl46w4100,,80000000006837,,,,,,,,Sony 46' BRAVIA W-Series Black LCD Flat Panel HDTV - KDL46W4100,,80000000006837,,
abt-buy_0729,684,Sony,Sony BRAVIA V Series KDL-52V4100 52' LCD TV - KDL52V4100,,80000000006847,sony,sony bravia v series kdl-52v4100 52' lcd tv - kdl52v4100,,80000000006847,,,,,,,,Sony 52' BRAVIA V-Series Black LCD Flat Panel HDTV - KDL52V4100,,80000000006847,,
abt-buy_0730,722,LG Electronics,LG 52LG50 52' LCD TV,,80000000007227,lg electronics,lg 52lg50 52' lcd tv,,80000000007227,,,,,,,,LG 52' Black LCD Flat Panel HDTV - 52LG50,,80000000007227,,
abt-buy_0731,724,LG Electronics,LG 47LG50 47' LCD TV,,80000000007247,lg electronics,lg 47lg50 47' lcd tv,,80000000007247,,,,,,,,LG 47' Black LCD Flat Panel HDTV - 47LG50,,80000000007247,,
abt-buy_0732,752,LG Electronics,LG 32LG40 32' TV/DVD Combo,,80000000007527,lg electronics,lg 32lg40 32' tv/dvd combo,,80000000007527,,,,,,,,LG 32' Black LCD Flat Panel HDTV With Built In DVD Player - 32LG40,,80000000007527,,
abt-buy_0733,1078,Mitsubishi,Mitsubishi MB-S73 TV Stand,,80000000010787,mitsubishi,mitsubishi mb-s73 tv stand,,80000000010787,,,,,,,,Mitsubishi DLP Black TV Stand - MBS73V,,80000000010787,,
abt-buy_0734,754,Mitsubishi,Mitsubishi Diamond WD-73835 73' Projection TV - WD73835,,80000000007547,mitsubishi,mitsubishi diamond wd-73835 73' projection tv - wd73835,,80000000007547,,,,,,,,Mitsubishi 835 Diamond Series 73' 1080p DLP Rear Projection HDTV - WD73835,,80000000007547,,
abt-buy_0735,745,LG Electronics,LG LG70 Series 52LG70 52' LCD TV,,80000000007457,lg electronics,lg lg70 series 52lg70 52' lcd tv,,80000000007457,,,,,,,,LG 52' Black LCD Flat Panel HDTV - 52LG70,,80000000007457,,
abt-buy_0736,685,Sony,Sony BRAVIA W Series KDL-52W4100 52' LCD TV - KDL52W4100,,80000000006857,sony,sony bravia w series kdl-52w4100 52' lcd tv - kdl52w4100,,80000000006857,,,,,,,,Sony 52' BRAVIA W-Series Black LCD Flat Panel HDTV - KDL52W4100,,80000000006857,,
abt-buy_0737,753,Mitsubishi,Mitsubishi Diamond WD-65835 65' Projection TV,,80000000007537,mitsubishi,mitsubishi diamond wd-65835 65' projection tv,,80000000007537,,,,,,,,Mitsubishi 835 Diamond Series 65' 1080p DLP Rear Projection HDTV - WD65835,,80000000007537,,
abt-buy_0738,793,Sony,Sony STR-DG920 A/V Receiver - STRDG920,,80000000007937,sony,sony str-dg920 a/v receiver - strdg920,,80000000007937,,,,,,,,Sony 7.1 Channel Black AV Receiver - STRDG920,,80000000007937,,
abt-buy_0739,826,Nikon,Nikon D700 Digtal SLR Camera - 25444,,80000000008267,nikon,nikon d700 digtal slr camera - 25444,,80000000008267,,,,,,,,Nikon D700 Digital SLR Digital Camera - D700BODY,,80000000008267,,
abt-buy_0740,894,Klipsch,Klipsch KS7502THX (Each) - KS-7502-THX,,80000000008947,klipsch,klipsch ks7502thx (each) - ks-7502-thx,,80000000008947,,,,,,,,Klipsch 5.25' THX Ultra2 In-Ceiling White Loudspeaker - KS7502THX,,80000000008947,,
abt-buy_0741,447,Sony,Sony DPFD70 Digital Photo Frame,,80000000004477,sony,sony dpfd70 digital photo frame,,80000000004477,,,,,,,,Sony 7' Digital Photo Frame In Black - DPFD70,,80000000004477,,
abt-buy_0742,449,Sony,Sony DPFV900 Digital Photo Frame - DPF-V900,,80000000004497,sony,sony dpfv900 digital photo frame - dpf-v900,,80000000004497,,,,,,,,Sony 9' Digital Photo Frame In Black - DPFV900,,80000000004497,,
abt-buy_0743,673,Sony,Sony Picture Station Digital Photo Printer - DPPFP95,,80000000006737,sony,sony picture station digital photo printer - dppfp95,,80000000006737,,,,,,,,Sony Picture Station Digital Photo Printer - DPPFP95,,80000000006737,,
abt-buy_0744,884,Olympus,Olympus FE-370 Digital Camera - Silver - 226420,,80000000008847,olympus,olympus fe-370 digital camera - silver - 226420,,80000000008847,,,,,,,,Olympus Silver 8 Megapixel Digital Camera - FE370S,,80000000008847,,
abt-buy_0745,760,Sony,Sony RDR-GX360 DVD Player/Recorder,,80000000007607,sony,sony rdr-gx360 dvd player/recorder,,80000000007607,,,,,,,,Sony DVD Recorder In Black - RDRGX360,,80000000007607,,
abt-buy_0746,956,Sony,Sony BDP-S550 - Blu-ray DVD Player,,80000000009567,sony,sony bdp-s550 - blu-ray dvd player,,80000000009567,,,,,,,,Sony Blu-Ray Disc Player - BDPS550,,80000000009567,,
abt-buy_0747,776,Samsung,"Samsung HT-BD2T Blu-ray 7.1 Home Theater System - Blu-ray, DVD & CD Playback, FM Receiver w/30 Station Presets, 1100W Total Output, 4 Tower Speakers & Subwoofer - HT-BD2T/XAA",,80000000007767,samsung,"samsung ht-bd2t blu-ray 7.1 home theater system - blu-ray, dvd & cd playback, fm receiver w/30 station presets, 1100w total output, 4 tower speakers & subwoofer - ht-bd2t/xaa",,80000000007767,,,,,,,,Samsung 7.1-Channel Blu-ray Home Theater System - HTBD2TXAA,,80000000007767,,
abt-buy_0748,1045,Samsung,"Samsung LN46A850 - 46' 1080P LCD HDTV - 50,000:1 Dynamic Contrast Ratio - 120Hz - 4ms Response Time - Super Slim 1.9' Thick!",,80000000010457,samsung,"samsung ln46a850 - 46' 1080p lcd hdtv - 50,000:1 dynamic contrast ratio - 120hz - 4ms response time - super slim 1.9' thick!",,80000000010457,,,,,,,,Samsung 46' Series 8 LCD Black Flat Panel HDTV - LN46A850,,80000000010457,,
abt-buy_0749,987,Samsung,"Samsung LN52A850 - 52' 1080P LCD HDTV - 50,000:1 Dynamic Contrast Ratio - 120Hz - 4ms Response Time - Super Slim 1.9' Thick!",,80000000009877,samsung,"samsung ln52a850 - 52' 1080p lcd hdtv - 50,000:1 dynamic contrast ratio - 120hz - 4ms response time - super slim 1.9' thick!",,80000000009877,,,,,,,,Samsung 52' Series 8 LCD Black Flat Panel HDTV - LN52A850,,80000000009877,,
abt-buy_0750,74,Whirlpool,Full Console Dishwasher with 4 Automatic Cycles - DU1055XTSB,,80000000000747,whirlpool,full console dishwasher with 4 automatic cycles - du1055xtsb,,80000000000747,,,,,,,,Whirlpool 24' Built-In Dishwasher - DU1055BK,,80000000000747,,
abt-buy_0751,140,Whirlpool,Pedistal for Duet Sport Electric Washer/Dryer - WHP1000SQ,,80000000001407,whirlpool,pedistal for duet sport electric washer/dryer - whp1000sq,,80000000001407,,,,,,,,Whirlpool 10' WHP1000SQ Duet Washer And Dryer White Pedestal Without Drawer - WHP1000WH,,80000000001407,,
abt-buy_0752,830,Samsung,"Samsung PN63A650 - 63' Widescreen 1080p Plasma HDTV - 1,000,000:1 Dynamic Contrast Ratio - Touch of Color Design - PN63A650T",,80000000008307,samsung,"samsung pn63a650 - 63' widescreen 1080p plasma hdtv - 1,000,000:1 dynamic contrast ratio - touch of color design - pn63a650t",,80000000008307,,,,,,,,Samsung 63' Black Flat Panel Series 6 Plasma HDTV - PN63A650,,80000000008307,,
abt-buy_0753,909,Toshiba,15' LCD HDTV/DVD Combo Black - 15LV505,,80000000009097,toshiba,15' lcd hdtv/dvd combo black - 15lv505,,80000000009097,,,,,,,,Toshiba Black 15' LCD Flat Panel HDTV/DVD Combo - 15LV505,,80000000009097,,
abt-buy_0754,895,Toshiba,Toshiba 22LV506 22' TV/DVD Combo,,80000000008957,toshiba,toshiba 22lv506 22' tv/dvd combo,,80000000008957,,,,,,,,Toshiba 22' LCD HDTV With Built In DVD Player In White - 22LV506,,80000000008957,,
abt-buy_0755,832,Toshiba,Toshiba XD-E500 Upconversion DVD Player,,80000000008327,toshiba,toshiba xd-e500 upconversion dvd player,,80000000008327,,,,,,,,Toshiba XDE Black 1080p Upconversion Extended Detail DVD Player - XDE500,,80000000008327,,
abt-buy_0756,960,Jabra,Jabra BT2070 Bluetooth Headset - 100-92070000-02,,80000000009607,jabra,jabra bt2070 bluetooth headset - 100-92070000-02,,80000000009607,,,,,,,,Jabra Bluetooth Headset - BT2070,,80000000009607,,
abt-buy_0757,1013,Logitech,"Logitech diNovo Edge, Mac Edition - 920-000924",,80000000010137,logitech,"logitech dinovo edge, mac edition - 920-000924",,80000000010137,,,,,,,,Logitech diNovo Edge Keyboard Mac Edition - 920000924,,80000000010137,,
abt-buy_0758,938,Panasonic,"Panasonic HD 3MOS 60GB Hard Disk Drive/SD Hybrid Camcorder with Advanced Optical Image Stabilizer, Leica Lens, 12x Optical Zoom, 2.7' Wide LCD and Records to Internal Hard Drive and SD Card - HDC-HS100K",,80000000009387,panasonic,"panasonic hd 3mos 60gb hard disk drive/sd hybrid camcorder with advanced optical image stabilizer, leica lens, 12x optical zoom, 2.7' wide lcd and records to internal hard drive and sd card - hdc-hs100k",,80000000009387,,,,,,,,Panasonic Black High Defintion 60GB Hard Disk Drive/SD Hybrid Camcorder - HDCHS100K,,80000000009387,,
abt-buy_0759,682,"TOMTOM, INC.",TomTom XL 330 S Portable GPS Sysytem - Text to Speech - 4.3' Touchscreen - 1EG0.052.01,,80000000006827,"tomtom, inc.",tomtom xl 330 s portable gps sysytem - text to speech - 4.3' touchscreen - 1eg0.052.01,,80000000006827,,,,,,,,TomTom ONE XL 330S Car GPS Navigation System - 1EG005201,,80000000006827,,
abt-buy_0760,877,Nikon,SB-900 AF SPEEDLIGHT W/-STND DIFFSN DOME FLT SET - 4807,,80000000008777,nikon,sb-900 af speedlight w/-stnd diffsn dome flt set - 4807,,80000000008777,,,,,,,,Nikon SB-900 AF Speedlight In Black - SB900,,80000000008777,,
abt-buy_0761,905,Olympus,"Olympus Stylus 1050 SW 10 Megapixel Digital Camera w/ 3x optical zoom, 2.7' LCD, Waterproof, Shockproof & Freezeproof, Tap Control, & Face Detection - Black - 226455",,80000000009057,olympus,"olympus stylus 1050 sw 10 megapixel digital camera w/ 3x optical zoom, 2.7' lcd, waterproof, shockproof & freezeproof, tap control, & face detection - black - 226455",,80000000009057,,,,,,,,Olympus Stylus 1050 SW Black Digital Camera - STYLUS1050SWB,,80000000009057,,
abt-buy_0762,995,Olympus,"Olympus SP-565 UZ 10 Megapixel Digital Camera w/ 20x Wide-Angle Optical Zoom, Sensor-Shift Image Stabilization, Face Detection, & 13.5 fps Hight-Speed Sequential Shooting - 226480",,80000000009957,olympus,"olympus sp-565 uz 10 megapixel digital camera w/ 20x wide-angle optical zoom, sensor-shift image stabilization, face detection, & 13.5 fps hight-speed sequential shooting - 226480",,80000000009957,,,,,,,,Olympus Black 10 Megapixels Digital Camera - SP565UZ,,80000000009957,,
abt-buy_0763,965,Canon,Canon PIXMA MP480 Color Inkjet All-In-One Photo Printer - 2918B002,,80000000009657,canon,canon pixma mp480 color inkjet all-in-one photo printer - 2918b002,,80000000009657,,,,,,,,Canon PIXMA Photo All-In-One Printer - MP480,,80000000009657,,
abt-buy_0764,875,Nikon,"Nikon COOLPIX S60 10 Megapixel Digital Camera w/ 5x Optical Zoom, Optical VR Image Stabilization, 3.5' High Res Touch Panel LCD, HD Pictmotion Slide Shows, & Autofocus and Auto Exposure - Pink - 26132",,80000000008757,nikon,"nikon coolpix s60 10 megapixel digital camera w/ 5x optical zoom, optical vr image stabilization, 3.5' high res touch panel lcd, hd pictmotion slide shows, & autofocus and auto exposure - pink - 26132",,80000000008757,,,,,,,,Nikon Pink 10 Megapixel COOLPIX Digital Camera - COOLPIXS60PNK,,80000000008757,,
abt-buy_0765,869,Nikon,Nikon Coolpix S610 Digital Camera - Midnight Black - 26125,,80000000008697,nikon,nikon coolpix s610 digital camera - midnight black - 26125,,80000000008697,,,,,,,,Nikon CoolPix S610 10 Megapixel Black  Digital Camera - COOLPIXS610BK,,80000000008697,,
abt-buy_0766,866,Nikon,"Nikon COOLPIX P6000 13 Megapixels Digital Camera w/ 4x Wide Angle Optical Zoom, 2.7' Hi-Res LCD, Optical VR Image Stabilization, Face Priority AF & TV Movies with Sound - Black - 26135",,80000000008667,nikon,"nikon coolpix p6000 13 megapixels digital camera w/ 4x wide angle optical zoom, 2.7' hi-res lcd, optical vr image stabilization, face priority af & tv movies with sound - black - 26135",,80000000008667,,,,,,,,Nikon Black 13.5 Megapixel COOLPIX Digital Camera - COOLPIXP6000BK,,80000000008667,,
abt-buy_0767,867,Nikon,"Nikon COOLPIX S710 14 Megapixel Digital Camera w/3.6x Optical Wide-Angle Zoom, 3' LCD, Smile Mode, In-Camera Red-Eye Fix - Black - 26127",,80000000008677,nikon,"nikon coolpix s710 14 megapixel digital camera w/3.6x optical wide-angle zoom, 3' lcd, smile mode, in-camera red-eye fix - black - 26127",,80000000008677,,,,,,,,Nikon Graphite Black 14.5 Megapixel COOLPIX Digital Camera - COOLPIXS710BK,,80000000008677,,
abt-buy_0768,1040,Canon,Canon CL-211 Color Ink Cartridge For PIXMA MP240 and MP480 Printers - 2976B001,,80000000010407,canon,canon cl-211 color ink cartridge for pixma mp240 and mp480 printers - 2976b001,,80000000010407,,,,,,,,Canon Printer Color Ink Cartridge - CL211,,80000000010407,,
abt-buy_0769,929,Toshiba,Toshiba 32AV502 - 31.5' Widescreen 720p LCD HDTV w/ Cinespeed - Piano Black - 32av502u,,80000000009297,toshiba,toshiba 32av502 - 31.5' widescreen 720p lcd hdtv w/ cinespeed - piano black - 32av502u,,80000000009297,,,,,,,,Toshiba 32' Black LCD Flat Panel HDTV - 32AV502U,,80000000009297,,
abt-buy_0770,984,Toshiba,Toshiba 26AV502U - 26' Widescreen 720p LCD HDTV - Piano Black,,80000000009847,toshiba,toshiba 26av502u - 26' widescreen 720p lcd hdtv - piano black,,80000000009847,,,,,,,,Toshiba 26' Black LCD HDTV - 26AV502U,,80000000009847,,
abt-buy_0771,857,Onkyo,"TX-SR806B Receiver (7.1 Channels, 130 W/Channel, 0.08% THD, Supports 8 Devices) - TXSR806B",,80000000008577,onkyo,"tx-sr806b receiver (7.1 channels, 130 w/channel, 0.08% thd, supports 8 devices) - txsr806b",,80000000008577,,,,,,,,Onkyo THX Ultra 2 Plus Certified 7.1 Channel Home Theater Black Receiver - TXSR806B,,80000000008577,,
abt-buy_0772,898,Garmin,"Garmin nuVi 265WT - 4.3' Widescreen GPS w/Text to Speech, Bluetooth, Where Am I?, Connect Photos - 010-00575-10",,80000000008987,garmin,"garmin nuvi 265wt - 4.3' widescreen gps w/text to speech, bluetooth, where am i?, connect photos - 010-00575-10",,80000000008987,,,,,,,,Garmin Nuvi 265WT GPS Navigation System - 0100057510,,80000000008987,,
abt-buy_0773,896,Garmin,"Garmin 265T - 3.5' GPS w/Bluetooth, Text To Speech, Where Am I?, Connect Photos - 010-00576-10",,80000000008967,garmin,"garmin 265t - 3.5' gps w/bluetooth, text to speech, where am i?, connect photos - 010-00576-10",,80000000008967,,,,,,,,Garmin Nuvi 265T GPS Navigation System - 0100057610,,80000000008967,,
abt-buy_0774,908,Garmin,Garmin AUTO NAV - 010-00715-20,,80000000009087,garmin,garmin auto nav - 010-00715-20,,80000000009087,,,,,,,,Garmin Nuvi 765T GPS Navigation System - 0100071520,,80000000009087,,
abt-buy_0775,943,Sony,Sony BRAVIA DAV-IS50/B Home Theater System,,80000000009437,sony,sony bravia dav-is50/b home theater system,,80000000009437,,,,,,,,Sony BRAVIA Theater Black Micro System - DAVIS50B,,80000000009437,,
abt-buy_0776,829,iHome,iHome iH70SRC 15 Watt Computer Speakers with iPod Syncing/Charging Dock - IH70SRC,,80000000008297,ihome,ihome ih70src 15 watt computer speakers with ipod syncing/charging dock - ih70src,,80000000008297,,,,,,,,iHome Silver Computer Speakers With iPod Dock - IH70S,,80000000008297,,
abt-buy_0777,836,iHome,iHome IP47BR Bluetooth Clock Radio & Speakerphone for iPhone & iPod - iP47BR,,80000000008367,ihome,ihome ip47br bluetooth clock radio & speakerphone for iphone & ipod - ip47br,,80000000008367,,,,,,,,iHome iPod & iPhone Bluetooth Alarm Clock Radio System - IP47,,80000000008367,,
abt-buy_0778,71,Mosquito Magnet,Mosquito Magnet Defender Net (replacement),,80000000000717,mosquito magnet,mosquito magnet defender net (replacement),,80000000000717,,,,,,,,Mosquito Magnet Defender Replacement Net - MM4000NET1,,80000000000717,,
abt-buy_0779,993,Toshiba,Toshiba 40RV525U - 40' Widescreen 1080p LCD HDTV w/ Cinespeed - Piano Black,,80000000009937,toshiba,toshiba 40rv525u - 40' widescreen 1080p lcd hdtv w/ cinespeed - piano black,,80000000009937,,,,,,,,Toshiba 40' Black Flat Panel LCD HDTV - 40RV525U,,80000000009937,,
abt-buy_0780,945,Toshiba,Toshiba 42RV535U - 42' Widescreen 1080p LCD HDTV w/ Cinespeed - Piano Black,,80000000009457,toshiba,toshiba 42rv535u - 42' widescreen 1080p lcd hdtv w/ cinespeed - piano black,,80000000009457,,,,,,,,Toshiba 42' Regza TheaterWide Black Flat Panel LCD HDTV - 42RV535U,,80000000009457,,
abt-buy_0781,946,Toshiba,Toshiba 52RV535U - 52' Widescreen 1080p LCD HDTV w/ Cinespeed - Piano Black,,80000000009467,toshiba,toshiba 52rv535u - 52' widescreen 1080p lcd hdtv w/ cinespeed - piano black,,80000000009467,,,,,,,,Toshiba 52' Regza Black Flat Panel LCD HDTV - 52RV535U,,80000000009467,,
abt-buy_0782,310,Eureka,ELECTROLUX STICK VACUUM REPLACES EL1000A,,80000000003107,eureka,electrolux stick vacuum replaces el1000a,,80000000003107,,,,,,,,Electrolux Pronto 2 In 1 Lightweight Upright Vacuum - EL1000B,,80000000003107,,
abt-buy_0783,958,BlueAnt,BLUEANT BLUETOOTH HS DUAL MIC NIC - 091004,,80000000009587,blueant,blueant bluetooth hs dual mic nic - 091004,,80000000009587,,,,,,,,BlueAnt Bluetooth Voice Control Headset - V1,,80000000009587,,
abt-buy_0784,925,Yamaha,Yamaha YAS-71 Front Surround System - YAS-71BL,,80000000009257,yamaha,yamaha yas-71 front surround system - yas-71bl,,80000000009257,,,,,,,,Yamaha YAS-71 Black Front Surround System - YAS71BK,,80000000009257,,
abt-buy_0785,903,Canon,Canon PowerShot SX110 IS Digital Camera - Silver - 2666B001,,80000000009037,canon,canon powershot sx110 is digital camera - silver - 2666b001,,80000000009037,,,,,,,,Canon PowerShot Black Digital Camera - SX110ISB,,80000000009037,,
abt-buy_0786,904,Canon,Canon PowerShot A1000 IS Digital Camera - Gray - 3210B001,,80000000009047,canon,canon powershot a1000 is digital camera - gray - 3210b001,,80000000009047,,,,,,,,Canon PowerShot A1000 IS Gray Digital Camera - A1000ISG,,80000000009047,,
abt-buy_0787,1047,SMITH MICRO,VMware Fusion 2 - VMFM20BX2,,80000000010477,smith micro,vmware fusion 2 - vmfm20bx2,,80000000010477,,,,,,,,VMware Fusion 2 For Mac - VMFM20BX2,,80000000010477,,
abt-buy_0788,961,Canon,Canon CLI-221 Black Ink Cartridge - 2946B001,,80000000009617,canon,canon cli-221 black ink cartridge - 2946b001,,80000000009617,,,,,,,,Canon Printer Black Ink Cartridge - CLI221BLK,,80000000009617,,
abt-buy_0789,962,Canon,Canon CLI-221 Gray Ink Cartridge - 2950B001,,80000000009627,canon,canon cli-221 gray ink cartridge - 2950b001,,80000000009627,,,,,,,,Canon Printer Gray Ink Cartridge - CLI221GRY,,80000000009627,,
abt-buy_0790,963,Canon,Canon CLI-221 Yellow Ink Cartridge - 2949B001,,80000000009637,canon,canon cli-221 yellow ink cartridge - 2949b001,,80000000009637,,,,,,,,Canon Printer Yellow Ink Cartridge - CLI221YEL,,80000000009637,,
abt-buy_0791,906,Nikon,Nikon D90 Digital SLR Camera with AF-S DX Nikkor 18-105mm f/3.5-5.6G ED VR Lens - 25448,,80000000009067,nikon,nikon d90 digital slr camera with af-s dx nikkor 18-105mm f/3.5-5.6g ed vr lens - 25448,,80000000009067,,,,,,,,Nikon D90 Black Digital SLR Camera With Nikkor 18-105mm Lens - D90OUTFIT,,80000000009067,,
abt-buy_0792,907,Nikon,"Nikon D90 12 Megapixel Digital SLR Camera w/ 3' LCD, Live View, 4.5 fps Burst & In-Camera Image Editing - Body Only - 25446",,80000000009077,nikon,"nikon d90 12 megapixel digital slr camera w/ 3' lcd, live view, 4.5 fps burst & in-camera image editing - body only - 25446",,80000000009077,,,,,,,,Nikon D90 Black Digital SLR Camera - D90BODY,,80000000009077,,
abt-buy_0793,927,Canon,Canon PIXMA iP4600 Inkjet Color Photo Printer - 2909B002,,80000000009277,canon,canon pixma ip4600 inkjet color photo printer - 2909b002,,80000000009277,,,,,,,,Canon PIXMA Black Photo Printer - IP4600,,80000000009277,,
abt-buy_0794,1017,Sony,Sony VAIO JS All-in-One Desktop - VGCJS130J/B,,80000000010177,sony,sony vaio js all-in-one desktop - vgcjs130j/b,,80000000010177,,,,,,,,Sony VAIO JS Series Black All-In-One Desktop Computer - VGCJS130JB,,80000000010177,,
abt-buy_0795,850,Samsung,"LN52A860 52' LCD TV (Widescreen, 1920x1080, HDTV)",,80000000008507,samsung,"ln52a860 52' lcd tv (widescreen, 1920x1080, hdtv)",,80000000008507,,,,,,,,Samsung 52' Series 8 LCD Black Flat Panel HDTV - LN52A860,,80000000008507,,
abt-buy_0796,854,Samsung,Samsung 9 Series LN55A950 55' LCD TV,,80000000008547,samsung,samsung 9 series ln55a950 55' lcd tv,,80000000008547,,,,,,,,Samsung 55' Series 9 LCD Black Flat Panel HDTV - LN55A950,,80000000008547,,
abt-buy_0797,911,TiVo,TiVo TCD658000 - HD XL Digital Video Recorder,,80000000009117,tivo,tivo tcd658000 - hd xl digital video recorder,,80000000009117,,,,,,,,TiVo HD XL Black Digital Video Recorder - TCD658000,,80000000009117,,
abt-buy_0798,910,Canon,Canon PIXMA MP620 Wireless Photo All-In-One Inkjet Printer - 2921B002,,80000000009107,canon,canon pixma mp620 wireless photo all-in-one inkjet printer - 2921b002,,80000000009107,,,,,,,,Canon PIXMA Photo All-In-One Printer - MP620,,80000000009107,,
abt-buy_0799,928,Canon,Canon PIXMA MP980 Wireless All-in-One Color Photo Inkjet Printer - 2922B002,,80000000009287,canon,canon pixma mp980 wireless all-in-one color photo inkjet printer - 2922b002,,80000000009287,,,,,,,,Canon PIXMA Photo All-In-One Printer - MP980,,80000000009287,,
abt-buy_0800,977,Sony,Sony VAIO RT All-in-One Desktop - VGCRT150Y,,80000000009777,sony,sony vaio rt all-in-one desktop - vgcrt150y,,80000000009777,,,,,,,,Sony VAIO RT Series Black All-In-One Desktop Computer - VGCRT150Y,,80000000009777,,
abt-buy_0801,976,Sony,Sony VAIO LV All-in-One Desktop - VGCLV150J,,80000000009767,sony,sony vaio lv all-in-one desktop - vgclv150j,,80000000009767,,,,,,,,Sony VAIO LV Series Silver All-In-One Desktop Computer - VGCLV150J,,80000000009767,,
abt-buy_0802,930,Sony,Sony VAIO AW110J/H Notebook - VGNAW110J/H,,80000000009307,sony,sony vaio aw110j/h notebook - vgnaw110j/h,,80000000009307,,,,,,,,Sony VAIO AW Series Titanium Grey Notebook Computer - VGNAW110JH,,80000000009307,,
abt-buy_0803,890,Canon,Canon VIXIA HG20 High Definition Camcorder - 3085B001AA,,80000000008907,canon,canon vixia hg20 high definition camcorder - 3085b001aa,,80000000008907,,,,,,,,Canon VIXIA 60GB High Definition Hard Disc Drive Black Camcorder - HG20,,80000000008907,,
abt-buy_0804,889,Canon,Canon VIXIA HG21 High Definition Camcorder - 2704B001AA,,80000000008897,canon,canon vixia hg21 high definition camcorder - 2704b001aa,,80000000008897,,,,,,,,Canon VIXIA 120GB High Definition Hard Disc Drive Black Camcorder - HG21,,80000000008897,,
abt-buy_0805,452,Canon,Canon DC310 Digital Camcorder - 2694B001,,80000000004527,canon,canon dc310 digital camcorder - 2694b001,,80000000004527,,,,,,,,Canon DVD Camcorder - DC310,,80000000004527,,
abt-buy_0806,707,Sony,Sony ICF-S79W Weather Band Digital Shower Radio - ICFS79W,,80000000007077,sony,sony icf-s79w weather band digital shower radio - icfs79w,,80000000007077,,,,,,,,Sony Splash Resistant Shower Radio - ICFS79W,,80000000007077,,
abt-buy_0807,565,Sony,Sony DVP-NC800H/S DVD Player - DVP-NC800HS,,80000000005657,sony,sony dvp-nc800h/s dvd player - dvp-nc800hs,,80000000005657,,,,,,,,Sony Silver 1080p Upscaling 5-Disc DVD Player - DVPNC800HS,,80000000005657,,
abt-buy_0808,675,Sony,Sony BRAVIA M Series KDL-19M4000 19' LCD TV - kdl19m4000s,,80000000006757,sony,sony bravia m series kdl-19m4000 19' lcd tv - kdl19m4000s,,80000000006757,,,,,,,,Sony 19' BRAVIA M-Series Silver LCD Flat Panel HDTV - KDL19M4000S,,80000000006757,,
abt-buy_0809,40,GE,GE GSD4000NWW Dishwasher with 5 Wash Cycles STD TUB ESTAR ( White) - gsd4000nww,,80000000000407,ge,ge gsd4000nww dishwasher with 5 wash cycles std tub estar ( white) - gsd4000nww,,80000000000407,,,,,,,,GE GSD4000NWW White Built-In Dishwasher - GSD4000WH,,80000000000407,,
abt-buy_0810,328,GE,GE GSD2400NWW Dishwasher with 5 Wash Cycles - gsd2400nww,,80000000003287,ge,ge gsd2400nww dishwasher with 5 wash cycles - gsd2400nww,,80000000003287,,,,,,,,GE 24' GSD2400NWW White Built-In Dishwasher - GSD2400WH,,80000000003287,,
abt-buy_0811,931,Sony,Sony VAIO CS110E/R Notebook - VGNCS110E/R,,80000000009317,sony,sony vaio cs110e/r notebook - vgncs110e/r,,80000000009317,,,,,,,,Sony VAIO CS Series Red Notebook Computer - VGNCS110ER,,80000000009317,,
abt-buy_0812,878,Samsung,Samsung 9 Series LN46A950 46' LCD TV,,80000000008787,samsung,samsung 9 series ln46a950 46' lcd tv,,80000000008787,,,,,,,,Samsung 46' Series 9 LCD Black Flat Panel HDTV - LN46A950,,80000000008787,,
abt-buy_0813,856,Onkyo,Onkyo TX-SR706 A/V Receiver - TXSR706B,,80000000008567,onkyo,onkyo tx-sr706 a/v receiver - txsr706b,,80000000008567,,,,,,,,Onkyo THX Select2 Plus Certified 7.1 Channel Home Theater Black Receiver - TXSR706B,,80000000008567,,
abt-buy_0814,936,Sony,Sony VAIO NS190J/S Notebook - VGNNS190J/S,,80000000009367,sony,sony vaio ns190j/s notebook - vgnns190j/s,,80000000009367,,,,,,,,Sony VAIO NS Series Silver Notebook Computer - VGNNS190JS,,80000000009367,,
abt-buy_0815,947,Canon,Canon PowerShot SX10 IS Digital Camera - 2665B001,,80000000009477,canon,canon powershot sx10 is digital camera - 2665b001,,80000000009477,,,,,,,,Canon PowerShot Black 10 Megapixel Digital Camera - SX10IS,,80000000009477,,
abt-buy_0816,988,Canon,Canon PowerShot SD880 IS Digital Camera - Silver - 3197B001,,80000000009887,canon,canon powershot sd880 is digital camera - silver - 3197b001,,80000000009887,,,,,,,,Canon Silver PowerShot Digital Camera - SD880IS,,80000000009887,,
abt-buy_0817,949,Canon,"Canon PowerShot SD990 IS 14 Megapixel Digital Camera w/ 3.7x Optical Zoom, UA Len, Face Detection, 2.5 LCD, & ISO 1600 - Black - 2669B001",,80000000009497,canon,"canon powershot sd990 is 14 megapixel digital camera w/ 3.7x optical zoom, ua len, face detection, 2.5 lcd, & iso 1600 - black - 2669b001",,80000000009497,,,,,,,,Canon PowerShot Black 14.7 Megapixel Digital Camera - SD990ISB,,80000000009497,,
abt-buy_0818,948,Canon,"Canon PowerShot G10 14 Megapixel Digital Camera w/ 28mm Wide Lens, 5x Optical Zoom, 3' LCD, Face Detection & Red Eye Correction - 2663B001",,80000000009487,canon,"canon powershot g10 14 megapixel digital camera w/ 28mm wide lens, 5x optical zoom, 3' lcd, face detection & red eye correction - 2663b001",,80000000009487,,,,,,,,Canon PowerShot Black 14.7 Megapixel Digital Camera - G10,,80000000009487,,
abt-buy_0819,924,Apple,Apple iPod Shuffle 1GB Flash MP3 Player - MB811LL/A,,80000000009247,apple,apple ipod shuffle 1gb flash mp3 player - mb811ll/a,,80000000009247,,,,,,,,Apple 1GB Pink 2nd Generation iPod Shuffle - MB811LLA,,80000000009247,,
abt-buy_0820,1066,NOKIA - N SERIES - MULTIMEDIA,"Nokia N96 Unlocked Phone - 16GB, 5MP Camera with Carl Zeiss Optics and Dual-LED Flash and Auto-Focus, Built-In GPS, WiFi, - 002G6Q3",,80000000010667,nokia - n series - multimedia,"nokia n96 unlocked phone - 16gb, 5mp camera with carl zeiss optics and dual-led flash and auto-focus, built-in gps, wifi, - 002g6q3",,80000000010667,,,,,,,,Nokia T-Mobile Unlocked Cellular Phone - N96,,80000000010667,,
abt-buy_0821,1059,Belkin,Belkin Folio for iPod touch - F8Z373,,80000000010597,belkin,belkin folio for ipod touch - f8z373,,80000000010597,,,,,,,,Belkin Leather Folio For 2G iPod Touch - F8Z373,,80000000010597,,
abt-buy_0822,1009,Griffin,Griffin 8245-IP2MGNFI Clarifi Protective case for Smartphone,,80000000010097,griffin,griffin 8245-ip2mgnfi clarifi protective case for smartphone,,80000000010097,,,,,,,,Griffin Black iPhone 3G Clarifi Protective Case With Built-In Close-Up Lens - 8245IP2MGNFI,,80000000010097,,
abt-buy_0823,848,Samsung,"Samsung LN46A860 46' LCD TV (Widescreen, 1920x1080, 50000:1, HDTV)",,80000000008487,samsung,"samsung ln46a860 46' lcd tv (widescreen, 1920x1080, 50000:1, hdtv)",,80000000008487,,,,,,,,Samsung 46' Series 8 LCD Black Flat Panel HDTV - LN46A860,,80000000008487,,
abt-buy_0824,950,Canon,"Canon PowerShot SD990 IS 14 Megapixel Digital Camera w/ 3.7x Optical Zoom, UA Len, Face Detection, 2.5 LCD, & ISO 1600 - Silver - 3191B001",,80000000009507,canon,"canon powershot sd990 is 14 megapixel digital camera w/ 3.7x optical zoom, ua len, face detection, 2.5 lcd, & iso 1600 - silver - 3191b001",,80000000009507,,,,,,,,Canon PowerShot Silver 14.7 Megapixel Digital Camera - SD990IS,,80000000009507,,
abt-buy_0825,868,Apple,AppleCare for iPod touch or iPod classic - MB591LL/A,,80000000008687,apple,applecare for ipod touch or ipod classic - mb591ll/a,,80000000008687,,,,,,,,AppleCare Protection Plan For iPod Touch Or iPod Classic - MB591LLA,,80000000008687,,
abt-buy_0826,914,Apple,Apple iPod touch 32GB Flash Portable Media Player - MB533LL/A,,80000000009147,apple,apple ipod touch 32gb flash portable media player - mb533ll/a,,80000000009147,,,,,,,,Apple 32GB Black 2nd Generation iPod Touch - MB533LLA,,80000000009147,,
abt-buy_0827,922,Apple,Apple iPod Classic 120GB Hard Drive Portable Media Player - MB562LL/A,,80000000009227,apple,apple ipod classic 120gb hard drive portable media player - mb562ll/a,,80000000009227,,,,,,,,Apple 120GB Silver 7th Generation iPod Classic - MB562LLA,,80000000009227,,
abt-buy_0828,915,Apple,Apple 8GB iPod nano Silver (4th Generation) - MB598LL/A,,80000000009157,apple,apple 8gb ipod nano silver (4th generation) - mb598ll/a,,80000000009157,,,,,,,,Apple 8GB Silver 4th Generation iPod Nano - MB598LLA,,80000000009157,,
abt-buy_0829,916,Apple,Apple 8GB iPod nano Blue (4th Generation) - MB732LL/A,,80000000009167,apple,apple 8gb ipod nano blue (4th generation) - mb732ll/a,,80000000009167,,,,,,,,Apple 8GB Blue 4th Generation iPod Nano - MB732LLA,,80000000009167,,
abt-buy_0830,917,Apple,Apple 8GB iPod nano Pink (4th Generation) - MB735LL/A,,80000000009177,apple,apple 8gb ipod nano pink (4th generation) - mb735ll/a,,80000000009177,,,,,,,,Apple 8GB Pink 4th Generation iPod Nano - MB735LLA,,80000000009177,,
abt-buy_0831,918,Apple,Apple 8GB iPod nano Purple (4th Generation) - MB739LL/A,,80000000009187,apple,apple 8gb ipod nano purple (4th generation) - mb739ll/a,,80000000009187,,,,,,,,Apple 8GB Purple 4th Generation iPod Nano - MB739LLA,,80000000009187,,
abt-buy_0832,920,Apple,Apple 8GB iPod nano Green (4th Generation) - MB745LL/A,,80000000009207,apple,apple 8gb ipod nano green (4th generation) - mb745ll/a,,80000000009207,,,,,,,,Apple 8GB Green 4th Generation iPod Nano - MB745LLA,,80000000009207,,
abt-buy_0833,923,Apple,Apple iPod Classic 120GB Hard Drive Portable Media Player - MB565LL/A,,80000000009237,apple,apple ipod classic 120gb hard drive portable media player - mb565ll/a,,80000000009237,,,,,,,,Apple 120GB Black 7th Generation iPod Classic - MB565LLA,,80000000009237,,
abt-buy_0834,921,Apple,Apple 8GB iPod nano Black (4th Generation) - MB754LL/A,,80000000009217,apple,apple 8gb ipod nano black (4th generation) - mb754ll/a,,80000000009217,,,,,,,,Apple 8GB Black 4th Generation iPod Nano - MB754LLA,,80000000009217,,
abt-buy_0835,919,Apple,Apple iPod nano 16GB Flash Portable Media Player - MB913LL/A,,80000000009197,apple,apple ipod nano 16gb flash portable media player - mb913ll/a,,80000000009197,,,,,,,,Apple 16GB Green 4th Generation iPod Nano - MB913LLA,,80000000009197,,
abt-buy_0836,858,Panasonic,Panasonic Lumix DMC-FZ28 Digital Camera - Black,,80000000008587,panasonic,panasonic lumix dmc-fz28 digital camera - black,,80000000008587,,,,,,,,Panasonic Black Lumix 10.1 Megapixel Digital Camera - DMCFZ28K,,80000000008587,,
abt-buy_0837,1058,Belkin,Belkin Switch-to-Mac Cable - F4U001,,80000000010587,belkin,belkin switch-to-mac cable - f4u001,,80000000010587,,,,,,,,Belkin White Switch-To-Mac Cable - F4U001,,80000000010587,,
abt-buy_0838,912,Apple,Apple iPod touch 8GB Flash Portable Media Player - MB528LLA,,80000000009127,apple,apple ipod touch 8gb flash portable media player - mb528lla,,80000000009127,,,,,,,,Apple 8GB Black 2nd Generation iPod Touch - MB528LLA,,80000000009127,,
abt-buy_0839,913,Apple,Apple iPod touch 16GB Flash Portable Media Player - MB531LLA,,80000000009137,apple,apple ipod touch 16gb flash portable media player - mb531lla,,80000000009137,,,,,,,,Apple 16GB Black 2nd Generation iPod Touch - MB531LLA,,80000000009137,,
abt-buy_0840,941,Canon,"Canon EOS 50D 15 Megapixel SLR Digital Camera with Live View & Face Detection, 3' LCD, 6.3fps & DIGIC 4 Image Processor - Body Only - 2807B006",,80000000009417,canon,"canon eos 50d 15 megapixel slr digital camera with live view & face detection, 3' lcd, 6.3fps & digic 4 image processor - body only - 2807b006",,80000000009417,,,,,,,,Canon Black EOS 50D Digital SLR Camera Body - EOS50DBODY,,80000000009417,,
abt-buy_0841,942,Canon,"Canon EOS 50D 15 Megapixel SLR Digital Camera w/28-135MM IS USM Lens, Live View & Face Detection, 3' LCD, 6.3fps, DIGIC 4 Image Processor & HDMI output - 2807B005",,80000000009427,canon,"canon eos 50d 15 megapixel slr digital camera w/28-135mm is usm lens, live view & face detection, 3' lcd, 6.3fps, digic 4 image processor & hdmi output - 2807b005",,80000000009427,,,,,,,,Canon Black EOS 50D Digital SLR Camera With 28-135MM Lens - 50D28135,,80000000009427,,
abt-buy_0842,996,Coby,Coby Electronics TF-TV1514 15' LCD TV,,80000000009967,coby,coby electronics tf-tv1514 15' lcd tv,,80000000009967,,,,,,,,Coby Black 15' Widescreen Flat Panel LCD HDTV - TFTV1514,,80000000009967,,
abt-buy_0843,603,LG Electronics,"LG 42PG20 - 42' Widescreen 720p Plasma HDTV - 20,000:1 Dynamic Contrast Ratio",,80000000006037,lg electronics,"lg 42pg20 - 42' widescreen 720p plasma hdtv - 20,000:1 dynamic contrast ratio",,80000000006037,,,,,,,,LG 42' Black Plasma Flat Panel HDTV - 42PG20,,80000000006037,,
abt-buy_0844,742,Sony,SONY 42IN BRAVIA LCD V-SERIES 1080P HDTV - KDL42V4100,,80000000007427,sony,sony 42in bravia lcd v-series 1080p hdtv - kdl42v4100,,80000000007427,,,,,,,,Sony 42' BRAVIA V Series Black LCD Flat Panel HDTV - KDL42V4100,,80000000007427,,
abt-buy_0845,989,Sony,Sony DPFD80 Digital Photo Frame,,80000000009897,sony,sony dpfd80 digital photo frame,,80000000009897,,,,,,,,Sony 8' Black LCD Digital Photo Frame - DPFD80,,80000000009897,,
abt-buy_0846,634,VholdR,VholdR 2200 Mount Adhesive (Black),,80000000006347,vholdr,vholdr 2200 mount adhesive (black),,80000000006347,,,,,,,,Twenty20 VholdR Mount Adhesive - 2200MA,,80000000006347,,
abt-buy_0847,859,Panasonic,"TH-58PZ850U 58' Plasma TV (Widescreen, 1920x1080, 30,000:1, HDTV) - TH58PZ850U",,80000000008597,panasonic,"th-58pz850u 58' plasma tv (widescreen, 1920x1080, 30,000:1, hdtv) - th58pz850u",,80000000008597,,,,,,,,Panasonic VIERA 58' 1080p Plasma HDTV In Black - TH58PZ850U,,80000000008597,,
abt-buy_0848,384,Motorola,MOTOROLA T305 BLUETOOTH VISOR SPEAKER PHONE CAR KIT - RETAIL - 89082J,,80000000003847,motorola,motorola t305 bluetooth visor speaker phone car kit - retail - 89082j,,80000000003847,,,,,,,,Motorola Portable Bluetooth Car Kit Speaker Phone - T305,,80000000003847,,
abt-buy_0849,944,Jawbone,Aliph Jawbone 2 Silver Bluetooth Headset - Retail - 84442VRP,,80000000009447,jawbone,aliph jawbone 2 silver bluetooth headset - retail - 84442vrp,,80000000009447,,,,,,,,AT&T Aliph Jawbone II Silver Bluetooth Headset - JAWBONE2S,,80000000009447,,
abt-buy_0850,935,Sony,"Sony VAIO CS Series VGN-CS180J/W 14.1-Inch Notebook 2.26 GHz Intel Core 2 Duo P8400 Processor, 4 GB RAM, 320 GB Hard Drive, Blu-ray Drive, Vista Home Premium- White - VGNCS180J/W",,80000000009357,sony,"sony vaio cs series vgn-cs180j/w 14.1-inch notebook 2.26 ghz intel core 2 duo p8400 processor, 4 gb ram, 320 gb hard drive, blu-ray drive, vista home premium- white - vgncs180j/w",,80000000009357,,,,,,,,Sony VAIO CS Series White Notebook Computer - VGNCS180JW,,80000000009357,,
abt-buy_0851,933,Sony,Sony VAIO CS180J/Q Notebook - VGNCS180J/Q,,80000000009337,sony,sony vaio cs180j/q notebook - vgncs180j/q,,80000000009337,,,,,,,,Sony VAIO CS Series Black Notebook Computer - VGNCS180JQ,,80000000009337,,
abt-buy_0852,932,Sony,Sony VAIO CS180J/P Notebook - VGNCS180J/P,,80000000009327,sony,sony vaio cs180j/p notebook - vgncs180j/p,,80000000009327,,,,,,,,Sony VAIO CS Series Pink Notebook Computer - VGNCS180JP,,80000000009327,,
abt-buy_0853,934,Sony,"Sony VAIO CS Series VGN-CS180J/R 14.1-Inch Notebook 2.26 GHz Intel Core 2 Duo P8400 Processor, 4 GB RAM, 320 GB Hard Drive, Blu-ray Drive, Vista Home Premium- Red - VGNCS180J/R",,80000000009347,sony,"sony vaio cs series vgn-cs180j/r 14.1-inch notebook 2.26 ghz intel core 2 duo p8400 processor, 4 gb ram, 320 gb hard drive, blu-ray drive, vista home premium- red - vgncs180j/r",,80000000009347,,,,,,,,Sony VAIO CS Series Red Notebook Computer - VGNCS180JR,,80000000009347,,
abt-buy_0854,647,Sony,SONY IPOD/PHONE DOCK CLOCK RADIO BLACK NIC - ICFC1IPMK2BLK,,80000000006477,sony,sony ipod/phone dock clock radio black nic - icfc1ipmk2blk,,80000000006477,,,,,,,,Sony Black Speaker Dock And Clock Radio For iPod And iPhone - ICFC1IPMK2BLK,,80000000006477,,
abt-buy_0855,414,SDI TECHNOLOGIES - IHOME,IH9B6R BLACK ALARM CLOCK F/IPODPERPCHARGES DOCKED IPOD REMOTE CONTROL,,80000000004147,sdi technologies - ihome,ih9b6r black alarm clock f/ipodperpcharges docked ipod remote control,,80000000004147,,,,,,,,iHome Black Clock Radio Audio System For iPod - IH9BR,,80000000004147,,
abt-buy_0856,1039,Sony,Sony BDV-IS1000 Blu-ray Disc Home-Theater System - Precision Cinema HD via HDMI upscaler / BRAVIA Theatre Sync direct key / x.v.Color / XMB Xross Media Bar / 800Hz Cutoff Frequency,,80000000010397,sony,sony bdv-is1000 blu-ray disc home-theater system - precision cinema hd via hdmi upscaler / bravia theatre sync direct key / x.v.color / xmb xross media bar / 800hz cutoff frequency,,80000000010397,,,,,,,,Sony BD/DVD Home Theater System - BDVIS1000,,80000000010397,,
abt-buy_0857,981,Apple,Apple MacBook Notebook - MB467LLA,,80000000009817,apple,apple macbook notebook - mb467lla,,80000000009817,,,,,,,,Apple MacBook 2.4GHz Intel Core 2 Duo Silver Notebook Computer - MB467LLA,,80000000009817,,
abt-buy_0858,380,VholdR,VholdR Wearable Camcorder (Black) - 1102,,80000000003807,vholdr,vholdr wearable camcorder (black) - 1102,,80000000003807,,,,,,,,Twenty20 VholdR Wearable Camcorder Bundle - 1102,,80000000003807,,
abt-buy_0859,985,Sharp,Sharp AQUOS BD-HP21U Blu-ray Disc Player,,80000000009857,sharp,sharp aquos bd-hp21u blu-ray disc player,,80000000009857,,,,,,,,Sharp AQUOS Blu Ray Disc Player In Black And Silver - BDHP21U,,80000000009857,,
abt-buy_0860,997,Sharp,Sharp AQUOS BD-HP50U Blu-ray Disc Player,,80000000009977,sharp,sharp aquos bd-hp50u blu-ray disc player,,80000000009977,,,,,,,,Sharp AQUOS Black Blu-ray Disc Player - BDHP50U,,80000000009977,,
abt-buy_0861,991,Sharp,Sharp LC-52D85U - 52' Widescreen 1080p LCD HDTV - 120Hz - 4ms Response Time,,80000000009917,sharp,sharp lc-52d85u - 52' widescreen 1080p lcd hdtv - 120hz - 4ms response time,,80000000009917,,,,,,,,Sharp AQUOS 52' D85U Series Black LCD Flat Panel HDTV - LC52D85U,,80000000009917,,
abt-buy_0862,1011,Panasonic,Battery and Bag Bundle for Panasonic Camcorders - VBG-VBB1STRKIT,,80000000010117,panasonic,battery and bag bundle for panasonic camcorders - vbg-vbb1strkit,,80000000010117,,,,,,,,Panasonic Black Hi-Definition Camcorder Starter Kit - VBGVBB1STRKIT,,80000000010117,,
abt-buy_0863,1018,Sharp,Sharp AQUOS LC-42D85U 42' LCD TV,,80000000010187,sharp,sharp aquos lc-42d85u 42' lcd tv,,80000000010187,,,,,,,,Sharp AQUOS 42' Black LCD HDTV - LC42D85U,,80000000010187,,
abt-buy_0864,970,Escort,Escort Passport 9500ix Radar/Laser Detector,,80000000009707,escort,escort passport 9500ix radar/laser detector,,80000000009707,,,,,,,,Escort Passport 9500IX Radar Detector - 9500IX,,80000000009707,,
abt-buy_0865,476,KitchenAid,KITCHENAID KPFP850OB - Food Processor,,80000000004767,kitchenaid,kitchenaid kpfp850ob - food processor,,80000000004767,,,,,,,,KitchenAid ProLine Series 16 Cup Food Processor - KPFP850OB,,80000000004767,,
abt-buy_0866,350,Chestnut Hill,Chestnut Hill CHS40001 Chestnut Hill George Ipod Dock Compact Stereo System,,80000000003507,chestnut hill,chestnut hill chs40001 chestnut hill george ipod dock compact stereo system,,80000000003507,,,,,,,,Chestnut Hill Sound George iPod Music System In White - CHS4001,,80000000003507,,
abt-buy_0867,766,Escort,Escort 9500CI Escort GPS Radar Detector,,80000000007667,escort,escort 9500ci escort gps radar detector,,80000000007667,,,,,,,,Escort Passport 9500CI Radar Detector - 9500CI,,80000000007667,,
abt-buy_0868,537,Sony,Sony ICD-B600 512MB Digital Voice Recorder - ICDB600,,80000000005377,sony,sony icd-b600 512mb digital voice recorder - icdb600,,80000000005377,,,,,,,,Sony Silver Digital Voice Recorder - ICDB600,,80000000005377,,
abt-buy_0869,964,Canon,Canon CLI-221 Color Ink 4-Pack (Black/ Cyan/ Magenta/ Yellow) - 2946B004,,80000000009647,canon,canon cli-221 color ink 4-pack (black/ cyan/ magenta/ yellow) - 2946b004,,80000000009647,,,,,,,,Canon Printer Ink Cartridge 4 Colors Pack - 2946B004,,80000000009647,,
abt-buy_0870,1031,TRANSCEND INFORMATION,Transcend 8GB microSDHC Card - Class 6 - TS8GUSDHC6,,80000000010317,transcend information,transcend 8gb microsdhc card - class 6 - ts8gusdhc6,,80000000010317,,,,,,,,Transcend 8GB Micro Secure Digital Memory Card - TS8GUSDHC6,,80000000010317,,
abt-buy_0871,1037,Pure Digital Technol,Flip Video MinoHD 60 min Black - F460B,,80000000010377,pure digital technol,flip video minohd 60 min black - f460b,,80000000010377,,,,,,,,Flip Video F460 Black Mino HD Camcorder - F460B,,80000000010377,,
abt-buy_0872,968,Samsung,Samsung BDP2500 - BD-P2500,,80000000009687,samsung,samsung bdp2500 - bd-p2500,,80000000009687,,,,,,,,Samsung Black Blu-ray Disc Player - BDP2500,,80000000009687,,
abt-buy_0873,1002,Canon,Canon EOS 5D Mark II Digital SLR Camera - 2764B003,,80000000010027,canon,canon eos 5d mark ii digital slr camera - 2764b003,,80000000010027,,,,,,,,Canon Black 21.1 Megapixel EOS Digital SLR Camera Body - EOS5DMARKIIBODY,,80000000010027,,
abt-buy_0874,874,Onkyo,Onkyo TX-SR876 A/V Receiver - TXSR876B,,80000000008747,onkyo,onkyo tx-sr876 a/v receiver - txsr876b,,80000000008747,,,,,,,,Onkyo 7.1 Channel Home Theater Black Receiver - TXSR876B,,80000000008747,,
abt-buy_0875,876,Onkyo,Onkyo TX-NR906 A/V Receiver - TXNR906B,,80000000008767,onkyo,onkyo tx-nr906 a/v receiver - txnr906b,,80000000008767,,,,,,,,Onkyo THX Ultra2 Certified 7.1 Channel Home Theater Black Receiver - TXNR906B,,80000000008767,,
abt-buy_0876,893,Onkyo,Onkyo TX-8255 A/V Receiver,,80000000008937,onkyo,onkyo tx-8255 a/v receiver,,80000000008937,,,,,,,,Onkyo Black Stereo Receiver - TX8255,,80000000008937,,
abt-buy_0877,899,LG Electronics,LG 42LG30 42' LCD TV,,80000000008997,lg electronics,lg 42lg30 42' lcd tv,,80000000008997,,,,,,,,LG 42' Glossy Piano Black LCD Flat Panel HDTV - 42LG30,,80000000008997,,
abt-buy_0878,475,Apple,Apple 8x DVDRW Drive - MB397G/A,,80000000004757,apple,apple 8x dvdrw drive - mb397g/a,,80000000004757,,,,,,,,Apple MacBook Air SuperDrive - MB397GA,,80000000004757,,
abt-buy_0879,625,Polk Audio,Polk Audio I-Sonic ES2 Entertainment System 2 AM/FM and HD Table Radio - AM1195-A,,80000000006257,polk audio,polk audio i-sonic es2 entertainment system 2 am/fm and hd table radio - am1195-a,,80000000006257,,,,,,,,Polk Audio I-Sonic ES2 - ISONIC,,80000000006257,,
abt-buy_0880,814,Samsung,Samsung SBH500 Stereo Bluetooth Headset,,80000000008147,samsung,samsung sbh500 stereo bluetooth headset,,80000000008147,,,,,,,,Samsung Stereo Bluetooth Headset In Black - SBH500,,80000000008147,,
abt-buy_0881,990,Sony,Sony DPFD100 Digital Photo Frame,,80000000009907,sony,sony dpfd100 digital photo frame,,80000000009907,,,,,,,,Sony 10' Black LCD Digital Photo Frame - DPFD100,,80000000009907,,
abt-buy_0882,1025,Danby,Danby DBC2760BLS 5.0 cu.ft beverage center / 27 bottle wine cooler,,80000000010257,danby,danby dbc2760bls 5.0 cu.ft beverage center / 27 bottle wine cooler,,80000000010257,,,,,,,,Danby Silhouette 60 Cans Beverage Center - DBC2760BLS,,80000000010257,,
abt-buy_0883,777,Danby,Danby DDW497W Countertop Dishwasher,,80000000007777,danby,danby ddw497w countertop dishwasher,,80000000007777,,,,,,,,Danby White Countertop Dishwasher - DDW497WH,,80000000007777,,
abt-buy_0884,880,Sony,Sony BRAVIA XBR Series KDL-46XBR6 46' LCD TV - KDL46XBR6,,80000000008807,sony,sony bravia xbr series kdl-46xbr6 46' lcd tv - kdl46xbr6,,80000000008807,,,,,,,,Sony 46' BRAVIA XBR Series Black LCD Flat Panel HDTV - KDL46XBR6,,80000000008807,,
abt-buy_0885,882,Sony,Sony BRAVIA XBR Series KDL-52XBR6 52' LCD TV - KDL52XBR6,,80000000008827,sony,sony bravia xbr series kdl-52xbr6 52' lcd tv - kdl52xbr6,,80000000008827,,,,,,,,Sony 52' BRAVIA XBR Series Black LCD Flat Panel HDTV - KDL52XBR6,,80000000008827,,
abt-buy_0886,1036,Audiovox,Audiovox DPF701 7-Inch Acrylic Digital Picture Frame,,80000000010367,audiovox,audiovox dpf701 7-inch acrylic digital picture frame,,80000000010367,,,,,,,,Audiovox 7'  Acrylic Digital Photo Frame - DPF701,,80000000010367,,
abt-buy_0887,376,Panasonic,PAN NN-TK903S MICROWAVE OVEN .08 CU. FT.,,80000000003767,panasonic,pan nn-tk903s microwave oven .08 cu. ft.,,80000000003767,,,,,,,,Panasonic 27' Stainless Steel Microwave Trim Kit - TK903SS,,80000000003767,,
abt-buy_0888,1016,SIMPLETECH,Simpletech 2GB SD Card - 3505B001AA,,80000000010167,simpletech,simpletech 2gb sd card - 3505b001aa,,80000000010167,,,,,,,,Canon 2GB SD Secure Digital Card - 3505B001,,80000000010167,,
abt-buy_0889,582,Samsung,Samsung LN32A450 32' 720p LCD HDTV,,80000000005827,samsung,samsung ln32a450 32' 720p lcd hdtv,,80000000005827,,,,,,,,Samsung 32' Black Flat Panel Series 4 LCD HDTV - LN32A450,,80000000005827,,
abt-buy_0890,604,Maytag,Maytag MDB7851AWB Full Console Dishwasher (Black),,80000000006047,maytag,maytag mdb7851awb full console dishwasher (black),,80000000006047,,,,,,,,Maytag JETCLEAN II Black Undercounter Dishwasher - MDB7851BK,,80000000006047,,
abt-buy_0891,46,Whirlpool,Whirlpool DU1100XTPS 24' Undercounter Dishwasher (Stainless Steel),,80000000000467,whirlpool,whirlpool du1100xtps 24' undercounter dishwasher (stainless steel),,80000000000467,,,,,,,,Whirlpool 24' Built-In Dishwasher - DU1100SS,,80000000000467,,
abt-buy_0892,1062,Canon,Canon XH A1S - 3238B001,,80000000010627,canon,canon xh a1s - 3238b001,,80000000010627,,,,,,,,Canon XH A1S Black High Definition HDV Camcorder - XHA1S,,80000000010627,,
abt-buy_0893,1044,Sennheiser,Sennheiser CX380 Sennheiser CX 380 Sport II Grey/Orange,,80000000010447,sennheiser,sennheiser cx380 sennheiser cx 380 sport ii grey/orange,,80000000010447,,,,,,,,Sennheiser Orange And Silver In Ear Headphones - CX380,,80000000010447,,
abt-buy_0894,1068,Apple,IWORK 09 RETAIL-INT DVD - MB942Z/A,,80000000010687,apple,iwork 09 retail-int dvd - mb942z/a,,80000000010687,,,,,,,,Apple iWork 09 Software Individual Pack For Mac - MB942ZA,,80000000010687,,
abt-buy_0895,1069,Apple,IWORK 09 FAMILY PACK-INT DVD - MB943Z/A,,80000000010697,apple,iwork 09 family pack-int dvd - mb943z/a,,80000000010697,,,,,,,,Apple iWork 09 Software Family Pack For Mac - MB943ZA,,80000000010697,,
abt-buy_0896,128,Sony Computer Electronic,PlayStation 2 Memory Card 8MB,,80000000001287,sony computer electronic,playstation 2 memory card 8mb,,80000000001287,,,,,,,,Sony PlayStation 2 8MB Memory Card - Black Finish - 711719702702,,80000000001287,,
abt-buy_0897,129,Sony,SONY 7-11719-70670-0 PS2 8 MB Memory Card 2-pk - 97067,,80000000001297,sony,sony 7-11719-70670-0 ps2 8 mb memory card 2-pk - 97067,,80000000001297,,,,,,,,Sony PlayStation 2 8MB Memory Card (2 Pack) - Red/Blue Finish - 711719706700,,80000000001297,,
abt-buy_0898,127,Sony Computer Electronic,PlayStation 2 DUALSHOCK Analog Controller - Green,,80000000001277,sony computer electronic,playstation 2 dualshock analog controller - green,,80000000001277,,,,,,,,Sony PlayStation 2 DUALSHOCK 2 Analog Controller - Emerald Finish - 711719706205,,80000000001277,,
abt-buy_0899,431,Sennheiser,Sennheiser Nickel metal hydride Battery for Headsets - BA-151,,80000000004317,sennheiser,sennheiser nickel metal hydride battery for headsets - ba-151,,80000000004317,,,,,,,,Sennheiser Rechargeable Nickel-Metal Hydride Battery - BA151,,80000000004317,,
abt-buy_0900,3,Sony,Sony SB-V40S A/V Selector - SBV40S,,80000000000037,sony,sony sb-v40s a/v selector - sbv40s,,80000000000037,,,,,,,,Sony Switcher - SBV40S,,80000000000037,,
abt-buy_0901,12,Panasonic,Panasonic KX-TS208W Corded Phone,,80000000000127,panasonic,panasonic kx-ts208w corded phone,,80000000000127,,,,,,,,Panasonic 2-Line Integrated Telephone System - KXTS208W,,80000000000127,,
abt-buy_0902,35,Garmin,Garmin Canvas Deluxe Carry Case - 010-10231-01,,80000000000357,garmin,garmin canvas deluxe carry case - 010-10231-01,,80000000000357,,,,,,,,Garmin Deluxe Carrying Case - Black Finish - 0101023101,,80000000000357,,
abt-buy_0903,98,Belkin,BELKIN PRO SERIES USB DEVICE CABLE 16 - F3U133-16,,80000000000987,belkin,belkin pro series usb device cable 16 - f3u133-16,,80000000000987,,,,,,,,Belkin Pro Series 16 Ft.  USB 2.0 Cable - F3U13316,,80000000000987,,
abt-buy_0904,20,"OMNIMOUNT SYSTEMS, INC",OmniMount Universal Wall Speaker Mounting Kit - 20.0 WALL-B,,80000000000207,"omnimount systems, inc",omnimount universal wall speaker mounting kit - 20.0 wall-b,,80000000000207,,,,,,,,Omnimount Wall Speaker Mount - 20WLBK,,80000000000207,,
abt-buy_0905,21,"OMNIMOUNT SYSTEMS, INC",OmniMount Stainless Steel Speaker Mount - 20.0 WALL-W,,80000000000217,"omnimount systems, inc",omnimount stainless steel speaker mount - 20.0 wall-w,,80000000000217,,,,,,,,Omnimount Wall Speaker Mount - 20WLWH,,80000000000217,,
abt-buy_0906,31,Sanus,Sanus Euro Foundation Series III Speaker Stand - EFSATSIII,,80000000000317,sanus,sanus euro foundation series iii speaker stand - efsatsiii,,80000000000317,,,,,,,,Sanus Euro Foundations Satellite Speaker Stand - EFSATS,,80000000000317,,
abt-buy_0907,25,Peerless,Peerless Adjustable TV Wall Mount - PM1327,,80000000000257,peerless,peerless adjustable tv wall mount - pm1327,,80000000000257,,,,,,,,Peerless Wall TV Mounts In Black - PM1327BK,,80000000000257,,
abt-buy_0908,30,Sanus,Sanus Euro Foundation Series III Speaker Stand - EFSATBKIII,,80000000000307,sanus,sanus euro foundation series iii speaker stand - efsatbkiii,,80000000000307,,,,,,,,Sanus Euro Foundations Satellite Speaker Stand - EFSATB,,80000000000307,,
abt-buy_0909,15,Panasonic,Panasonic KX-TCA86 Headset,,80000000000157,panasonic,panasonic kx-tca86 headset,,80000000000157,,,,,,,,Panasonic Hands-Free Headset - KXTCA86,,80000000000157,,
abt-buy_0910,172,Sony,Sony VCT-R640 Tripod - VCTR640,,80000000001727,sony,sony vct-r640 tripod - vctr640,,80000000001727,,,,,,,,Sony Lightweight Tripod - Black Finish - VCTR640,,80000000001727,,
abt-buy_0911,61,Sanus,Sanus Flat Panel TV Wall Mount - VMF,,80000000000617,sanus,sanus flat panel tv wall mount - vmf,,80000000000617,,,,,,,,Sanus 13' - 30' VisionMount Flat Panel TV Silver Wall Mount - VMFS,,80000000000617,,
abt-buy_0912,28,Sanus,Sanus Speaker Mount - WMS3B BLACK,,80000000000287,sanus,sanus speaker mount - wms3b black,,80000000000287,,,,,,,,Sanus WMS3B Black Weather Resistant Small Speaker Wall Mount - WMS3B,,80000000000287,,
abt-buy_0913,29,Sanus,Sanus Wall/Ceiling Speaker Mount - WMS3S SILVER,,80000000000297,sanus,sanus wall/ceiling speaker mount - wms3s silver,,80000000000297,,,,,,,,Sanus WMS3S Silver Weather Resistant Small Speaker Wall Mount - WMS3S,,80000000000297,,
abt-buy_0914,833,Sony,Sony Mini DVD-R Media - 3DMR30L1H,,80000000008337,sony,sony mini dvd-r media - 3dmr30l1h,,80000000008337,,,,,,,,Sony 8cm MiniDVD-R Camcorder Media 3 Pack - 3DMR30R1H,,80000000008337,,
abt-buy_0915,33,Panasonic,Panasonic KX-TS3282B Corded Phone,,80000000000337,panasonic,panasonic kx-ts3282b corded phone,,80000000000337,,,,,,,,Panasonic Corded Phone - KXTS3282B,,80000000000337,,
abt-buy_0916,113,Sennheiser,Sennheiser RS 120 Wireless Hi-fi Headphone - RS120,,80000000001137,sennheiser,sennheiser rs 120 wireless hi-fi headphone - rs120,,80000000001137,,,,,,,,Sennheisser Hi-Fi Wireless Headphone - RS120,,80000000001137,,
abt-buy_0917,116,Sanus,Sanus Flat Panel TV Wall Mount - VMPL50-B,,80000000001167,sanus,sanus flat panel tv wall mount - vmpl50-b,,80000000001167,,,,,,,,Sanus 32' - 50' Flat Panel TV Black Wall Mount - VMPL50B,,80000000001167,,
abt-buy_0918,41,Sony,Sony STR-DE197 - AV Receiver - 100 Watts per Channel,,80000000000417,sony,sony str-de197 - av receiver - 100 watts per channel,,80000000000417,,,,,,,,Sony Stereo Audio Receiver - STRDE197,,80000000000417,,
abt-buy_0919,16,Panasonic,Panasonic KX-TCA92 Headset,,80000000000167,panasonic,panasonic kx-tca92 headset,,80000000000167,,,,,,,,Panasonic Hands Free Headset  - KXTCA92,,80000000000167,,
abt-buy_0920,330,Panasonic,Panasonic KX-TSC14B Corded Telephone,,80000000003307,panasonic,panasonic kx-tsc14b corded telephone,,80000000003307,,,,,,,,Panasonic 2 Line Integrated Corded Phone System - KXTSC14B,,80000000003307,,
abt-buy_0921,13,Sony,Sony CDP-CX355 300 Disc MegaStorage CD Changer,,80000000000137,sony,sony cdp-cx355 300 disc megastorage cd changer,,80000000000137,,,,,,,,Sony 300 Disc CD Changer - CDPCX355,,80000000000137,,
abt-buy_0922,809,Canon,Canon NB-2LH Battery Pack - 9612A001,,80000000008097,canon,canon nb-2lh battery pack - 9612a001,,80000000008097,,,,,,,,Canon Black Rechargeable Battery - 9612A001,,80000000008097,,
abt-buy_0923,23,Sony,Sony CDX-565MXRF 10-Disc CD/MP3 Changer,,80000000000237,sony,sony cdx-565mxrf 10-disc cd/mp3 changer,,80000000000237,,,,,,,,Sony Xplod 10-Disc Add-On CD/MP3 Changer - CDX565MXRF,,80000000000237,,
abt-buy_0924,49,"OMNIMOUNT SYSTEMS, INC",OmniMount TV Top Shelf Mount,,80000000000497,"omnimount systems, inc",omnimount tv top shelf mount,,80000000000497,,,,,,,,Omnimount TV Top Shelf Mount - CCH1B,,80000000000497,,
abt-buy_0925,55,Canon,Canon NB-4L Rechargeable Camera Battery - 9763A001,,80000000000557,canon,canon nb-4l rechargeable camera battery - 9763a001,,80000000000557,,,,,,,,Canon Rechargeable Battery - 9763A001,,80000000000557,,
abt-buy_0926,59,Panasonic,Panasonic 3x DVD-RAM Media,,80000000000597,panasonic,panasonic 3x dvd-ram media,,80000000000597,,,,,,,,Panasonic 5-Pack DVD-RAM Discs - LMAF120LU5,,80000000000597,,
abt-buy_0927,802,Canon,Canon CB-2LV Battery Charger - 9764A001,,80000000008027,canon,canon cb-2lv battery charger - 9764a001,,80000000008027,,,,,,,,Canon CB-2LV Battery Charger - 9764A001,,80000000008027,,
abt-buy_0928,801,Canon,Canon EF-S 17-85MM f/4-5.6 IS USM Standard Zoom Lens,,80000000008017,canon,canon ef-s 17-85mm f/4-5.6 is usm standard zoom lens,,80000000008017,,,,,,,,Canon 9517A002 EF-S 17mm - 85mm f/4.0-5.6 USM IS Zoom Lens - 9517A002,,80000000008017,,
abt-buy_0929,763,Sennheiser,Sennheiser RS 130 Wireless Headphone - RS130,,80000000007637,sennheiser,sennheiser rs 130 wireless headphone - rs130,,80000000007637,,,,,,,,Sennheisser Hi-Fi Wireless Headphone - RS130,,80000000007637,,
abt-buy_0930,821,Sony,Sony Fontopia Earbuds - MDREX81LPB,,80000000008217,sony,sony fontopia earbuds - mdrex81lpb,,80000000008217,,,,,,,,Sony Bud Style Headphones In Black - MDREX85LPBLK,,80000000008217,,
abt-buy_0931,88,Sanus,Sanus VisionMount Flat Panel TV Wall Mount - VMPL3B,,80000000000887,sanus,sanus visionmount flat panel tv wall mount - vmpl3b,,80000000000887,,,,,,,,Sanus 32' - 84' Flat Panel TV Black Tilting Wall Mount - VMPL3B,,80000000000887,,
abt-buy_0932,65,Sanus,Sanus Flat Panel TV Wall Mount - VM400S,,80000000000657,sanus,sanus flat panel tv wall mount - vm400s,,80000000000657,,,,,,,,Sanus 15' - 40' Flat Panel TV Silver Wall Mount - VM400S,,80000000000657,,
abt-buy_0933,165,Sanus,Sanus Under Cabinet LCD TV Mount - VMUC1S,,80000000001657,sanus,sanus under cabinet lcd tv mount - vmuc1s,,80000000001657,,,,,,,,Sanus 9' - 17' VisionMount Series Under Cabinet Flat Panel TV Silver Wall Mount - VMUC1S,,80000000001657,,
abt-buy_0934,66,Sanus,Sanus Flat Panel TV Wall Mount - VM400B,,80000000000667,sanus,sanus flat panel tv wall mount - vm400b,,80000000000667,,,,,,,,Sanus 15' - 40' Flat Panel TV Black Wall Mount - VM400B,,80000000000667,,
abt-buy_0935,81,Sanus,Sanus Universal Projector Ceiling Mount - VMPR1B,,80000000000817,sanus,sanus universal projector ceiling mount - vmpr1b,,80000000000817,,,,,,,,Sanus Universal Projector Ceiling Mount -  Black Finish - VMPR1B,,80000000000817,,
abt-buy_0936,73,Weber,Weber 848001 Performer 22.5' Charcoal Grill in Dark Blue,,80000000000737,weber,weber 848001 performer 22.5' charcoal grill in dark blue,,80000000000737,,,,,,,,Weber Performer 22-1/2' Charcoal Grill - 848001,,80000000000737,,
abt-buy_0937,62,Weber,Weber 841001 Performer 22.5' Charcoal Grill in Black,,80000000000627,weber,weber 841001 performer 22.5' charcoal grill in black,,80000000000627,,,,,,,,Weber Performer 22-1/2' Charcoal Grill - 841001,,80000000000627,,
abt-buy_0938,124,Plantronics Bluetooth,Plantronics Voyager 510 Bluetooth Earset,,80000000001247,plantronics bluetooth,plantronics voyager 510 bluetooth earset,,80000000001247,,,,,,,,Plantronics Voyager 510 Bluetooth Headset - Silver Finish - 496915,,80000000001247,,
abt-buy_0939,48,"OMNIMOUNT SYSTEMS, INC",OmniMount TV Top Shelf Mount - CCH1P,,80000000000487,"omnimount systems, inc",omnimount tv top shelf mount - cch1p,,80000000000487,,,,,,,,Omnimount TV Top Shelf Mount - CCH1P,,80000000000487,,
abt-buy_0940,79,Sony,Sony LCS Soft Carrying Case - LCSCST,,80000000000797,sony,sony lcs soft carrying case - lcscst,,80000000000797,,,,,,,,Sony Soft Cyber-Shot Carrying Case - LCSCST,,80000000000797,,
abt-buy_0941,94,Canon,Canon CLI-8PC Photo Cyan Ink Cartridge - 0624B002,,80000000000947,canon,canon cli-8pc photo cyan ink cartridge - 0624b002,,80000000000947,,,,,,,,Canon Cyan Photo Ink Cartridge - Cyan - CLI8PC,,80000000000947,,
abt-buy_0942,95,Canon,Canon CLI-8PM Photo Magenta Ink Cartridge - 0625B002,,80000000000957,canon,canon cli-8pm photo magenta ink cartridge - 0625b002,,80000000000957,,,,,,,,Canon Magenta Photo Ink Cartridge - Magenta - CLI8PM,,80000000000957,,
abt-buy_0943,115,Sanus,Sanus Center Channel Speaker Mount - VMCC1B,,80000000001157,sanus,sanus center channel speaker mount - vmcc1b,,80000000001157,,,,,,,,Sanus Center Channel Speaker Mount - Black Finish - VMCC1B,,80000000001157,,
abt-buy_0944,373,Panasonic,Panasonic BB-HCM331A Outdoor Network Camera with 2-Way Audio,,80000000003737,panasonic,panasonic bb-hcm331a outdoor network camera with 2-way audio,,80000000003737,,,,,,,,Panasonic Outdoor Network Camera - BBHCM331A,,80000000003737,,
abt-buy_0945,175,Techcraft,Techcraft Veneto Series ABS32 TV Stand,,80000000001757,techcraft,techcraft veneto series abs32 tv stand,,80000000001757,,,,,,,,Tech Craft Avalon Series TV Stand - Black Finish - ABS32,,80000000001757,,
abt-buy_0946,169,Olympus,Olympus LI-42B Lithium Ion Digital Camera Battery - 202034,,80000000001697,olympus,olympus li-42b lithium ion digital camera battery - 202034,,80000000001697,,,,,,,,Olympus Lithium Ion Rechargeable Battery - LI42B,,80000000001697,,
abt-buy_0947,798,Canon,Canon CB-2LX Battery Charger - 1133B001,,80000000007987,canon,canon cb-2lx battery charger - 1133b001,,80000000007987,,,,,,,,Canon Battery Charger - 1133B001,,80000000007987,,
abt-buy_0948,202,Tech Craft,"ABS48 Wood TV Stand (Avalon Series, 48-in. Max)",,80000000002027,tech craft,"abs48 wood tv stand (avalon series, 48-in. max)",,80000000002027,,,,,,,,Tech Craft ABS48 Antique Black Avalon Series 48' TV Stand - ABS48,,80000000002027,,
abt-buy_0949,243,Pioneer,Pioneer iBus Interface Cable for iPod - CD-I200,,80000000002437,pioneer,pioneer ibus interface cable for ipod - cd-i200,,80000000002437,,,,,,,,Pioneer CD-I200 iBus Interface Cable For iPod - CDI200,,80000000002437,,
abt-buy_0950,281,Panasonic,Panasonic KX-TGA101S DECT 6.0 Expansion Handset,,80000000002817,panasonic,panasonic kx-tga101s dect 6.0 expansion handset,,80000000002817,,,,,,,,Panasonic Expandable Digital Cordless DECT 6.0 Handset In Silver - KXTGA101S,,80000000002817,,
abt-buy_0951,277,Olympus,Olympus VN-4100PC 256MB Digital Voice Recorder - 141927,,80000000002777,olympus,olympus vn-4100pc 256mb digital voice recorder - 141927,,80000000002777,,,,,,,,Olympus Silver Digital Voice Recorder - VN4100PC,,80000000002777,,
abt-buy_0952,955,Case Logic,Case Logic Universal Vertical PDA Leather Pouch - CLP104BB,,80000000009557,case logic,case logic universal vertical pda leather pouch - clp104bb,,80000000009557,,,,,,,,Case Logic Vertical Universal Leather BlackBerry Case - CLP104BB,,80000000009557,,
abt-buy_0953,262,Olympus,Olympus PS-BLS1 Lithium Ion Digital Camera Battery - 260236,,80000000002627,olympus,olympus ps-bls1 lithium ion digital camera battery - 260236,,80000000002627,,,,,,,,Olympus PS-BLS1 Lithium Ion Rechargeable Battery - LIIONPSBLS1,,80000000002627,,
abt-buy_0954,324,Olympus,Olympus DS-40 512MB Digital Voice Recorder - 141910,,80000000003247,olympus,olympus ds-40 512mb digital voice recorder - 141910,,80000000003247,,,,,,,,Olympus DS40 Digital Voice Recorder - DS40R,,80000000003247,,
abt-buy_0955,423,Pioneer,Pioneer CD-R55 Wireless Remote for Avic-D3/4900DVD - CDR55,,80000000004237,pioneer,pioneer cd-r55 wireless remote for avic-d3/4900dvd - cdr55,,80000000004237,,,,,,,,Pioneer Remote Control With DVD/Audio Controls - CDR55,,80000000004237,,
abt-buy_0956,216,Kenwood,Kenwood iPod Direct Cable - kcaip200,,80000000002167,kenwood,kenwood ipod direct cable - kcaip200,,80000000002167,,,,,,,,Kenwood KCA-IP200 Black iPod Direct Cable - KCAIP200,,80000000002167,,
abt-buy_0957,479,TRANSCEND INFORMATION,Transcend 2GB CompactFlash Card (133x) - TS2GCF133,,80000000004797,transcend information,transcend 2gb compactflash card (133x) - ts2gcf133,,80000000004797,,,,,,,,Transcend 2GB 133x Ultra Speed Compact Flash Card - TS2GCF133,,80000000004797,,
abt-buy_0958,1032,TRANSCEND INFORMATION,Transcend 8GB Compact Flash Card (133x) - TS8GCF133,,80000000010327,transcend information,transcend 8gb compact flash card (133x) - ts8gcf133,,80000000010327,,,,,,,,Transcend 133X High-Speed 8GB Compact Flash Card - TS8GCF133,,80000000010327,,
abt-buy_0959,1005,Sony,Sony ADMSCF1 Sony Memory Stick Duo Adapter for CF,,80000000010057,sony,sony admscf1 sony memory stick duo adapter for cf,,80000000010057,,,,,,,,Sony Memory Stick PRO DUO Adapter For CompactFlash Slot - ADMSCF1,,80000000010057,,
abt-buy_0960,623,Speck Products,Speck Products SeeThru Case for Apple iMac LCD - IM20-AQU-SEE,,80000000006237,speck products,speck products seethru case for apple imac lcd - im20-aqu-see,,80000000006237,,,,,,,,Speck SeeThru Aqua Hard Shell Case For 20' iMac - IM20AQUSEE,,80000000006237,,
abt-buy_0961,1010,Canon,Canon BP-808 Lithium Ion Camcorder Battery Pack - 2740B002,,80000000010107,canon,canon bp-808 lithium ion camcorder battery pack - 2740b002,,80000000010107,,,,,,,,Canon Black BP-808 Camcorder Battery Pack - 2740B002,,80000000010107,,
abt-buy_0962,873,Sony,Sony VAIO USB Docking Station - VGPUPR1,,80000000008737,sony,sony vaio usb docking station - vgpupr1,,80000000008737,,,,,,,,Sony VAIO Black USB Docking Station - VGPUPR1,,80000000008737,,
abt-buy_0963,594,Sony,Sony LCS-MX100 Camcorder Case - LCSMX100,,80000000005947,sony,sony lcs-mx100 camcorder case - lcsmx100,,80000000005947,,,,,,,,Sony Soft Camera Carrying Case - LCSMX100,,80000000005947,,
abt-buy_0964,587,Sony,Sony VCT-60AV Tripod - VCT60AV,,80000000005877,sony,sony vct-60av tripod - vct60av,,80000000005877,,,,,,,,Sony Remote Control Tripod - VCT60AV,,80000000005877,,
abt-buy_0965,689,Sony,Sony VCT-80AV Tripod - VCT80AV,,80000000006897,sony,sony vct-80av tripod - vct80av,,80000000006897,,,,,,,,Sony Black Camcorder Tripod - VCT80AV,,80000000006897,,
abt-buy_0966,1001,Panasonic,Panasonic Lumix DMC-FS3 Digital Camera - Blue,,80000000010017,panasonic,panasonic lumix dmc-fs3 digital camera - blue,,80000000010017,,,,,,,,Panasonic Blue 8.1 Megapixel Digital Camera - DMCFS3A,,80000000010017,,
abt-buy_0967,672,Speck Products,Speck Products SeeThru Case for Apple MacBook Air - MBA-PNK-SEE,,80000000006727,speck products,speck products seethru case for apple macbook air - mba-pnk-see,,80000000006727,,,,,,,,Speck SeeThru Pink Hard Shell Case For MacBook Air - MBAPNKSEE,,80000000006727,,
abt-buy_0968,671,Speck Products,Speck Products SeeThru Case for Apple MacBook Air - MBA-CLR-SEE,,80000000006717,speck products,speck products seethru case for apple macbook air - mba-clr-see,,80000000006717,,,,,,,,Speck SeeThru Clear Hard Shell Case For MacBook Air - MBACLRSEE,,80000000006717,,
abt-buy_0969,492,Canon,Canon EOS Rebel XSi Digital SLR Camera - Silver - 2757B001,,80000000004927,canon,canon eos rebel xsi digital slr camera - silver - 2757b001,,80000000004927,,,,,,,,Canon Black EOS Rebel XSi Digital SLR Camera - XSIREB1855,,80000000004927,,
abt-buy_0970,572,Z-LINE DESIGNS,Z-Line Designs ZL23-44MU Portland Flat Panel TV Stand with Integrated Mount,,80000000005727,z-line designs,z-line designs zl23-44mu portland flat panel tv stand with integrated mount,,80000000005727,,,,,,,,Z-Line Portland Black TV Stand - ZL2344MU,,80000000005727,,
abt-buy_0971,335,Panasonic,CORDED TELEPHONE - KEYPAD - SINGLE LINE OPERATION - LCD DISPLAY - CALLER ID; CAL - KX-TS620W,,80000000003357,panasonic,corded telephone - keypad - single line operation - lcd display - caller id; cal - kx-ts620w,,80000000003357,,,,,,,,Panasonic Integrated White Telephone System With All-Digital Answering System - KXTS620W,,80000000003357,,
abt-buy_0972,846,Speck Products,Speck Products SeeThru Case for Apple 15' MacBook Pro - MB15-CLR-SEE-V2,,80000000008467,speck products,speck products seethru case for apple 15' macbook pro - mb15-clr-see-v2,,80000000008467,,,,,,,,Speck SeeThru Clear Hard Shell Case For 15' MacBook - MB15CLRSEEV2,,80000000008467,,
abt-buy_0973,852,Speck Products,Speck Products SeeThru Case for Apple 15' MacBook Pro - MB15-PNK-SEE-V2,,80000000008527,speck products,speck products seethru case for apple 15' macbook pro - mb15-pnk-see-v2,,80000000008527,,,,,,,,Speck SeeThru Pink Hard Shell Case For 15' MacBook - MB15PNKSEEV2,,80000000008527,,
abt-buy_0974,795,Speck Products,Speck Products SeeThru Case for Apple 13' MacBook - MB13-CLR-SEE-V2,,80000000007957,speck products,speck products seethru case for apple 13' macbook - mb13-clr-see-v2,,80000000007957,,,,,,,,Speck Clear 13' MacBook See Thru Hard Shell Case - MB13CLRSEEV2,,80000000007957,,
abt-buy_0975,845,Speck Products,Speck Products SeeThru Case for Apple 13' MacBook - MB13-RED-SEE-V2,,80000000008457,speck products,speck products seethru case for apple 13' macbook - mb13-red-see-v2,,80000000008457,,,,,,,,Speck SeeThru Red Hard Shell Case For 13' MacBook - MB13REDSEEV2,,80000000008457,,
abt-buy_0976,843,Speck Products,Speck Products SeeThru Case for Apple 13' MacBook - MB13-BLU-SEE-V2,,80000000008437,speck products,speck products seethru case for apple 13' macbook - mb13-blu-see-v2,,80000000008437,,,,,,,,Speck SeeThru Blue Hard Shell Case For 13' MacBook - MB13BLUSEEV2,,80000000008437,,
abt-buy_0977,841,Speck Products,Speck Products SeeThru Case for Apple 13' MacBook - MB13-PNK-SEE-V2,,80000000008417,speck products,speck products seethru case for apple 13' macbook - mb13-pnk-see-v2,,80000000008417,,,,,,,,Speck SeeThru Pink Hard Shell Case For 13' MacBook - MB13PNKSEEV2,,80000000008417,,
abt-buy_0978,796,Speck Products,Speck Products SeeThru Case for Apple 13' MacBook - MB13-GRN-SEE-V2,,80000000007967,speck products,speck products seethru case for apple 13' macbook - mb13-grn-see-v2,,80000000007967,,,,,,,,Speck Green 13' MacBook See Thru Hard Shell Case - MB13GRNSEEV2,,80000000007967,,
abt-buy_0979,847,Speck Products,Speck Products SeeThru Case for Apple 15' MacBook Pro - MB15-BLU-SEE-V2,,80000000008477,speck products,speck products seethru case for apple 15' macbook pro - mb15-blu-see-v2,,80000000008477,,,,,,,,Speck SeeThru Blue Hard Shell Case For 15' MacBook - MB15BLUSEEV2,,80000000008477,,
abt-buy_0980,844,Speck Products,Speck Products SeeThru Case for Apple 13' MacBook - MB13-ORG-SEE-V2,,80000000008447,speck products,speck products seethru case for apple 13' macbook - mb13-org-see-v2,,80000000008447,,,,,,,,Speck SeeThru Orange Hard Shell Case For 13' MacBook - MB13ORGSEEV2,,80000000008447,,
abt-buy_0981,840,Speck Products,Speck Products SeeThru Case for Apple 13' MacBook - MB13-AQU-SEE-V2,,80000000008407,speck products,speck products seethru case for apple 13' macbook - mb13-aqu-see-v2,,80000000008407,,,,,,,,Speck SeeThru Aqua Hard Shell Case For 13' MacBook - MB13AQUSEEV2,,80000000008407,,
abt-buy_0982,849,Speck Products,Speck Products SeeThru Case for Apple 15' MacBook Pro - MB15-GRN-SEE-V2,,80000000008497,speck products,speck products seethru case for apple 15' macbook pro - mb15-grn-see-v2,,80000000008497,,,,,,,,Speck SeeThru Green Hard Shell Case For 15' MacBook - MB15GRNSEEV2,,80000000008497,,
abt-buy_0983,851,Speck Products,Speck Products SeeThru Case for Apple 15' MacBook Pro - MB15-ORG-SEE-V2,,80000000008517,speck products,speck products seethru case for apple 15' macbook pro - mb15-org-see-v2,,80000000008517,,,,,,,,Speck SeeThru Orange Hard Shell Case For 15' MacBook - MB15ORGSEEV2,,80000000008517,,
abt-buy_0984,853,Speck Products,Speck Products SeeThru Case for Apple 15' MacBook Pro - MB15-PUR-SEE-V2,,80000000008537,speck products,speck products seethru case for apple 15' macbook pro - mb15-pur-see-v2,,80000000008537,,,,,,,,Speck SeeThru Purple Hard Shell Case For 15' MacBook - MB15PURSEEV2,,80000000008537,,
abt-buy_0985,837,iHome,SDI Technologies IP99BR8 Clock Radio For iPod/iPhone,,80000000008377,ihome,sdi technologies ip99br8 clock radio for ipod/iphone,,80000000008377,,,,,,,,iHome iPod & iPhone Clock Radio & Audio System - IP99BR,,80000000008377,,
abt-buy_0986,883,Olympus,Olympus FE-360 Digital Camera - Pink - 226540,,80000000008837,olympus,olympus fe-360 digital camera - pink - 226540,,80000000008837,,,,,,,,Olympus Pink 8 Megapixel Digital Camera - FE360PNK,,80000000008837,,
abt-buy_0987,483,Sony,Sony Cyber-shot DSC-W170 Digital Camera - Silver - DSCW170,,80000000004837,sony,sony cyber-shot dsc-w170 digital camera - silver - dscw170,,80000000004837,,,,,,,,Sony Silver Cyber-Shot Digital Camera - DSCW170,,80000000004837,,
abt-buy_0988,142,Panasonic,Panasonic Lithium Ion Digital Camera Battery - CGR-S006A/1B,,80000000001427,panasonic,panasonic lithium ion digital camera battery - cgr-s006a/1b,,80000000001427,,,,,,,,Panasonic Lithium Ion Rechargeable Battery - Black Finish - CGRS006A1B,,80000000001427,,
abt-buy_0989,1063,Speck Products,4G Nano ToughSkin - Black - NN4-TS-BLK,,80000000010637,speck products,4g nano toughskin - black - nn4-ts-blk,,80000000010637,,,,,,,,Speck ToughSkin Black Case For 4th Generation iPod Nano - NN4TSBLK,,80000000010637,,
abt-buy_0990,999,Apple,USB POWER ADAPTER ACCS - MB352LL/B,,80000000009997,apple,usb power adapter accs - mb352ll/b,,80000000009997,,,,,,,,Apple USB Power Adapter - MB352LLB,,80000000009997,,
abt-buy_0991,648,Sony,SONY IPOD/PHONE DOCK CLOCK RADIO BLACK NIC - ICFC1IPMK2WHI,,80000000006487,sony,sony ipod/phone dock clock radio black nic - icfc1ipmk2whi,,80000000006487,,,,,,,,Sony White Speaker Dock And Clock Radio For iPod And iPhone - ICFC1IPMK2WHT,,80000000006487,,
abt-buy_0992,983,Apple,Apple MacBook Pro Notebook - MB471LL/A,,80000000009837,apple,apple macbook pro notebook - mb471ll/a,,80000000009837,,,,,,,,Apple MacBook Pro 2.53GHz Intel Core 2 Duo Silver Notebook Computer - MB471LLA,,80000000009837,,
abt-buy_0993,1015,Canon,Canon Rebel XSi/XS Starter Kit - 9320A009,,80000000010157,canon,canon rebel xsi/xs starter kit - 9320a009,,80000000010157,,,,,,,,Canon Digital EOS Rebel XS Starter Kit - 9320A010,,80000000010157,,
abt-buy_0994,982,Apple,Apple MacBook Pro Notebook - MB470LL/A,,80000000009827,apple,apple macbook pro notebook - mb470ll/a,,80000000009827,,,,,,,,Apple MacBook Pro 2.4GHz Intel Core 2 Duo Silver Notebook Computer - MB470LLA,,80000000009827,,
abt-buy_0995,1053,Sony,Sony XDR-S10HDiP Clock Radio with iPod Dock - XDRS10HDIP,,80000000010537,sony,sony xdr-s10hdip clock radio with ipod dock - xdrs10hdip,,80000000010537,,,,,,,,Sony Black HD Radio With Dock For iPod And iPhone - XDRS10HDIP,,80000000010537,,
abt-buy_0996,975,Sony,Sony VAIO LV140J Desktop - VGC-LV140J,,80000000009757,sony,sony vaio lv140j desktop - vgc-lv140j,,80000000009757,,,,,,,,Sony VAIO LV Series Silver All-In-One Desktop Computer - VGCLV140J,,80000000009757,,
abt-buy_0997,1056,Sony,Sony VAIO FW378J/B Notebook - VGNFW378J/B,,80000000010567,sony,sony vaio fw378j/b notebook - vgnfw378j/b,,80000000010567,,,,,,,,Sony VAIO FW Series Black Notebook Computer - VGNFW378JB,,80000000010567,,
abt-buy_0998,166,Sony,Sony MiniDV Head Cleaner - DVM12CLD,,80000000001667,sony,sony minidv head cleaner - dvm12cld,,80000000001667,,,,,,,,Sony MiniDV Cleaning Cassette - DVM12CLD,,80000000001667,,
abt-buy_0999,63,Sanus,Sanus Flat Panel TV Wall Mount - VM1B,,80000000000637,sanus,sanus flat panel tv wall mount - vm1b,,80000000000637,,,,,,,,Sanus 13' - 30' Flat Panel TV Black Wall Mount - VM1B,,80000000000637,,
abt-buy_1000,53,Olympus,Olympus B-90SU AA/AAA Size Battery Charger - 200899,,80000000000537,olympus,olympus b-90su aa/aaa size battery charger - 200899,,80000000000537,,,,,,,,Olympus Olympus Ni-MH Quick Charger And Battery Set - B90SU,,80000000000537,,
abt-buy_1001,64,Sony,Sony High Definition Mini DV Cassette - DSL-190-B,,80000000000647,sony,sony high definition mini dv cassette - dsl-190-b,,80000000000647,,,,,,,,Sony HD DVC Tape - DVM63HD,,80000000000647,,
abt-buy_1002,794,Canon,Canon PSC-75 Deluxe Soft Case - 0716B001,,80000000007947,canon,canon psc-75 deluxe soft case - 0716b001,,80000000007947,,,,,,,,Canon Deluxe Soft Black Camera Case - 0716B001,,80000000007947,,
abt-buy_1003,119,"DBL Distributing, Inc",SONY COMPACT TRIPOD 14'/39' *NIC* - VCTR100,,80000000001197,"dbl distributing, inc",sony compact tripod 14'/39' *nic* - vctr100,,80000000001197,,,,,,,,Sony Lightweight Tripod - Black Finish - VCTR100,,80000000001197,,
abt-buy_1004,102,GE,GE Millennium TV Antenna - 24734,,80000000001027,ge,ge millennium tv antenna - 24734,,80000000001027,,,,,,,,GE Platinum HDTV Millennium TV Antenna - TV24734,,80000000001027,,
abt-buy_1005,123,Uniden,Uniden TCX905 Tru-Digital Expansion Handset With Caller ID,,80000000001237,uniden,uniden tcx905 tru-digital expansion handset with caller id,,80000000001237,,,,,,,,Uniden 5.8GHz Accessory Handset And Charger - TCX905,,80000000001237,,
abt-buy_1006,191,Panasonic,Panasonic KX-TG4500B Corded/Cordless Telephone,,80000000001917,panasonic,panasonic kx-tg4500b corded/cordless telephone,,80000000001917,,,,,,,,Panasonic KX-TG4500B Black 5.8 GHz Cordless Phone System - KXTG4500B,,80000000001917,,
abt-buy_1007,294,Panasonic,Panasonic KX-TS600W Basic Telephone,,80000000002947,panasonic,panasonic kx-ts600w basic telephone,,80000000002947,,,,,,,,Panasonic White Integrated Telephone System - KXTS600W,,80000000002947,,
abt-buy_1008,146,Panasonic,Panasonic KX-TS3282W Corded Telephone,,80000000001467,panasonic,panasonic kx-ts3282w corded telephone,,80000000001467,,,,,,,,Panasonic 2-Line Integrated Phone System - White Finish - KXTS3282W,,80000000001467,,
abt-buy_1009,233,LG Electronics,LG Electronics RLM20K Remote Laundry Monitoring System,,80000000002337,lg electronics,lg electronics rlm20k remote laundry monitoring system,,80000000002337,,,,,,,,LG Laundry Remote Monitor - RLM20K,,80000000002337,,
abt-buy_1010,208,LG Electronics,LG Electronics WDP3 Laundry Pedestal with Drawer - Blue,,80000000002087,lg electronics,lg electronics wdp3 laundry pedestal with drawer - blue,,80000000002087,,,,,,,,LG WDP3N 14' Tall Navy Blue Pedestal With Drawer - WDP3BL,,80000000002087,,
abt-buy_1011,237,LG Electronics,LG Electronics 10 cu.ft. Cabinet Depth Refrigerator,,80000000002377,lg electronics,lg electronics 10 cu.ft. cabinet depth refrigerator,,80000000002377,,,,,,,,LG Titanium Bottom-Freezer Refrigerator - LRBP1031TT,,80000000002377,,
abt-buy_1012,207,LG Electronics,LG Navy Blue SteamWasher 27',,80000000002077,lg electronics,lg navy blue steamwasher 27',,80000000002077,,,,,,,,LG TROMM WM2688HNM 4.2 Cu. Ft. Navy Blue Front Load Allergiene SteamWasher - WM2688HNBL,,80000000002077,,
abt-buy_1013,811,Griffin,DIRECTDECK UNIVERSAL CASSETTE ADAPTER FOR MP3 PLAYERS - 7256-DDECK,,80000000008117,griffin,directdeck universal cassette adapter for mp3 players - 7256-ddeck,,80000000008117,,,,,,,,Griffin iPod DirectDeck Universal Cassette Adapter - 7256DDECK,,80000000008117,,
abt-buy_1014,70,Canon,Canon Mini DV Camcorder Starter Kit - 9582A008,,80000000000707,canon,canon mini dv camcorder starter kit - 9582a008,,80000000000707,,,,,,,,Canon Optura/Elura Accessory Kit - ACCESSORYKIT,,80000000000707,,
abt-buy_1015,232,LG Electronics,LG Electronics WDP3 Laundry Pedestal with Drawer -W/ B/ S/ N / WDP3R - Wild Cherry,,80000000002327,lg electronics,lg electronics wdp3 laundry pedestal with drawer -w/ b/ s/ n / wdp3r - wild cherry,,80000000002327,,,,,,,,LG 14' Washer And Dryer Red Pedestal With Drawer - WDP3R,,80000000002327,,
abt-buy_1016,193,Nyko,Nyko PS3 Dual AC Charger - 83015,,80000000001937,nyko,nyko ps3 dual ac charger - 83015,,80000000001937,,,,,,,,Nyko PlayStation 3 Dual Charger AC - 743840830153,,80000000001937,,
abt-buy_1017,261,Sony,Sony 1GB Memory Stick Micro (M2) Card - MSA1GD,,80000000002617,sony,sony 1gb memory stick micro (m2) card - msa1gd,,80000000002617,,,,,,,,Sony MS-A1GD 1GB Memory Stick Micro (M2) - MSA1GD,,80000000002617,,
abt-buy_1018,190,BOSE,Bose In-Ear Earphone - INEARHEADPHONES,,80000000001907,bose,bose in-ear earphone - inearheadphones,,80000000001907,,,,,,,,Bose In-Ear Black Headphones - BOSEIE,,80000000001907,,
abt-buy_1019,205,Monster Cable,Monster Cable GameLink Component Video and Fiber Optic Digital Audio Cable for PlayStation 3 - 3 x RCA - Toslink - 10ft - PS3 CV/FO-10,,80000000002057,monster cable,monster cable gamelink component video and fiber optic digital audio cable for playstation 3 - 3 x rca - toslink - 10ft - ps3 cv/fo-10,,80000000002057,,,,,,,,Monster PS3 CV/FO-10 Playstation 3 GameLink Component Video And Fiber Optic Digital Audio AV Kit - PS3CVFO10,,80000000002057,,
abt-buy_1020,266,Altec Lansing,Altec Lansing inMotion iM600 Portable Audio Speaker System - IM600,,80000000002667,altec lansing,altec lansing inmotion im600 portable audio speaker system - im600,,80000000002667,,,,,,,,Altec Lansing inMotion iPod Portable Audio System - IM600USB,,80000000002667,,
abt-buy_1021,288,Sony,Sony MDR-Q68LW Stereo Earphone - MDRQ68LW,,80000000002887,sony,sony mdr-q68lw stereo earphone - mdrq68lw,,80000000002887,,,,,,,,Sony Clip-On Black Headphones - MDRQ68LW,,80000000002887,,
abt-buy_1022,315,Denon,Denon AVR-4308CI A/V Receiver - AVR4308CI,,80000000003157,denon,denon avr-4308ci a/v receiver - avr4308ci,,80000000003157,,,,,,,,Denon 7.1 Channel Home Theater MultiMedia A/V Receiver With Networking And WiFi - AVR4308CI,,80000000003157,,
abt-buy_1023,786,Sony,Sony 2GB Memory Stick Micro (M2) - MSA2GD,,80000000007867,sony,sony 2gb memory stick micro (m2) - msa2gd,,80000000007867,,,,,,,,Sony 2GB Memory Stick Micro (M2) - MSA2GU2,,80000000007867,,
abt-buy_1024,385,Sony,Sony HDMI Mini Cable - VMC30MHD,,80000000003857,sony,sony hdmi mini cable - vmc30mhd,,80000000003857,,,,,,,,Sony HD-Handycam 3 Meters (10 Feet) HDMI Mini Cable - VMC30MHD,,80000000003857,,
abt-buy_1025,348,Sony,Sony High Definition HDMI to Mini-HDMI Cable - VMC15MHD,,80000000003487,sony,sony high definition hdmi to mini-hdmi cable - vmc15mhd,,80000000003487,,,,,,,,Sony HD-Handycam 1.5 Meters (5 Feet) HDMI Mini Cable - VMC15MHD,,80000000003487,,
abt-buy_1026,227,Sony,Sony LCS-CSQ Soft Cyber-shot Camera Case - LCSCSQ/B,,80000000002277,sony,sony lcs-csq soft cyber-shot camera case - lcscsq/b,,80000000002277,,,,,,,,Sony LCS-CSQ/B Black Soft Carrying Case - LCSCSQB,,80000000002277,,
abt-buy_1027,254,Sony,Sony LCS-CSL Cyber-shot Camera Case,,80000000002547,sony,sony lcs-csl cyber-shot camera case,,80000000002547,,,,,,,,Sony Black Cyber-Shot W Series Digital Camera Carrying Case - LCSCSL,,80000000002547,,
abt-buy_1028,322,Yamaha,Yamaha SPM-K30 Mounting Installation Bracket - SPM-K30,,80000000003227,yamaha,yamaha spm-k30 mounting installation bracket - spm-k30,,80000000003227,,,,,,,,Yamaha Mounting Installation Bracket - SPMK30,,80000000003227,,
abt-buy_1029,790,Panasonic,Panasonic KX-TGA630S Cordless Handset,,80000000007907,panasonic,panasonic kx-tga630s cordless handset,,80000000007907,,,,,,,,Panasonic DECT 6.0 Silver Digital Cordless Handset - KXTGA630S,,80000000007907,,
abt-buy_1030,730,Weber,Weber Q 320 Gas Grill,,80000000007307,weber,weber q 320 gas grill,,80000000007307,,,,,,,,Weber Q 320 Liquid Propane Table And Outdoor Grill - 586002,,80000000007307,,
abt-buy_1031,635,Weber,Weber Premium Cover for Genesis Sivler A Grills & Spirit E-200 Series,,80000000006357,weber,weber premium cover for genesis sivler a grills & spirit e-200 series,,80000000006357,,,,,,,,Weber Premium Black Grill Cover - 7550,,80000000006357,,
abt-buy_1032,554,Panasonic,Panasonic DMR-EA38VK DVD/VCR Combo,,80000000005547,panasonic,panasonic dmr-ea38vk dvd/vcr combo,,80000000005547,,,,,,,,Panasonic Black 1080p Up-Conversion DVD Recorder And VHS Combo Player - DMREA38VK,,80000000005547,,
abt-buy_1033,622,Samsung,"Samsung DVD-VR375 DVD/VCR Combo - DVD+RW, DVD-RW, DVD-RAM, DVD+R, DVD-R, VHS, CD-RW - DVD Video, CD-DA, MP3, MPEG-4, WMA, JPEG, DivX Playback - Progressive Scan",,80000000006227,samsung,"samsung dvd-vr375 dvd/vcr combo - dvd+rw, dvd-rw, dvd-ram, dvd+r, dvd-r, vhs, cd-rw - dvd video, cd-da, mp3, mpeg-4, wma, jpeg, divx playback - progressive scan",,80000000006227,,,,,,,,Samsung Black DVD/VHS Combo Recorder - DVDVR375,,80000000006227,,
abt-buy_1034,542,Samsung,Samsung DVD-1080P8 DVD Player,,80000000005427,samsung,samsung dvd-1080p8 dvd player,,80000000005427,,,,,,,,Samsung Hi Definition Conversion DVD Player - DVD1080P8,,80000000005427,,
abt-buy_1035,808,Canon,Canon PSC-85 Soft Camera Case - 2595B002,,80000000008087,canon,canon psc-85 soft camera case - 2595b002,,80000000008087,,,,,,,,Canon Deluxe Black Digital Camera Case - 2595B002,,80000000008087,,
abt-buy_1036,773,Denon,Denon DHT-FS5 Surround Sound Speaker System,,80000000007737,denon,denon dht-fs5 surround sound speaker system,,80000000007737,,,,,,,,Denon Multi-Channel Digital Surround Sound Speaker System - DHTFS5,,80000000007737,,
abt-buy_1037,774,Samsung,Samsung YP-S2ZW 1GB Flash MP3 Player - YP-S2ZG/XAA,,80000000007747,samsung,samsung yp-s2zw 1gb flash mp3 player - yp-s2zg/xaa,,80000000007747,,,,,,,,Samsung S2 Green 1GB Flash MP3 Player - YPS2ZG,,80000000007747,,
abt-buy_1038,755,Sony,Sony RDR-VX560 DVD/VCR Combo,,80000000007557,sony,sony rdr-vx560 dvd/vcr combo,,80000000007557,,,,,,,,Sony Black DVD Recorder And VHS Combo Player - RDRVX560,,80000000007557,,
abt-buy_1039,702,Sony,Sony ICF-CD73W AM/FM/Weather Shower CD Clock Radio (White),,80000000007027,sony,sony icf-cd73w am/fm/weather shower cd clock radio (white),,80000000007027,,,,,,,,Sony Weather Shower CD Clock Radio - ICFCD73W,,80000000007027,,
abt-buy_1040,498,Denon,Denon DVD-3800BDCI Blu-ray Disc Player - DVD3800BDCI,,80000000004987,denon,denon dvd-3800bdci blu-ray disc player - dvd3800bdci,,80000000004987,,,,,,,,Denon Blu-ray Disc DVD/CD Player - DVD3800BDCI,,80000000004987,,
abt-buy_1041,778,Panasonic,Panasonic KXTH1212B,,80000000007787,panasonic,panasonic kxth1212b,,80000000007787,,,,,,,,Panasonic Expandable Bluetooth-Enabled DECT 6.0 Phone System - KXTH1212B,,80000000007787,,
abt-buy_1042,813,Denon,Denon AVR-1609 A/V Receiver - AVR1609,,80000000008137,denon,denon avr-1609 a/v receiver - avr1609,,80000000008137,,,,,,,,Denon Black AVR-1609 Home Theater Surround Sound Receiver - AVR1609,,80000000008137,,
abt-buy_1043,812,Denon,Denon AVR-1709 A/V Receiver - AVR1709,,80000000008127,denon,denon avr-1709 a/v receiver - avr1709,,80000000008127,,,,,,,,Denon Black Home Theater Surround Sound Receiver - AVR1709,,80000000008127,,
abt-buy_1044,305,Maytag,7.0 Cu. Ft. Super Capacity Electric Dryer - MED5900TW,,80000000003057,maytag,7.0 cu. ft. super capacity electric dryer - med5900tw,,80000000003057,,,,,,,,Maytag MED5900TW White Electric Dryer - MED5900TWH,,80000000003057,,
abt-buy_1045,1034,Dlo,Dlo 004-0107 Hybridshell(tm) For Iphone(tm) 3g,,80000000010347,dlo,dlo 004-0107 hybridshell(tm) for iphone(tm) 3g,,80000000010347,,,,,,,,DLO Black HybridShell For iPhone 3G - DLA4010717,,80000000010347,,
abt-buy_1046,803,Toshiba,Toshiba SD-V296 DVD/VCR Combo,,80000000008037,toshiba,toshiba sd-v296 dvd/vcr combo,,80000000008037,,,,,,,,Toshiba Black DVD/VCR Combinaton Player - SDV296,,80000000008037,,
abt-buy_1047,897,Garmin,"Garmin nuVi 275T - 3.5' GPS w/Text To Speech, Bluetooth, Where Am I?, Connect Photos - 010-00576-00",,80000000008977,garmin,"garmin nuvi 275t - 3.5' gps w/text to speech, bluetooth, where am i?, connect photos - 010-00576-00",,80000000008977,,,,,,,,Garmin Nuvi 275T GPS Navigation System - 0100057600,,80000000008977,,
abt-buy_1048,900,Garmin,Garmin nvi 755T Automobile Navigator - 010-00715-30,,80000000009007,garmin,garmin nvi 755t automobile navigator - 010-00715-30,,80000000009007,,,,,,,,Garmin Nuvi 755T GPS Navigation System - 0100071530,,80000000009007,,
abt-buy_1049,972,Samsung,SAMSUNG 4GB PORTABLE MLTIMDIA PLYR BLK - YPS-S3JAB/XAA,,80000000009727,samsung,samsung 4gb portable mltimdia plyr blk - yps-s3jab/xaa,,80000000009727,,,,,,,,Samsung S3 Black Multimedia Player - YPS3JAB,,80000000009727,,
abt-buy_1050,1042,TRANSCEND INFORMATION,Transcend 2.5 Solid State Disk (SSD) 128GB SATA MLC with Build-In ECC - TS128GSSD25S-M,,80000000010427,transcend information,transcend 2.5 solid state disk (ssd) 128gb sata mlc with build-in ecc - ts128gssd25s-m,,80000000010427,,,,,,,,Transcend 2.5' SATA Solid State Disk - TS128GSSD25SM,,80000000010427,,
abt-buy_1051,860,Denon,Denon AVR2809CI A/V Receiver,,80000000008607,denon,denon avr2809ci a/v receiver,,80000000008607,,,,,,,,Denon 7.1 Channel AV Receiver With Network Client Compatible D-Dock Port In Black - AVR2809CI,,80000000008607,,
abt-buy_1052,979,Canon,Canon PSC-4000 Deluxe Leather Case N - 3528B001,,80000000009797,canon,canon psc-4000 deluxe leather case n - 3528b001,,80000000009797,,,,,,,,Canon Black Leather Case - 3528B001,,80000000009797,,
abt-buy_1053,926,Sony,Sony BRAVIA VPL-HW10 Digital Projector - VPLHW10,,80000000009267,sony,sony bravia vpl-hw10 digital projector - vplhw10,,80000000009267,,,,,,,,Sony BRAVIA Black SXRD 1080p Home Theater Front Projector - VPLHW10,,80000000009267,,
abt-buy_1054,1006,Altec Lansing,Altec Lansing IMT702 inMotion MAX Portable Speaker System for iPhone,,80000000010067,altec lansing,altec lansing imt702 inmotion max portable speaker system for iphone,,80000000010067,,,,,,,,Altec Lansing inMotion MAX iPod/iPhone Portable Audio System - IMT702,,80000000010067,,
abt-buy_1055,980,Denon,Denon DVD-1800BD Blu-ray Disc Player,,80000000009807,denon,denon dvd-1800bd blu-ray disc player,,80000000009807,,,,,,,,Denon Black Blu-ray Disc DVD-CD Player - DVD1800BD,,80000000009807,,
abt-buy_1056,879,Denon,Denon DM37SBK - D-M37SBK,,80000000008797,denon,denon dm37sbk - d-m37sbk,,80000000008797,,,,,,,,Denon D-M37 Black CD/AM/FM Micro System - DM37SBK,,80000000008797,,
abt-buy_1057,1067,Denon,Denon DHT-589BA Home Theater System,,80000000010677,denon,denon dht-589ba home theater system,,80000000010677,,,,,,,,Denon Home Theater Receiver And Boston Acoustics 5.1 Speaker System Package - DHT589BA,,80000000010677,,
abt-buy_1058,967,Apple,Apple iPod nano Armband - MB769G/A,,80000000009677,apple,apple ipod nano armband - mb769g/a,,80000000009677,,,,,,,,Apple iPod Nano Gray Armband - MB769GA,,80000000009677,,
abt-buy_1059,1000,Panasonic,Panasonic Kx-tg9391t Dect 6.0 Two-line Corded/cordless Phone Combo - KX-TG9391T,,80000000010007,panasonic,panasonic kx-tg9391t dect 6.0 two-line corded/cordless phone combo - kx-tg9391t,,80000000010007,,,,,,,,Panasonic DECT 6.0 2-Line Digital Expandable Corded/Cordless Phone System - KXTG9391T,,80000000010007,,
abt-buy_1060,1075,Garmin,Garmin 010-00577-30 Nvi(r) 885t Travel Assistant,,80000000010757,garmin,garmin 010-00577-30 nvi(r) 885t travel assistant,,80000000010757,,,,,,,,Garmin Nuvi 885T GPS Navigation System - 0100057730,,80000000010757,,
abt-buy_1061,139,Sony Computer Electronic,PlayStation 2 DVD Remote - 97076,,80000000001397,sony computer electronic,playstation 2 dvd remote - 97076,,80000000001397,,,,,,,,Sony DVD Remote Control For PS2 - Black Finish - 711719707608,,80000000001397,,
abt-buy_1062,11,Panasonic,Panasonic KX-TS108W Corded Phone,,80000000000117,panasonic,panasonic kx-ts108w corded phone,,80000000000117,,,,,,,,Panasonic Integrated Telephone System - KXTS108W,,80000000000117,,
abt-buy_1063,9,Sony,Sony h.ear Stereo Earphones - MDRJ10/BLUE,,80000000000097,sony,sony h.ear stereo earphones - mdrj10/blue,,80000000000097,,,,,,,,Sony Vertical-In-The-Ear Stereo Headphones - MDRJ10,,80000000000097,,
abt-buy_1064,1,Sony,Sony PS-LX350H Belt-Drive Turntable,,80000000000017,sony,sony ps-lx350h belt-drive turntable,,80000000000017,,,,,,,,Sony Turntable - PSLX350H,,80000000000017,,
abt-buy_1065,51,Sanus,Sanus Television Turntable - TV/LCDS,,80000000000517,sanus,sanus television turntable - tv/lcds,,80000000000517,,,,,,,,Sanus Silver LCD Television Turntable - TVLCDS,,80000000000517,,
abt-buy_1066,83,Sennheiser,Sennheiser RS 140 Wireless RF Headphone - RS-140,,80000000000837,sennheiser,sennheiser rs 140 wireless rf headphone - rs-140,,80000000000837,,,,,,,,Sennheiser RF Wireless Headphones - RS140,,80000000000837,,
abt-buy_1067,134,Apple,Apple V.92 Data/Fax USB Modem - MA034ZA,,80000000001347,apple,apple v.92 data/fax usb modem - ma034za,,80000000001347,,,,,,,,Apple USB Modem - White Finish - MA034ZA,,80000000001347,,
abt-buy_1068,160,Denon,Denon DVD-2930CI DVD Player - DVD2930CI,,80000000001607,denon,denon dvd-2930ci dvd player - dvd2930ci,,80000000001607,,,,,,,,Denon Progressive Scan Universal DVD Player - DVD2930CI,,80000000001607,,
abt-buy_1069,255,Fellowes,Fellowes MicroShred MS-450Cs Shredder - 3245001,,80000000002557,fellowes,fellowes microshred ms-450cs shredder - 3245001,,80000000002557,,,,,,,,Fellowes MicroShred Shredder - MS450CS,,80000000002557,,
abt-buy_1070,392,Fellowes,Fellowes Powershred Personal SB-97Cs Confetti Cut Shredder - 3219701,,80000000003927,fellowes,fellowes powershred personal sb-97cs confetti cut shredder - 3219701,,80000000003927,,,,,,,,Fellowes Personal Powershred Shredder - SB97CS,,80000000003927,,
abt-buy_1071,627,Polkaudio,Polkaudio CSi A4 Black High Performance Center Channel Loudspeaker - AM4415-A,,80000000006277,polkaudio,polkaudio csi a4 black high performance center channel loudspeaker - am4415-a,,80000000006277,,,,,,,,Polk Audio CSI A4 Black Center Channel Loudspeaker - CSIA4BK,,80000000006277,,
abt-buy_1072,628,Polkaudio,Polkaudio CSi A4 Cherry High Performance Center Channel Loudspeaker - AM4412-A,,80000000006287,polkaudio,polkaudio csi a4 cherry high performance center channel loudspeaker - am4412-a,,80000000006287,,,,,,,,Polk Audio CSI A4 Cherry Center Channel Loudspeaker - CSIA4CH,,80000000006287,,
abt-buy_1073,629,Polkaudio,Polkaudio CSi A6 Black High Performance Center Channel Loudspeaker - AM6615-A,,80000000006297,polkaudio,polkaudio csi a6 black high performance center channel loudspeaker - am6615-a,,80000000006297,,,,,,,,Polk Audio CSI A6 Black Center Channel Loudspeaker - CSIA6BK,,80000000006297,,
abt-buy_1074,1007,Case-Mate,CASE MATE CARBON FIBER IPHONE 3G CASE BLACK - IPH3GC-BCF,,80000000010077,case-mate,case mate carbon fiber iphone 3g case black - iph3gc-bcf,,80000000010077,,,,,,,,Case-Mate Carbon Fiber Black Leather Case For iPhone 3G - IPH3GCBCF,,80000000010077,,
abt-buy_1075,105,Sony,Sony Memory Stick Duo Replacement Adapter - MSACM2,,80000000001057,sony,sony memory stick duo replacement adapter - msacm2,,80000000001057,,,,,,,,Sony Memory Stick Duo Replacement Adaptor - Silver/Blue Finish - MSACM2,,80000000001057,,
abt-buy_1076,307,Audiovox,Audiovox XMH10 Home Docking Kit,,80000000003077,audiovox,audiovox xmh10 home docking kit,,80000000003077,,,,,,,,Audiovox Xpress XM Satellite Radio Receiver Home Kit - XMH10A,,80000000003077,,
abt-buy_1077,308,Xm,Audiovox XMFM1 Switch Box,,80000000003087,xm,audiovox xmfm1 switch box,,80000000003087,,,,,,,,Audiovox Xpress XM Satellite Radio FM Direct Adapter - XMFM1,,80000000003087,,
abt-buy_1078,285,Sony,Sony Memory Stick USB Card Reader/Writer - MSACUS40,,80000000002857,sony,sony memory stick usb card reader/writer - msacus40,,80000000002857,,,,,,,,Sony Memory Stick USB Adaptor - MSACUS40,,80000000002857,,
abt-buy_1079,80,Pioneer,Pioneer GEX-P920XM XM Digital Satellite Tuner - GEX-P920XM,,80000000000807,pioneer,pioneer gex-p920xm xm digital satellite tuner - gex-p920xm,,80000000000807,,,,,,,,Pioneer XM Digital Satellite Tuner for Pioneer Headunits - GEXP920XM,,80000000000807,,
abt-buy_1080,2,BOSE,Bose Acoustimass 5 Series III Speaker System - 21725,,80000000000027,bose,bose acoustimass 5 series iii speaker system - 21725,,80000000000027,,,,,,,,Bose Acoustimass 5 Series III Speaker System - AM53BK,,80000000000027,,
abt-buy_1081,152,Audiovox,Audiovox CNP2000 XM Mini-Tuner,,80000000001527,audiovox,audiovox cnp2000 xm mini-tuner,,80000000001527,,,,,,,,Terk Mini Tuner Cartridge For XM Ready Home Products - CNP2000,,80000000001527,,
abt-buy_1082,157,Audiovox,Audiovox CNP2000H XM Mini-Tuner Home Dock,,80000000001577,audiovox,audiovox cnp2000h xm mini-tuner home dock,,80000000001577,,,,,,,,Terk Mini Tuner Home Dock For XM Ready Home Products - Black Finish - CNP2000H,,80000000001577,,
abt-buy_1083,154,Sony,Sony LCS-CSH Soft Camera Case - LCSCSH,,80000000001547,sony,sony lcs-csh soft camera case - lcscsh,,80000000001547,,,,,,,,Sony DSCH2 Soft Carrying Camera Case - Black Finish - LCSCSH,,80000000001547,,
abt-buy_1084,170,Olympus,Olympus Slim Leather Case - 202087,,80000000001707,olympus,olympus slim leather case - 202087,,80000000001707,,,,,,,,Olympus Premium Slim Leather Case In Black - 202087,,80000000001707,,
abt-buy_1085,217,Kenwood,Kenwood iPod-Video Direct Adapter - KCAiP300V,,80000000002177,kenwood,kenwood ipod-video direct adapter - kcaip300v,,80000000002177,,,,,,,,Kenwood KCA-IP300V iPod Video Direct Cable - KCAIP300V,,80000000002177,,
abt-buy_1086,331,Audiovox,Audiovox XMCK5P EXPRESSEZ Satellite Radio - XMCK5P,,80000000003317,audiovox,audiovox xmck5p expressez satellite radio - xmck5p,,80000000003317,,,,,,,,Audiovox XpressEZ XM Satellite Radio Receiver - XMCK5P,,80000000003317,,
abt-buy_1087,332,Audiovox,Audiovox Xpress R XM Radio Receiver with Vehicle Kit XMCK20P,,80000000003327,audiovox,audiovox xpress r xm radio receiver with vehicle kit xmck20p,,80000000003327,,,,,,,,Audiovox XpressR XM Satellite Radio Receiver - XMCK20P,,80000000003327,,
abt-buy_1088,242,Sony,Sony LCS-TWA/R Cyber-shot Camera Case,,80000000002427,sony,sony lcs-twa/r cyber-shot camera case,,80000000002427,,,,,,,,Sony LCS-TWA/R Red Soft Leather Carrying Case - LCSTWAR,,80000000002427,,
abt-buy_1089,252,Sony,Sony LCS-TWA/B Cyber-shot Camera Case - LCSTWA/B,,80000000002527,sony,sony lcs-twa/b cyber-shot camera case - lcstwa/b,,80000000002527,,,,,,,,Sony LCS-TWA/B Black Soft Leather Carrying Case - LCSTWAB,,80000000002527,,
abt-buy_1090,351,Sony,Sony LCJ-THC/B Jacket Case with Stylus - LCJ-THC/W,,80000000003517,sony,sony lcj-thc/b jacket case with stylus - lcj-thc/w,,80000000003517,,,,,,,,Sony White Cybershot T Series Digital Camera Jacket Case With Stylus - LCJTHCW,,80000000003517,,
abt-buy_1091,226,Sony,Sony LCS-CSJ Soft Camera Case - LCSCSJ,,80000000002267,sony,sony lcs-csj soft camera case - lcscsj,,80000000002267,,,,,,,,Sony LCS-CSJ Black Soft Carrying Case - LCSCSJ,,80000000002267,,
