event_id,true_master_id,resolved_id,correct,problem_class,alias_hit,route,confidence,sig_source_agreement,sig_text_match,sig_barcode,overrides,rationale,barcode_verdict,barcode_score,barcode_agreeing,barcode_corrupt_sources,barcode_detail
abt-buy_0000,1029,1029,True,unresolved,False,reject,0.282,0.0,0.805,0.0,,"reject at 0.28 — source agreement 0.00, text margin 0.80, barcode insufficient_data",insufficient_data,0.0,,master|supplier,"only 0 checksum-valid barcode(s) available; corrupt reading from master, supplier"
abt-buy_0001,1028,1028,True,unresolved,False,reject,0.177,0.0,0.506,0.0,,"reject at 0.18 — source agreement 0.00, text margin 0.51, barcode insufficient_data",insufficient_data,0.0,,master|supplier,"only 0 checksum-valid barcode(s) available; corrupt reading from master, supplier"
abt-buy_0002,436,436,True,unresolved,False,reject,0.246,0.0,0.703,0.0,,"reject at 0.25 — source agreement 0.00, text margin 0.70, barcode insufficient_data",insufficient_data,0.0,,master|supplier,"only 0 checksum-valid barcode(s) available; corrupt reading from master, supplier"
abt-buy_0003,215,215,True,unresolved,False,reject,0.216,0.0,0.617,0.0,,"reject at 0.22 — source agreement 0.00, text margin 0.62, barcode insufficient_data",insufficient_data,0.0,,master|supplier,"only 0 checksum-valid barcode(s) available; corrupt reading from master, supplier"
abt-buy_0004,161,161,True,unresolved,False,reject,0.195,0.0,0.557,0.0,,"reject at 0.20 — source agreement 0.00, text margin 0.56, barcode insufficient_data",insufficient_data,0.0,,master|supplier,"only 0 checksum-valid barcode(s) available; corrupt reading from master, supplier"
abt-buy_0005,828,828,True,unresolved,False,reject,0.35,0.0,1.0,0.0,,"reject at 0.35 — source agreement 0.00, text margin 1.00, barcode insufficient_data",insufficient_data,0.0,,master|supplier,"only 0 checksum-valid barcode(s) available; corrupt reading from master, supplier"
abt-buy_0006,779,779,True,unresolved,False,reject,0.348,0.0,0.995,0.0,,"reject at 0.35 — source agreement 0.00, text margin 0.99, barcode insufficient_data",insufficient_data,0.0,,master|supplier,"only 0 checksum-valid barcode(s) available; corrupt reading from master, supplier"
abt-buy_0007,378,378,True,unresolved,False,reject,0.35,0.0,1.0,0.0,,"reject at 0.35 — source agreement 0.00, text margin 1.00, barcode insufficient_data",insufficient_data,0.0,,master|supplier,"only 0 checksum-valid barcode(s) available; corrupt reading from master, supplier"
abt-buy_0008,1026,1026,True,unresolved,False,reject,0.272,0.0,0.776,0.0,,"reject at 0.27 — source agreement 0.00, text margin 0.78, barcode insufficient_data",insufficient_data,0.0,,master|supplier,"only 0 checksum-valid barcode(s) available; corrupt reading from master, supplier"
abt-buy_0009,135,135,True,unresolved,False,reject,0.345,0.0,0.986,0.0,,"reject at 0.35 — source agreement 0.00, text margin 0.99, barcode insufficient_data",insufficient_data,0.0,,master|supplier,"only 0 checksum-valid barcode(s) available; corrupt reading from master, supplier"
abt-buy_0010,1027,1027,True,unresolved,False,reject,0.254,0.0,0.726,0.0,,"reject at 0.25 — source agreement 0.00, text margin 0.73, barcode insufficient_data",insufficient_data,0.0,,master|supplier,"only 0 checksum-valid barcode(s) available; corrupt reading from master, supplier"
abt-buy_0011,463,463,True,unresolved,False,reject,0.338,0.0,0.967,0.0,,"reject at 0.34 — source agreement 0.00, text margin 0.97, barcode insufficient_data",insufficient_data,0.0,,master|supplier,"only 0 checksum-valid barcode(s) available; corrupt reading from master, supplier"
abt-buy_0012,219,219,True,unresolved,False,reject,0.35,0.0,1.0,0.0,,"reject at 0.35 — source agreement 0.00, text margin 1.00, barcode insufficient_data",insufficient_data,0.0,,master|supplier,"only 0 checksum-valid barcode(s) available; corrupt reading from master, supplier"
abt-buy_0013,959,959,True,unresolved,False,reject,0.339,0.0,0.97,0.0,,"reject at 0.34 — source agreement 0.00, text margin 0.97, barcode insufficient_data",insufficient_data,0.0,,master|supplier,"only 0 checksum-valid barcode(s) available; corrupt reading from master, supplier"
abt-buy_0014,238,238,True,unresolved,False,reject,0.214,0.0,0.612,0.0,,"reject at 0.21 — source agreement 0.00, text margin 0.61, barcode insufficient_data",insufficient_data,0.0,,master|supplier,"only 0 checksum-valid barcode(s) available; corrupt reading from master, supplier"
abt-buy_0015,824,824,True,unresolved,False,reject,0.35,0.0,1.0,0.0,,"reject at 0.35 — source agreement 0.00, text margin 1.00, barcode insufficient_data",insufficient_data,0.0,,master|supplier,"only 0 checksum-valid barcode(s) available; corrupt reading from master, supplier"
abt-buy_0016,60,60,True,unresolved,False,reject,0.35,0.0,1.0,0.0,,"reject at 0.35 — source agreement 0.00, text margin 1.00, barcode insufficient_data",insufficient_data,0.0,,master|supplier,"only 0 checksum-valid barcode(s) available; corrupt reading from master, supplier"
abt-buy_0017,1081,1081,True,unresolved,False,reject,0.35,0.0,1.0,0.0,,"reject at 0.35 — source agreement 0.00, text margin 1.00, barcode insufficient_data",insufficient_data,0.0,,master|supplier,"only 0 checksum-valid barcode(s) available; corrupt reading from master, supplier"
abt-buy_0018,100,100,True,unresolved,False,reject,0.35,0.0,1.0,0.0,,"reject at 0.35 — source agreement 0.00, text margin 1.00, barcode insufficient_data",insufficient_data,0.0,,master|supplier,"only 0 checksum-valid barcode(s) available; corrupt reading from master, supplier"
abt-buy_0019,827,827,True,unresolved,False,reject,0.326,0.0,0.931,0.0,,"reject at 0.33 — source agreement 0.00, text margin 0.93, barcode insufficient_data",insufficient_data,0.0,,master|supplier,"only 0 checksum-valid barcode(s) available; corrupt reading from master, supplier"
abt-buy_0020,90,90,True,unresolved,False,reject,0.134,0.0,0.383,0.0,,"reject at 0.13 — source agreement 0.00, text margin 0.38, barcode insufficient_data",insufficient_data,0.0,,master|supplier,"only 0 checksum-valid barcode(s) available; corrupt reading from master, supplier"
abt-buy_0021,26,26,True,unresolved,False,reject,0.35,0.0,1.0,0.0,,"reject at 0.35 — source agreement 0.00, text margin 1.00, barcode insufficient_data",insufficient_data,0.0,,master|supplier,"only 0 checksum-valid barcode(s) available; corrupt reading from master, supplier"
abt-buy_0022,1080,1080,True,unresolved,False,reject,0.35,0.0,1.0,0.0,,"reject at 0.35 — source agreement 0.00, text margin 1.00, barcode insufficient_data",insufficient_data,0.0,,master|supplier,"only 0 checksum-valid barcode(s) available; corrupt reading from master, supplier"
abt-buy_0023,408,408,True,unresolved,False,reject,0.35,0.0,1.0,0.0,,"reject at 0.35 — source agreement 0.00, text margin 1.00, barcode insufficient_data",insufficient_data,0.0,,master|supplier,"only 0 checksum-valid barcode(s) available; corrupt reading from master, supplier"
abt-buy_0024,117,117,True,unresolved,False,reject,0.35,0.0,1.0,0.0,,"reject at 0.35 — source agreement 0.00, text margin 1.00, barcode insufficient_data",insufficient_data,0.0,,master|supplier,"only 0 checksum-valid barcode(s) available; corrupt reading from master, supplier"
abt-buy_0025,101,101,True,unresolved,False,reject,0.322,0.0,0.919,0.0,,"reject at 0.32 — source agreement 0.00, text margin 0.92, barcode insufficient_data",insufficient_data,0.0,,master|supplier,"only 0 checksum-valid barcode(s) available; corrupt reading from master, supplier"
abt-buy_0026,195,195,True,unresolved,False,reject,0.291,0.0,0.83,0.0,,"reject at 0.29 — source agreement 0.00, text margin 0.83, barcode insufficient_data",insufficient_data,0.0,,master|supplier,"only 0 checksum-valid barcode(s) available; corrupt reading from master, supplier"
abt-buy_0027,125,125,True,unresolved,False,reject,0.326,0.0,0.931,0.0,,"reject at 0.33 — source agreement 0.00, text margin 0.93, barcode insufficient_data",insufficient_data,0.0,,master|supplier,"only 0 checksum-valid barcode(s) available; corrupt reading from master, supplier"
abt-buy_0028,93,93,True,unresolved,False,reject,0.063,0.0,0.181,0.0,retrieval_ambiguous,reject at 0.06 — held back by: top two candidates within 0.072,insufficient_data,0.0,,master|supplier,"only 0 checksum-valid barcode(s) available; corrupt reading from master, supplier"
abt-buy_0029,91,91,True,unresolved,False,reject,0.085,0.0,0.242,0.0,,"reject at 0.08 — source agreement 0.00, text margin 0.24, barcode insufficient_data",insufficient_data,0.0,,master|supplier,"only 0 checksum-valid barcode(s) available; corrupt reading from master, supplier"
abt-buy_0030,435,435,True,unresolved,False,reject,0.178,0.0,0.51,0.0,,"reject at 0.18 — source agreement 0.00, text margin 0.51, barcode insufficient_data",insufficient_data,0.0,,master|supplier,"only 0 checksum-valid barcode(s) available; corrupt reading from master, supplier"
abt-buy_0031,92,92,True,unresolved,False,reject,0.105,0.0,0.3,0.0,,"reject at 0.11 — source agreement 0.00, text margin 0.30, barcode insufficient_data",insufficient_data,0.0,,master|supplier,"only 0 checksum-valid barcode(s) available; corrupt reading from master, supplier"
abt-buy_0032,96,96,True,unresolved,False,reject,0.177,0.0,0.507,0.0,,"reject at 0.18 — source agreement 0.00, text margin 0.51, barcode insufficient_data",insufficient_data,0.0,,master|supplier,"only 0 checksum-valid barcode(s) available; corrupt reading from master, supplier"
abt-buy_0033,97,97,True,unresolved,False,reject,0.204,0.0,0.582,0.0,,"reject at 0.20 — source agreement 0.00, text margin 0.58, barcode insufficient_data",insufficient_data,0.0,,master|supplier,"only 0 checksum-valid barcode(s) available; corrupt reading from master, supplier"
abt-buy_0034,199,199,True,unresolved,False,reject,0.265,0.0,0.758,0.0,,"reject at 0.27 — source agreement 0.00, text margin 0.76, barcode insufficient_data",insufficient_data,0.0,,master|supplier,"only 0 checksum-valid barcode(s) available; corrupt reading from master, supplier"
abt-buy_0035,759,759,True,unresolved,False,reject,0.296,0.0,0.845,0.0,,"reject at 0.30 — source agreement 0.00, text margin 0.84, barcode insufficient_data",insufficient_data,0.0,,master|supplier,"only 0 checksum-valid barcode(s) available; corrupt reading from master, supplier"
abt-buy_0036,107,107,True,unresolved,False,reject,0.223,0.0,0.638,0.0,,"reject at 0.22 — source agreement 0.00, text margin 0.64, barcode insufficient_data",insufficient_data,0.0,,master|supplier,"only 0 checksum-valid barcode(s) available; corrupt reading from master, supplier"
abt-buy_0037,729,729,True,unresolved,False,reject,0.12,0.0,0.344,0.0,,"reject at 0.12 — source agreement 0.00, text margin 0.34, barcode insufficient_data",insufficient_data,0.0,,master|supplier,"only 0 checksum-valid barcode(s) available; corrupt reading from master, supplier"
abt-buy_0038,1004,1004,True,unresolved,False,reject,0.299,0.0,0.854,0.0,,"reject at 0.30 — source agreement 0.00, text margin 0.85, barcode insufficient_data",insufficient_data,0.0,,master|supplier,"only 0 checksum-valid barcode(s) available; corrupt reading from master, supplier"
abt-buy_0039,1065,1065,True,unresolved,False,reject,0.304,0.0,0.868,0.0,,"reject at 0.30 — source agreement 0.00, text margin 0.87, barcode insufficient_data",insufficient_data,0.0,,master|supplier,"only 0 checksum-valid barcode(s) available; corrupt reading from master, supplier"
abt-buy_0040,410,410,True,unresolved,False,reject,0.35,0.0,1.0,0.0,,"reject at 0.35 — source agreement 0.00, text margin 1.00, barcode insufficient_data",insufficient_data,0.0,,master|supplier,"only 0 checksum-valid barcode(s) available; corrupt reading from master, supplier"
abt-buy_0041,410,410,True,unresolved,False,reject,0.272,0.0,0.778,0.0,,"reject at 0.27 — source agreement 0.00, text margin 0.78, barcode insufficient_data",insufficient_data,0.0,,master|supplier,"only 0 checksum-valid barcode(s) available; corrupt reading from master, supplier"
abt-buy_0042,110,110,True,unresolved,False,reject,0.241,0.0,0.688,0.0,,"reject at 0.24 — source agreement 0.00, text margin 0.69, barcode insufficient_data",insufficient_data,0.0,,master|supplier,"only 0 checksum-valid barcode(s) available; corrupt reading from master, supplier"
abt-buy_0043,293,293,True,unresolved,False,reject,0.238,0.0,0.68,0.0,,"reject at 0.24 — source agreement 0.00, text margin 0.68, barcode insufficient_data",insufficient_data,0.0,,master|supplier,"only 0 checksum-valid barcode(s) available; corrupt reading from master, supplier"
abt-buy_0044,111,111,True,unresolved,False,reject,0.204,0.0,0.584,0.0,,"reject at 0.20 — source agreement 0.00, text margin 0.58, barcode insufficient_data",insufficient_data,0.0,,master|supplier,"only 0 checksum-valid barcode(s) available; corrupt reading from master, supplier"
abt-buy_0045,50,50,True,unresolved,False,reject,0.199,0.0,0.57,0.0,,"reject at 0.20 — source agreement 0.00, text margin 0.57, barcode insufficient_data",insufficient_data,0.0,,master|supplier,"only 0 checksum-valid barcode(s) available; corrupt reading from master, supplier"
abt-buy_0046,1072,1072,True,unresolved,False,reject,0.343,0.0,0.98,0.0,,"reject at 0.34 — source agreement 0.00, text margin 0.98, barcode insufficient_data",insufficient_data,0.0,,master|supplier,"only 0 checksum-valid barcode(s) available; corrupt reading from master, supplier"
abt-buy_0047,404,404,True,unresolved,False,reject,0.35,0.0,1.0,0.0,,"reject at 0.35 — source agreement 0.00, text margin 1.00, barcode insufficient_data",insufficient_data,0.0,,master|supplier,"only 0 checksum-valid barcode(s) available; corrupt reading from master, supplier"
abt-buy_0048,994,994,True,unresolved,False,reject,0.35,0.0,1.0,0.0,,"reject at 0.35 — source agreement 0.00, text margin 1.00, barcode insufficient_data",insufficient_data,0.0,,master|supplier,"only 0 checksum-valid barcode(s) available; corrupt reading from master, supplier"
abt-buy_0049,58,58,True,unresolved,False,reject,0.271,0.0,0.773,0.0,,"reject at 0.27 — source agreement 0.00, text margin 0.77, barcode insufficient_data",insufficient_data,0.0,,master|supplier,"only 0 checksum-valid barcode(s) available; corrupt reading from master, supplier"
abt-buy_0050,57,57,True,unresolved,False,reject,0.199,0.0,0.569,0.0,,"reject at 0.20 — source agreement 0.00, text margin 0.57, barcode insufficient_data",insufficient_data,0.0,,master|supplier,"only 0 checksum-valid barcode(s) available; corrupt reading from master, supplier"
abt-buy_0051,78,78,True,unresolved,False,reject,0.209,0.0,0.597,0.0,,"reject at 0.21 — source agreement 0.00, text margin 0.60, barcode insufficient_data",insufficient_data,0.0,,master|supplier,"only 0 checksum-valid barcode(s) available; corrupt reading from master, supplier"
abt-buy_0052,72,72,True,unresolved,False,reject,0.211,0.0,0.604,0.0,,"reject at 0.21 — source agreement 0.00, text margin 0.60, barcode insufficient_data",insufficient_data,0.0,,master|supplier,"only 0 checksum-valid barcode(s) available; corrupt reading from master, supplier"
abt-buy_0053,345,345,True,unresolved,False,reject,0.319,0.0,0.91,0.0,,"reject at 0.32 — source agreement 0.00, text margin 0.91, barcode insufficient_data",insufficient_data,0.0,,master|supplier,"only 0 checksum-valid barcode(s) available; corrupt reading from master, supplier"
abt-buy_0054,163,163,True,unresolved,False,reject,0.348,0.0,0.993,0.0,,"reject at 0.35 — source agreement 0.00, text margin 0.99, barcode insufficient_data",insufficient_data,0.0,,master|supplier,"only 0 checksum-valid barcode(s) available; corrupt reading from master, supplier"
abt-buy_0055,77,77,True,unresolved,False,reject,0.164,0.0,0.468,0.0,,"reject at 0.16 — source agreement 0.00, text margin 0.47, barcode insufficient_data",insufficient_data,0.0,,master|supplier,"only 0 checksum-valid barcode(s) available; corrupt reading from master, supplier"
abt-buy_0056,283,283,True,unresolved,False,reject,0.35,0.0,1.0,0.0,,"reject at 0.35 — source agreement 0.00, text margin 1.00, barcode insufficient_data",insufficient_data,0.0,,master|supplier,"only 0 checksum-valid barcode(s) available; corrupt reading from master, supplier"
abt-buy_0057,1022,1022,True,unresolved,False,reject,0.35,0.0,1.0,0.0,,"reject at 0.35 — source agreement 0.00, text margin 1.00, barcode insufficient_data",insufficient_data,0.0,,master|supplier,"only 0 checksum-valid barcode(s) available; corrupt reading from master, supplier"
abt-buy_0058,265,265,True,unresolved,False,reject,0.337,0.0,0.964,0.0,,"reject at 0.34 — source agreement 0.00, text margin 0.96, barcode insufficient_data",insufficient_data,0.0,,master|supplier,"only 0 checksum-valid barcode(s) available; corrupt reading from master, supplier"
abt-buy_0059,197,197,True,unresolved,False,reject,0.315,0.0,0.9,0.0,,"reject at 0.32 — source agreement 0.00, text margin 0.90, barcode insufficient_data",insufficient_data,0.0,,master|supplier,"only 0 checksum-valid barcode(s) available; corrupt reading from master, supplier"
abt-buy_0060,120,120,True,unresolved,False,reject,0.276,0.0,0.788,0.0,,"reject at 0.28 — source agreement 0.00, text margin 0.79, barcode insufficient_data",insufficient_data,0.0,,master|supplier,"only 0 checksum-valid barcode(s) available; corrupt reading from master, supplier"
abt-buy_0061,109,109,True,unresolved,False,reject,0.29,0.0,0.828,0.0,,"reject at 0.29 — source agreement 0.00, text margin 0.83, barcode insufficient_data",insufficient_data,0.0,,master|supplier,"only 0 checksum-valid barcode(s) available; corrupt reading from master, supplier"
abt-buy_0062,109,109,True,unresolved,False,reject,0.277,0.0,0.792,0.0,,"reject at 0.28 — source agreement 0.00, text margin 0.79, barcode insufficient_data",insufficient_data,0.0,,master|supplier,"only 0 checksum-valid barcode(s) available; corrupt reading from master, supplier"
abt-buy_0063,228,228,True,unresolved,False,reject,0.35,0.0,1.0,0.0,,"reject at 0.35 — source agreement 0.00, text margin 1.00, barcode insufficient_data",insufficient_data,0.0,,master|supplier,"only 0 checksum-valid barcode(s) available; corrupt reading from master, supplier"
abt-buy_0064,54,54,True,unresolved,False,reject,0.349,0.0,0.998,0.0,,"reject at 0.35 — source agreement 0.00, text margin 1.00, barcode insufficient_data",insufficient_data,0.0,,master|supplier,"only 0 checksum-valid barcode(s) available; corrupt reading from master, supplier"
abt-buy_0065,797,797,True,unresolved,False,reject,0.262,0.0,0.748,0.0,,"reject at 0.26 — source agreement 0.00, text margin 0.75, barcode insufficient_data",insufficient_data,0.0,,master|supplier,"only 0 checksum-valid barcode(s) available; corrupt reading from master, supplier"
abt-buy_0066,122,122,True,unresolved,False,reject,0.35,0.0,1.0,0.0,,"reject at 0.35 — source agreement 0.00, text margin 1.00, barcode insufficient_data",insufficient_data,0.0,,master|supplier,"only 0 checksum-valid barcode(s) available; corrupt reading from master, supplier"
abt-buy_0067,126,126,True,unresolved,False,reject,0.313,0.0,0.895,0.0,,"reject at 0.31 — source agreement 0.00, text margin 0.89, barcode insufficient_data",insufficient_data,0.0,,master|supplier,"only 0 checksum-valid barcode(s) available; corrupt reading from master, supplier"
abt-buy_0068,181,181,True,unresolved,False,reject,0.211,0.0,0.604,0.0,,"reject at 0.21 — source agreement 0.00, text margin 0.60, barcode insufficient_data",insufficient_data,0.0,,master|supplier,"only 0 checksum-valid barcode(s) available; corrupt reading from master, supplier"
abt-buy_0069,201,201,True,unresolved,False,reject,0.336,0.0,0.959,0.0,,"reject at 0.34 — source agreement 0.00, text margin 0.96, barcode insufficient_data",insufficient_data,0.0,,master|supplier,"only 0 checksum-valid barcode(s) available; corrupt reading from master, supplier"
abt-buy_0070,182,182,True,unresolved,False,reject,0.198,0.0,0.567,0.0,,"reject at 0.20 — source agreement 0.00, text margin 0.57, barcode insufficient_data",insufficient_data,0.0,,master|supplier,"only 0 checksum-valid barcode(s) available; corrupt reading from master, supplier"
abt-buy_0071,156,156,True,unresolved,False,reject,0.35,0.0,1.0,0.0,,"reject at 0.35 — source agreement 0.00, text margin 1.00, barcode insufficient_data",insufficient_data,0.0,,master|supplier,"only 0 checksum-valid barcode(s) available; corrupt reading from master, supplier"
abt-buy_0072,192,192,True,unresolved,False,reject,0.317,0.0,0.904,0.0,,"reject at 0.32 — source agreement 0.00, text margin 0.90, barcode insufficient_data",insufficient_data,0.0,,master|supplier,"only 0 checksum-valid barcode(s) available; corrupt reading from master, supplier"
abt-buy_0073,147,147,True,unresolved,False,reject,0.139,0.0,0.398,0.0,,"reject at 0.14 — source agreement 0.00, text margin 0.40, barcode insufficient_data",insufficient_data,0.0,,master|supplier,"only 0 checksum-valid barcode(s) available; corrupt reading from master, supplier"
abt-buy_0074,148,148,True,unresolved,False,reject,0.17,0.0,0.485,0.0,,"reject at 0.17 — source agreement 0.00, text margin 0.49, barcode insufficient_data",insufficient_data,0.0,,master|supplier,"only 0 checksum-valid barcode(s) available; corrupt reading from master, supplier"
abt-buy_0075,225,225,True,unresolved,False,reject,0.191,0.0,0.545,0.0,,"reject at 0.19 — source agreement 0.00, text margin 0.55, barcode insufficient_data",insufficient_data,0.0,,master|supplier,"only 0 checksum-valid barcode(s) available; corrupt reading from master, supplier"
abt-buy_0076,788,788,True,unresolved,False,reject,0.343,0.0,0.979,0.0,,"reject at 0.34 — source agreement 0.00, text margin 0.98, barcode insufficient_data",insufficient_data,0.0,,master|supplier,"only 0 checksum-valid barcode(s) available; corrupt reading from master, supplier"
abt-buy_0077,118,118,True,unresolved,False,reject,0.248,0.0,0.708,0.0,,"reject at 0.25 — source agreement 0.00, text margin 0.71, barcode insufficient_data",insufficient_data,0.0,,master|supplier,"only 0 checksum-valid barcode(s) available; corrupt reading from master, supplier"
abt-buy_0078,136,136,True,unresolved,False,reject,0.35,0.0,1.0,0.0,,"reject at 0.35 — source agreement 0.00, text margin 1.00, barcode insufficient_data",insufficient_data,0.0,,master|supplier,"only 0 checksum-valid barcode(s) available; corrupt reading from master, supplier"
abt-buy_0079,123,123,True,unresolved,False,reject,0.35,0.0,1.0,0.0,,"reject at 0.35 — source agreement 0.00, text margin 1.00, barcode insufficient_data",insufficient_data,0.0,,master|supplier,"only 0 checksum-valid barcode(s) available; corrupt reading from master, supplier"
abt-buy_0080,85,85,True,unresolved,False,reject,0.279,0.0,0.796,0.0,,"reject at 0.28 — source agreement 0.00, text margin 0.80, barcode insufficient_data",insufficient_data,0.0,,master|supplier,"only 0 checksum-valid barcode(s) available; corrupt reading from master, supplier"
abt-buy_0081,727,727,True,unresolved,False,reject,0.318,0.0,0.907,0.0,,"reject at 0.32 — source agreement 0.00, text margin 0.91, barcode insufficient_data",insufficient_data,0.0,,master|supplier,"only 0 checksum-valid barcode(s) available; corrupt reading from master, supplier"
abt-buy_0082,940,940,True,unresolved,False,reject,0.239,0.0,0.682,0.0,,"reject at 0.24 — source agreement 0.00, text margin 0.68, barcode insufficient_data",insufficient_data,0.0,,master|supplier,"only 0 checksum-valid barcode(s) available; corrupt reading from master, supplier"
abt-buy_0083,799,799,True,unresolved,False,reject,0.344,0.0,0.983,0.0,,"reject at 0.34 — source agreement 0.00, text margin 0.98, barcode insufficient_data",insufficient_data,0.0,,master|supplier,"only 0 checksum-valid barcode(s) available; corrupt reading from master, supplier"
abt-buy_0084,5,5,True,unresolved,False,reject,0.246,0.0,0.704,0.0,,"reject at 0.25 — source agreement 0.00, text margin 0.70, barcode insufficient_data",insufficient_data,0.0,,master|supplier,"only 0 checksum-valid barcode(s) available; corrupt reading from master, supplier"
abt-buy_0085,86,86,True,unresolved,False,reject,0.26,0.0,0.743,0.0,,"reject at 0.26 — source agreement 0.00, text margin 0.74, barcode insufficient_data",insufficient_data,0.0,,master|supplier,"only 0 checksum-valid barcode(s) available; corrupt reading from master, supplier"
abt-buy_0086,323,323,True,unresolved,False,reject,0.35,0.0,1.0,0.0,,"reject at 0.35 — source agreement 0.00, text margin 1.00, barcode insufficient_data",insufficient_data,0.0,,master|supplier,"only 0 checksum-valid barcode(s) available; corrupt reading from master, supplier"
abt-buy_0087,400,400,True,unresolved,False,reject,0.307,0.0,0.877,0.0,,"reject at 0.31 — source agreement 0.00, text margin 0.88, barcode insufficient_data",insufficient_data,0.0,,master|supplier,"only 0 checksum-valid barcode(s) available; corrupt reading from master, supplier"
abt-buy_0088,177,177,True,unresolved,False,reject,0.238,0.0,0.679,0.0,,"reject at 0.24 — source agreement 0.00, text margin 0.68, barcode insufficient_data",insufficient_data,0.0,,master|supplier,"only 0 checksum-valid barcode(s) available; corrupt reading from master, supplier"
abt-buy_0089,168,168,True,unresolved,False,reject,0.209,0.0,0.596,0.0,,"reject at 0.21 — source agreement 0.00, text margin 0.60, barcode insufficient_data",insufficient_data,0.0,,master|supplier,"only 0 checksum-valid barcode(s) available; corrupt reading from master, supplier"
abt-buy_0090,171,171,True,unresolved,False,reject,0.235,0.0,0.671,0.0,,"reject at 0.23 — source agreement 0.00, text margin 0.67, barcode insufficient_data",insufficient_data,0.0,,master|supplier,"only 0 checksum-valid barcode(s) available; corrupt reading from master, supplier"
abt-buy_0091,8,8,True,unresolved,False,reject,0.35,0.0,1.0,0.0,,"reject at 0.35 — source agreement 0.00, text margin 1.00, barcode insufficient_data",insufficient_data,0.0,,master|supplier,"only 0 checksum-valid barcode(s) available; corrupt reading from master, supplier"
abt-buy_0092,800,800,True,unresolved,False,reject,0.268,0.0,0.765,0.0,,"reject at 0.27 — source agreement 0.00, text margin 0.76, barcode insufficient_data",insufficient_data,0.0,,master|supplier,"only 0 checksum-valid barcode(s) available; corrupt reading from master, supplier"
abt-buy_0093,183,183,True,unresolved,False,reject,0.35,0.0,1.0,0.0,,"reject at 0.35 — source agreement 0.00, text margin 1.00, barcode insufficient_data",insufficient_data,0.0,,master|supplier,"only 0 checksum-valid barcode(s) available; corrupt reading from master, supplier"
abt-buy_0094,417,417,True,unresolved,False,reject,0.348,0.0,0.993,0.0,,"reject at 0.35 — source agreement 0.00, text margin 0.99, barcode insufficient_data",insufficient_data,0.0,,master|supplier,"only 0 checksum-valid barcode(s) available; corrupt reading from master, supplier"
abt-buy_0095,359,359,True,unresolved,False,reject,0.262,0.0,0.748,0.0,,"reject at 0.26 — source agreement 0.00, text margin 0.75, barcode insufficient_data",insufficient_data,0.0,,master|supplier,"only 0 checksum-valid barcode(s) available; corrupt reading from master, supplier"
abt-buy_0096,418,418,True,unresolved,False,reject,0.174,0.0,0.498,0.0,,"reject at 0.17 — source agreement 0.00, text margin 0.50, barcode insufficient_data",insufficient_data,0.0,,master|supplier,"only 0 checksum-valid barcode(s) available; corrupt reading from master, supplier"
abt-buy_0097,204,204,True,unresolved,False,reject,0.118,0.0,0.338,0.0,,"reject at 0.12 — source agreement 0.00, text margin 0.34, barcode insufficient_data",insufficient_data,0.0,,master|supplier,"only 0 checksum-valid barcode(s) available; corrupt reading from master, supplier"
abt-buy_0098,179,179,True,unresolved,False,reject,0.153,0.0,0.437,0.0,,"reject at 0.15 — source agreement 0.00, text margin 0.44, barcode insufficient_data",insufficient_data,0.0,,master|supplier,"only 0 checksum-valid barcode(s) available; corrupt reading from master, supplier"
abt-buy_0099,180,180,True,unresolved,False,reject,0.262,0.0,0.748,0.0,,"reject at 0.26 — source agreement 0.00, text margin 0.75, barcode insufficient_data",insufficient_data,0.0,,master|supplier,"only 0 checksum-valid barcode(s) available; corrupt reading from master, supplier"
abt-buy_0100,38,38,True,unresolved,False,reject,0.306,0.0,0.874,0.0,,"reject at 0.31 — source agreement 0.00, text margin 0.87, barcode insufficient_data",insufficient_data,0.0,,master|supplier,"only 0 checksum-valid barcode(s) available; corrupt reading from master, supplier"
abt-buy_0101,296,296,True,unresolved,False,reject,0.35,0.0,1.0,0.0,,"reject at 0.35 — source agreement 0.00, text margin 1.00, barcode insufficient_data",insufficient_data,0.0,,master|supplier,"only 0 checksum-valid barcode(s) available; corrupt reading from master, supplier"
abt-buy_0102,835,835,True,unresolved,False,reject,0.35,0.0,1.0,0.0,,"reject at 0.35 — source agreement 0.00, text margin 1.00, barcode insufficient_data",insufficient_data,0.0,,master|supplier,"only 0 checksum-valid barcode(s) available; corrupt reading from master, supplier"
abt-buy_0103,143,143,True,unresolved,False,reject,0.246,0.0,0.704,0.0,,"reject at 0.25 — source agreement 0.00, text margin 0.70, barcode insufficient_data",insufficient_data,0.0,,master|supplier,"only 0 checksum-valid barcode(s) available; corrupt reading from master, supplier"
abt-buy_0104,132,132,True,unresolved,False,reject,0.32,0.0,0.916,0.0,,"reject at 0.32 — source agreement 0.00, text margin 0.92, barcode insufficient_data",insufficient_data,0.0,,master|supplier,"only 0 checksum-valid barcode(s) available; corrupt reading from master, supplier"
abt-buy_0105,153,153,True,unresolved,False,reject,0.286,0.0,0.817,0.0,,"reject at 0.29 — source agreement 0.00, text margin 0.82, barcode insufficient_data",insufficient_data,0.0,,master|supplier,"only 0 checksum-valid barcode(s) available; corrupt reading from master, supplier"
abt-buy_0106,44,44,True,unresolved,False,reject,0.35,0.0,1.0,0.0,,"reject at 0.35 — source agreement 0.00, text margin 1.00, barcode insufficient_data",insufficient_data,0.0,,master|supplier,"only 0 checksum-valid barcode(s) available; corrupt reading from master, supplier"
abt-buy_0107,10,10,True,unresolved,False,reject,0.264,0.0,0.754,0.0,,"reject at 0.26 — source agreement 0.00, text margin 0.75, barcode insufficient_data",insufficient_data,0.0,,master|supplier,"only 0 checksum-valid barcode(s) available; corrupt reading from master, supplier"
abt-buy_0108,249,249,True,unresolved,False,reject,0.32,0.0,0.916,0.0,,"reject at 0.32 — source agreement 0.00, text margin 0.92, barcode insufficient_data",insufficient_data,0.0,,master|supplier,"only 0 checksum-valid barcode(s) available; corrupt reading from master, supplier"
abt-buy_0109,374,374,True,unresolved,False,reject,0.35,0.0,1.0,0.0,,"reject at 0.35 — source agreement 0.00, text margin 1.00, barcode insufficient_data",insufficient_data,0.0,,master|supplier,"only 0 checksum-valid barcode(s) available; corrupt reading from master, supplier"
abt-buy_0110,176,176,True,unresolved,False,reject,0.279,0.0,0.798,0.0,,"reject at 0.28 — source agreement 0.00, text margin 0.80, barcode insufficient_data",insufficient_data,0.0,,master|supplier,"only 0 checksum-valid barcode(s) available; corrupt reading from master, supplier"
abt-buy_0111,1041,1041,True,unresolved,False,reject,0.35,0.0,1.0,0.0,,"reject at 0.35 — source agreement 0.00, text margin 1.00, barcode insufficient_data",insufficient_data,0.0,,master|supplier,"only 0 checksum-valid barcode(s) available; corrupt reading from master, supplier"
abt-buy_0112,952,952,True,unresolved,False,reject,0.261,0.0,0.747,0.0,,"reject at 0.26 — source agreement 0.00, text margin 0.75, barcode insufficient_data",insufficient_data,0.0,,master|supplier,"only 0 checksum-valid barcode(s) available; corrupt reading from master, supplier"
abt-buy_0113,396,396,True,unresolved,False,reject,0.35,0.0,1.0,0.0,,"reject at 0.35 — source agreement 0.00, text margin 1.00, barcode insufficient_data",insufficient_data,0.0,,master|supplier,"only 0 checksum-valid barcode(s) available; corrupt reading from master, supplier"
abt-buy_0114,6,6,True,unresolved,False,reject,0.35,0.0,1.0,0.0,,"reject at 0.35 — source agreement 0.00, text margin 1.00, barcode insufficient_data",insufficient_data,0.0,,master|supplier,"only 0 checksum-valid barcode(s) available; corrupt reading from master, supplier"
abt-buy_0115,39,39,True,unresolved,False,reject,0.29,0.0,0.828,0.0,,"reject at 0.29 — source agreement 0.00, text margin 0.83, barcode insufficient_data",insufficient_data,0.0,,master|supplier,"only 0 checksum-valid barcode(s) available; corrupt reading from master, supplier"
abt-buy_0116,99,99,True,unresolved,False,reject,0.211,0.0,0.602,0.0,,"reject at 0.21 — source agreement 0.00, text margin 0.60, barcode insufficient_data",insufficient_data,0.0,,master|supplier,"only 0 checksum-valid barcode(s) available; corrupt reading from master, supplier"
abt-buy_0117,45,45,True,unresolved,False,reject,0.35,0.0,1.0,0.0,,"reject at 0.35 — source agreement 0.00, text margin 1.00, barcode insufficient_data",insufficient_data,0.0,,master|supplier,"only 0 checksum-valid barcode(s) available; corrupt reading from master, supplier"
abt-buy_0118,4,4,True,unresolved,False,reject,0.346,0.0,0.989,0.0,,"reject at 0.35 — source agreement 0.00, text margin 0.99, barcode insufficient_data",insufficient_data,0.0,,master|supplier,"only 0 checksum-valid barcode(s) available; corrupt reading from master, supplier"
abt-buy_0119,22,22,True,unresolved,False,reject,0.28,0.0,0.8,0.0,,"reject at 0.28 — source agreement 0.00, text margin 0.80, barcode insufficient_data",insufficient_data,0.0,,master|supplier,"only 0 checksum-valid barcode(s) available; corrupt reading from master, supplier"
abt-buy_0120,14,14,True,unresolved,False,reject,0.215,0.0,0.615,0.0,,"reject at 0.22 — source agreement 0.00, text margin 0.61, barcode insufficient_data",insufficient_data,0.0,,master|supplier,"only 0 checksum-valid barcode(s) available; corrupt reading from master, supplier"
abt-buy_0121,34,34,True,unresolved,False,reject,0.299,0.0,0.856,0.0,,"reject at 0.30 — source agreement 0.00, text margin 0.86, barcode insufficient_data",insufficient_data,0.0,,master|supplier,"only 0 checksum-valid barcode(s) available; corrupt reading from master, supplier"
abt-buy_0122,36,36,True,unresolved,False,reject,0.35,0.0,1.0,0.0,,"reject at 0.35 — source agreement 0.00, text margin 1.00, barcode insufficient_data",insufficient_data,0.0,,master|supplier,"only 0 checksum-valid barcode(s) available; corrupt reading from master, supplier"
abt-buy_0123,84,84,True,unresolved,False,reject,0.33,0.0,0.942,0.0,,"reject at 0.33 — source agreement 0.00, text margin 0.94, barcode insufficient_data",insufficient_data,0.0,,master|supplier,"only 0 checksum-valid barcode(s) available; corrupt reading from master, supplier"
abt-buy_0124,27,27,True,unresolved,False,reject,0.35,0.0,1.0,0.0,,"reject at 0.35 — source agreement 0.00, text margin 1.00, barcode insufficient_data",insufficient_data,0.0,,master|supplier,"only 0 checksum-valid barcode(s) available; corrupt reading from master, supplier"
abt-buy_0125,131,131,True,unresolved,False,reject,0.315,0.0,0.9,0.0,,"reject at 0.31 — source agreement 0.00, text margin 0.90, barcode insufficient_data",insufficient_data,0.0,,master|supplier,"only 0 checksum-valid barcode(s) available; corrupt reading from master, supplier"
abt-buy_0126,104,104,True,unresolved,False,reject,0.225,0.0,0.642,0.0,,"reject at 0.22 — source agreement 0.00, text margin 0.64, barcode insufficient_data",insufficient_data,0.0,,master|supplier,"only 0 checksum-valid barcode(s) available; corrupt reading from master, supplier"
abt-buy_0127,352,352,True,unresolved,False,reject,0.243,0.0,0.694,0.0,,"reject at 0.24 — source agreement 0.00, text margin 0.69, barcode insufficient_data",insufficient_data,0.0,,master|supplier,"only 0 checksum-valid barcode(s) available; corrupt reading from master, supplier"
abt-buy_0128,259,259,True,unresolved,False,reject,0.35,0.0,1.0,0.0,,"reject at 0.35 — source agreement 0.00, text margin 1.00, barcode insufficient_data",insufficient_data,0.0,,master|supplier,"only 0 checksum-valid barcode(s) available; corrupt reading from master, supplier"
abt-buy_0129,159,159,True,unresolved,False,reject,0.236,0.0,0.673,0.0,,"reject at 0.24 — source agreement 0.00, text margin 0.67, barcode insufficient_data",insufficient_data,0.0,,master|supplier,"only 0 checksum-valid barcode(s) available; corrupt reading from master, supplier"
abt-buy_0130,151,151,True,unresolved,False,reject,0.35,0.0,1.0,0.0,,"reject at 0.35 — source agreement 0.00, text margin 1.00, barcode insufficient_data",insufficient_data,0.0,,master|supplier,"only 0 checksum-valid barcode(s) available; corrupt reading from master, supplier"
abt-buy_0131,103,103,True,unresolved,False,reject,0.224,0.0,0.641,0.0,,"reject at 0.22 — source agreement 0.00, text margin 0.64, barcode insufficient_data",insufficient_data,0.0,,master|supplier,"only 0 checksum-valid barcode(s) available; corrupt reading from master, supplier"
abt-buy_0132,87,87,True,unresolved,False,reject,0.302,0.0,0.862,0.0,,"reject at 0.30 — source agreement 0.00, text margin 0.86, barcode insufficient_data",insufficient_data,0.0,,master|supplier,"only 0 checksum-valid barcode(s) available; corrupt reading from master, supplier"
abt-buy_0133,19,19,True,unresolved,False,reject,0.336,0.0,0.96,0.0,,"reject at 0.34 — source agreement 0.00, text margin 0.96, barcode insufficient_data",insufficient_data,0.0,,master|supplier,"only 0 checksum-valid barcode(s) available; corrupt reading from master, supplier"
abt-buy_0134,47,47,True,unresolved,False,reject,0.35,0.0,1.0,0.0,,"reject at 0.35 — source agreement 0.00, text margin 1.00, barcode insufficient_data",insufficient_data,0.0,,master|supplier,"only 0 checksum-valid barcode(s) available; corrupt reading from master, supplier"
abt-buy_0135,7,7,True,unresolved,False,reject,0.35,0.0,1.0,0.0,,"reject at 0.35 — source agreement 0.00, text margin 1.00, barcode insufficient_data",insufficient_data,0.0,,master|supplier,"only 0 checksum-valid barcode(s) available; corrupt reading from master, supplier"
abt-buy_0136,247,247,True,unresolved,False,reject,0.258,0.0,0.738,0.0,,"reject at 0.26 — source agreement 0.00, text margin 0.74, barcode insufficient_data",insufficient_data,0.0,,master|supplier,"only 0 checksum-valid barcode(s) available; corrupt reading from master, supplier"
abt-buy_0137,246,246,True,unresolved,False,reject,0.189,0.0,0.541,0.0,,"reject at 0.19 — source agreement 0.00, text margin 0.54, barcode insufficient_data",insufficient_data,0.0,,master|supplier,"only 0 checksum-valid barcode(s) available; corrupt reading from master, supplier"
abt-buy_0138,263,263,True,unresolved,False,reject,0.35,0.0,1.0,0.0,,"reject at 0.35 — source agreement 0.00, text margin 1.00, barcode insufficient_data",insufficient_data,0.0,,master|supplier,"only 0 checksum-valid barcode(s) available; corrupt reading from master, supplier"
abt-buy_0139,236,236,True,unresolved,False,reject,0.209,0.0,0.596,0.0,,"reject at 0.21 — source agreement 0.00, text margin 0.60, barcode insufficient_data",insufficient_data,0.0,,master|supplier,"only 0 checksum-valid barcode(s) available; corrupt reading from master, supplier"
abt-buy_0140,260,260,True,unresolved,False,reject,0.35,0.0,1.0,0.0,,"reject at 0.35 — source agreement 0.00, text margin 1.00, barcode insufficient_data",insufficient_data,0.0,,master|supplier,"only 0 checksum-valid barcode(s) available; corrupt reading from master, supplier"
abt-buy_0141,69,69,True,unresolved,False,reject,0.35,0.0,1.0,0.0,,"reject at 0.35 — source agreement 0.00, text margin 1.00, barcode insufficient_data",insufficient_data,0.0,,master|supplier,"only 0 checksum-valid barcode(s) available; corrupt reading from master, supplier"
abt-buy_0142,17,17,True,unresolved,False,reject,0.259,0.0,0.74,0.0,,"reject at 0.26 — source agreement 0.00, text margin 0.74, barcode insufficient_data",insufficient_data,0.0,,master|supplier,"only 0 checksum-valid barcode(s) available; corrupt reading from master, supplier"
abt-buy_0143,68,68,True,unresolved,False,reject,0.293,0.0,0.836,0.0,,"reject at 0.29 — source agreement 0.00, text margin 0.84, barcode insufficient_data",insufficient_data,0.0,,master|supplier,"only 0 checksum-valid barcode(s) available; corrupt reading from master, supplier"
abt-buy_0144,56,56,True,unresolved,False,reject,0.179,0.0,0.511,0.0,,"reject at 0.18 — source agreement 0.00, text margin 0.51, barcode insufficient_data",insufficient_data,0.0,,master|supplier,"only 0 checksum-valid barcode(s) available; corrupt reading from master, supplier"
abt-buy_0145,430,430,True,unresolved,False,reject,0.35,0.0,1.0,0.0,,"reject at 0.35 — source agreement 0.00, text margin 1.00, barcode insufficient_data",insufficient_data,0.0,,master|supplier,"only 0 checksum-valid barcode(s) available; corrupt reading from master, supplier"
abt-buy_0146,76,76,True,unresolved,False,reject,0.322,0.0,0.919,0.0,,"reject at 0.32 — source agreement 0.00, text margin 0.92, barcode insufficient_data",insufficient_data,0.0,,master|supplier,"only 0 checksum-valid barcode(s) available; corrupt reading from master, supplier"
abt-buy_0147,37,37,True,unresolved,False,reject,0.285,0.0,0.813,0.0,,"reject at 0.28 — source agreement 0.00, text margin 0.81, barcode insufficient_data",insufficient_data,0.0,,master|supplier,"only 0 checksum-valid barcode(s) available; corrupt reading from master, supplier"
abt-buy_0148,588,588,True,unresolved,False,reject,0.2,0.0,0.573,0.0,,"reject at 0.20 — source agreement 0.00, text margin 0.57, barcode insufficient_data",insufficient_data,0.0,,master|supplier,"only 0 checksum-valid barcode(s) available; corrupt reading from master, supplier"
abt-buy_0149,590,590,True,unresolved,False,reject,0.248,0.0,0.707,0.0,,"reject at 0.25 — source agreement 0.00, text margin 0.71, barcode insufficient_data",insufficient_data,0.0,,master|supplier,"only 0 checksum-valid barcode(s) available; corrupt reading from master, supplier"
abt-buy_0150,589,589,True,unresolved,False,reject,0.206,0.0,0.588,0.0,,"reject at 0.21 — source agreement 0.00, text margin 0.59, barcode insufficient_data",insufficient_data,0.0,,master|supplier,"only 0 checksum-valid barcode(s) available; corrupt reading from master, supplier"
abt-buy_0151,668,668,True,unresolved,False,reject,0.35,0.0,1.0,0.0,,"reject at 0.35 — source agreement 0.00, text margin 1.00, barcode insufficient_data",insufficient_data,0.0,,master|supplier,"only 0 checksum-valid barcode(s) available; corrupt reading from master, supplier"
abt-buy_0152,114,114,True,unresolved,False,reject,0.349,0.0,0.997,0.0,,"reject at 0.35 — source agreement 0.00, text margin 1.00, barcode insufficient_data",insufficient_data,0.0,,master|supplier,"only 0 checksum-valid barcode(s) available; corrupt reading from master, supplier"
abt-buy_0153,643,643,True,unresolved,False,reject,0.35,0.0,1.0,0.0,,"reject at 0.35 — source agreement 0.00, text margin 1.00, barcode insufficient_data",insufficient_data,0.0,,master|supplier,"only 0 checksum-valid barcode(s) available; corrupt reading from master, supplier"
abt-buy_0154,164,164,True,unresolved,False,reject,0.346,0.0,0.99,0.0,,"reject at 0.35 — source agreement 0.00, text margin 0.99, barcode insufficient_data",insufficient_data,0.0,,master|supplier,"only 0 checksum-valid barcode(s) available; corrupt reading from master, supplier"
abt-buy_0155,200,200,True,unresolved,False,reject,0.335,0.0,0.956,0.0,,"reject at 0.33 — source agreement 0.00, text margin 0.96, barcode insufficient_data",insufficient_data,0.0,,master|supplier,"only 0 checksum-valid barcode(s) available; corrupt reading from master, supplier"
abt-buy_0156,162,162,True,unresolved,False,reject,0.277,0.0,0.792,0.0,,"reject at 0.28 — source agreement 0.00, text margin 0.79, barcode insufficient_data",insufficient_data,0.0,,master|supplier,"only 0 checksum-valid barcode(s) available; corrupt reading from master, supplier"
abt-buy_0157,138,138,True,unresolved,False,reject,0.265,0.0,0.757,0.0,,"reject at 0.26 — source agreement 0.00, text margin 0.76, barcode insufficient_data",insufficient_data,0.0,,master|supplier,"only 0 checksum-valid barcode(s) available; corrupt reading from master, supplier"
abt-buy_0158,155,155,True,unresolved,False,reject,0.343,0.0,0.981,0.0,,"reject at 0.34 — source agreement 0.00, text margin 0.98, barcode insufficient_data",insufficient_data,0.0,,master|supplier,"only 0 checksum-valid barcode(s) available; corrupt reading from master, supplier"
abt-buy_0159,426,426,True,unresolved,False,reject,0.245,0.0,0.699,0.0,,"reject at 0.24 — source agreement 0.00, text margin 0.70, barcode insufficient_data",insufficient_data,0.0,,master|supplier,"only 0 checksum-valid barcode(s) available; corrupt reading from master, supplier"
abt-buy_0160,402,402,True,unresolved,False,reject,0.316,0.0,0.902,0.0,,"reject at 0.32 — source agreement 0.00, text margin 0.90, barcode insufficient_data",insufficient_data,0.0,,master|supplier,"only 0 checksum-valid barcode(s) available; corrupt reading from master, supplier"
abt-buy_0161,198,198,True,unresolved,False,reject,0.136,0.0,0.387,0.0,,"reject at 0.14 — source agreement 0.00, text margin 0.39, barcode insufficient_data",insufficient_data,0.0,,master|supplier,"only 0 checksum-valid barcode(s) available; corrupt reading from master, supplier"
abt-buy_0162,1050,1050,True,unresolved,False,reject,0.271,0.0,0.774,0.0,,"reject at 0.27 — source agreement 0.00, text margin 0.77, barcode insufficient_data",insufficient_data,0.0,,master|supplier,"only 0 checksum-valid barcode(s) available; corrupt reading from master, supplier"
abt-buy_0163,144,144,True,unresolved,False,reject,0.25,0.0,0.716,0.0,,"reject at 0.25 — source agreement 0.00, text margin 0.72, barcode insufficient_data",insufficient_data,0.0,,master|supplier,"only 0 checksum-valid barcode(s) available; corrupt reading from master, supplier"
abt-buy_0164,149,149,True,unresolved,False,reject,0.194,0.0,0.554,0.0,,"reject at 0.19 — source agreement 0.00, text margin 0.55, barcode insufficient_data",insufficient_data,0.0,,master|supplier,"only 0 checksum-valid barcode(s) available; corrupt reading from master, supplier"
abt-buy_0165,1003,1003,True,unresolved,False,reject,0.35,0.0,1.0,0.0,,"reject at 0.35 — source agreement 0.00, text margin 1.00, barcode insufficient_data",insufficient_data,0.0,,master|supplier,"only 0 checksum-valid barcode(s) available; corrupt reading from master, supplier"
abt-buy_0166,1008,1008,True,unresolved,False,reject,0.35,0.0,1.0,0.0,,"reject at 0.35 — source agreement 0.00, text margin 1.00, barcode insufficient_data",insufficient_data,0.0,,master|supplier,"only 0 checksum-valid barcode(s) available; corrupt reading from master, supplier"
abt-buy_0167,222,222,True,unresolved,False,reject,0.277,0.0,0.793,0.0,,"reject at 0.28 — source agreement 0.00, text margin 0.79, barcode insufficient_data",insufficient_data,0.0,,master|supplier,"only 0 checksum-valid barcode(s) available; corrupt reading from master, supplier"
abt-buy_0168,223,223,True,unresolved,False,reject,0.242,0.0,0.691,0.0,,"reject at 0.24 — source agreement 0.00, text margin 0.69, barcode insufficient_data",insufficient_data,0.0,,master|supplier,"only 0 checksum-valid barcode(s) available; corrupt reading from master, supplier"
abt-buy_0169,664,664,True,unresolved,False,reject,0.276,0.0,0.789,0.0,,"reject at 0.28 — source agreement 0.00, text margin 0.79, barcode insufficient_data",insufficient_data,0.0,,master|supplier,"only 0 checksum-valid barcode(s) available; corrupt reading from master, supplier"
abt-buy_0170,203,203,True,unresolved,False,reject,0.324,0.0,0.926,0.0,,"reject at 0.32 — source agreement 0.00, text margin 0.93, barcode insufficient_data",insufficient_data,0.0,,master|supplier,"only 0 checksum-valid barcode(s) available; corrupt reading from master, supplier"
abt-buy_0171,82,82,True,unresolved,False,reject,0.228,0.0,0.653,0.0,,"reject at 0.23 — source agreement 0.00, text margin 0.65, barcode insufficient_data",insufficient_data,0.0,,master|supplier,"only 0 checksum-valid barcode(s) available; corrupt reading from master, supplier"
abt-buy_0172,173,173,True,unresolved,False,reject,0.35,0.0,1.0,0.0,,"reject at 0.35 — source agreement 0.00, text margin 1.00, barcode insufficient_data",insufficient_data,0.0,,master|supplier,"only 0 checksum-valid barcode(s) available; corrupt reading from master, supplier"
abt-buy_0173,194,194,True,unresolved,False,reject,0.314,0.0,0.896,0.0,,"reject at 0.31 — source agreement 0.00, text margin 0.90, barcode insufficient_data",insufficient_data,0.0,,master|supplier,"only 0 checksum-valid barcode(s) available; corrupt reading from master, supplier"
abt-buy_0174,206,206,True,unresolved,False,reject,0.294,0.0,0.839,0.0,,"reject at 0.29 — source agreement 0.00, text margin 0.84, barcode insufficient_data",insufficient_data,0.0,,master|supplier,"only 0 checksum-valid barcode(s) available; corrupt reading from master, supplier"
abt-buy_0175,121,121,True,unresolved,False,reject,0.293,0.0,0.836,0.0,,"reject at 0.29 — source agreement 0.00, text margin 0.84, barcode insufficient_data",insufficient_data,0.0,,master|supplier,"only 0 checksum-valid barcode(s) available; corrupt reading from master, supplier"
abt-buy_0176,888,888,True,unresolved,False,reject,0.35,0.0,1.0,0.0,,"reject at 0.35 — source agreement 0.00, text margin 1.00, barcode insufficient_data",insufficient_data,0.0,,master|supplier,"only 0 checksum-valid barcode(s) available; corrupt reading from master, supplier"
abt-buy_0177,150,150,True,unresolved,False,reject,0.318,0.0,0.908,0.0,,"reject at 0.32 — source agreement 0.00, text margin 0.91, barcode insufficient_data",insufficient_data,0.0,,master|supplier,"only 0 checksum-valid barcode(s) available; corrupt reading from master, supplier"
abt-buy_0178,434,434,True,unresolved,False,reject,0.201,0.0,0.575,0.0,,"reject at 0.20 — source agreement 0.00, text margin 0.58, barcode insufficient_data",insufficient_data,0.0,,master|supplier,"only 0 checksum-valid barcode(s) available; corrupt reading from master, supplier"
abt-buy_0179,433,433,True,unresolved,False,reject,0.222,0.0,0.634,0.0,,"reject at 0.22 — source agreement 0.00, text margin 0.63, barcode insufficient_data",insufficient_data,0.0,,master|supplier,"only 0 checksum-valid barcode(s) available; corrupt reading from master, supplier"
abt-buy_0180,366,366,True,unresolved,False,reject,0.35,0.0,1.0,0.0,,"reject at 0.35 — source agreement 0.00, text margin 1.00, barcode insufficient_data",insufficient_data,0.0,,master|supplier,"only 0 checksum-valid barcode(s) available; corrupt reading from master, supplier"
abt-buy_0181,185,185,True,unresolved,False,reject,0.292,0.0,0.836,0.0,,"reject at 0.29 — source agreement 0.00, text margin 0.84, barcode insufficient_data",insufficient_data,0.0,,master|supplier,"only 0 checksum-valid barcode(s) available; corrupt reading from master, supplier"
abt-buy_0182,355,355,True,unresolved,False,reject,0.35,0.0,1.0,0.0,,"reject at 0.35 — source agreement 0.00, text margin 1.00, barcode insufficient_data",insufficient_data,0.0,,master|supplier,"only 0 checksum-valid barcode(s) available; corrupt reading from master, supplier"
abt-buy_0183,286,286,True,unresolved,False,reject,0.278,0.0,0.795,0.0,,"reject at 0.28 — source agreement 0.00, text margin 0.80, barcode insufficient_data",insufficient_data,0.0,,master|supplier,"only 0 checksum-valid barcode(s) available; corrupt reading from master, supplier"
abt-buy_0184,145,145,True,unresolved,False,reject,0.35,0.0,1.0,0.0,,"reject at 0.35 — source agreement 0.00, text margin 1.00, barcode insufficient_data",insufficient_data,0.0,,master|supplier,"only 0 checksum-valid barcode(s) available; corrupt reading from master, supplier"
abt-buy_0185,282,282,True,unresolved,False,reject,0.282,0.0,0.807,0.0,,"reject at 0.28 — source agreement 0.00, text margin 0.81, barcode insufficient_data",insufficient_data,0.0,,master|supplier,"only 0 checksum-valid barcode(s) available; corrupt reading from master, supplier"
abt-buy_0186,184,184,True,unresolved,False,reject,0.269,0.0,0.767,0.0,,"reject at 0.27 — source agreement 0.00, text margin 0.77, barcode insufficient_data",insufficient_data,0.0,,master|supplier,"only 0 checksum-valid barcode(s) available; corrupt reading from master, supplier"
abt-buy_0187,206,206,True,unresolved,False,reject,0.337,0.0,0.963,0.0,,"reject at 0.34 — source agreement 0.00, text margin 0.96, barcode insufficient_data",insufficient_data,0.0,,master|supplier,"only 0 checksum-valid barcode(s) available; corrupt reading from master, supplier"
abt-buy_0188,196,196,True,unresolved,False,reject,0.35,0.0,1.0,0.0,,"reject at 0.35 — source agreement 0.00, text margin 1.00, barcode insufficient_data",insufficient_data,0.0,,master|supplier,"only 0 checksum-valid barcode(s) available; corrupt reading from master, supplier"
abt-buy_0189,220,220,True,unresolved,False,reject,0.35,0.0,1.0,0.0,,"reject at 0.35 — source agreement 0.00, text margin 1.00, barcode insufficient_data",insufficient_data,0.0,,master|supplier,"only 0 checksum-valid barcode(s) available; corrupt reading from master, supplier"
abt-buy_0190,218,218,True,unresolved,False,reject,0.35,0.0,1.0,0.0,,"reject at 0.35 — source agreement 0.00, text margin 1.00, barcode insufficient_data",insufficient_data,0.0,,master|supplier,"only 0 checksum-valid barcode(s) available; corrupt reading from master, supplier"
abt-buy_0191,427,427,True,unresolved,False,reject,0.275,0.0,0.786,0.0,,"reject at 0.28 — source agreement 0.00, text margin 0.79, barcode insufficient_data",insufficient_data,0.0,,master|supplier,"only 0 checksum-valid barcode(s) available; corrupt reading from master, supplier"
abt-buy_0192,398,398,True,unresolved,False,reject,0.321,0.0,0.917,0.0,,"reject at 0.32 — source agreement 0.00, text margin 0.92, barcode insufficient_data",insufficient_data,0.0,,master|supplier,"only 0 checksum-valid barcode(s) available; corrupt reading from master, supplier"
abt-buy_0193,372,372,True,unresolved,False,reject,0.35,0.0,1.0,0.0,,"reject at 0.35 — source agreement 0.00, text margin 1.00, barcode insufficient_data",insufficient_data,0.0,,master|supplier,"only 0 checksum-valid barcode(s) available; corrupt reading from master, supplier"
abt-buy_0194,784,784,True,unresolved,False,reject,0.159,0.0,0.453,0.0,,"reject at 0.16 — source agreement 0.00, text margin 0.45, barcode insufficient_data",insufficient_data,0.0,,master|supplier,"only 0 checksum-valid barcode(s) available; corrupt reading from master, supplier"
abt-buy_0195,234,234,True,unresolved,False,reject,0.35,0.0,1.0,0.0,,"reject at 0.35 — source agreement 0.00, text margin 1.00, barcode insufficient_data",insufficient_data,0.0,,master|supplier,"only 0 checksum-valid barcode(s) available; corrupt reading from master, supplier"
abt-buy_0196,792,792,True,unresolved,False,reject,0.348,0.0,0.995,0.0,,"reject at 0.35 — source agreement 0.00, text margin 1.00, barcode insufficient_data",insufficient_data,0.0,,master|supplier,"only 0 checksum-valid barcode(s) available; corrupt reading from master, supplier"
abt-buy_0197,353,353,True,unresolved,False,reject,0.35,0.0,1.0,0.0,,"reject at 0.35 — source agreement 0.00, text margin 1.00, barcode insufficient_data",insufficient_data,0.0,,master|supplier,"only 0 checksum-valid barcode(s) available; corrupt reading from master, supplier"
abt-buy_0198,209,209,True,unresolved,False,reject,0.303,0.0,0.864,0.0,,"reject at 0.30 — source agreement 0.00, text margin 0.86, barcode insufficient_data",insufficient_data,0.0,,master|supplier,"only 0 checksum-valid barcode(s) available; corrupt reading from master, supplier"
abt-buy_0199,419,419,True,unresolved,False,reject,0.253,0.0,0.722,0.0,,"reject at 0.25 — source agreement 0.00, text margin 0.72, barcode insufficient_data",insufficient_data,0.0,,master|supplier,"only 0 checksum-valid barcode(s) available; corrupt reading from master, supplier"
abt-buy_0200,493,493,True,unresolved,False,reject,0.317,0.0,0.905,0.0,,"reject at 0.32 — source agreement 0.00, text margin 0.90, barcode insufficient_data",insufficient_data,0.0,,master|supplier,"only 0 checksum-valid barcode(s) available; corrupt reading from master, supplier"
abt-buy_0201,1048,1048,True,unresolved,False,reject,0.322,0.0,0.92,0.0,,"reject at 0.32 — source agreement 0.00, text margin 0.92, barcode insufficient_data",insufficient_data,0.0,,master|supplier,"only 0 checksum-valid barcode(s) available; corrupt reading from master, supplier"
abt-buy_0202,1052,1052,True,unresolved,False,reject,0.35,0.0,1.0,0.0,,"reject at 0.35 — source agreement 0.00, text margin 1.00, barcode insufficient_data",insufficient_data,0.0,,master|supplier,"only 0 checksum-valid barcode(s) available; corrupt reading from master, supplier"
abt-buy_0203,329,329,True,unresolved,False,reject,0.295,0.0,0.843,0.0,,"reject at 0.29 — source agreement 0.00, text margin 0.84, barcode insufficient_data",insufficient_data,0.0,,master|supplier,"only 0 checksum-valid barcode(s) available; corrupt reading from master, supplier"
abt-buy_0204,257,257,True,unresolved,False,reject,0.263,0.0,0.752,0.0,,"reject at 0.26 — source agreement 0.00, text margin 0.75, barcode insufficient_data",insufficient_data,0.0,,master|supplier,"only 0 checksum-valid barcode(s) available; corrupt reading from master, supplier"
abt-buy_0205,280,280,True,unresolved,False,reject,0.207,0.0,0.593,0.0,,"reject at 0.21 — source agreement 0.00, text margin 0.59, barcode insufficient_data",insufficient_data,0.0,,master|supplier,"only 0 checksum-valid barcode(s) available; corrupt reading from master, supplier"
abt-buy_0206,421,421,True,unresolved,False,reject,0.256,0.0,0.732,0.0,,"reject at 0.26 — source agreement 0.00, text margin 0.73, barcode insufficient_data",insufficient_data,0.0,,master|supplier,"only 0 checksum-valid barcode(s) available; corrupt reading from master, supplier"
abt-buy_0207,393,393,True,unresolved,False,reject,0.272,0.0,0.778,0.0,,"reject at 0.27 — source agreement 0.00, text margin 0.78, barcode insufficient_data",insufficient_data,0.0,,master|supplier,"only 0 checksum-valid barcode(s) available; corrupt reading from master, supplier"
abt-buy_0208,318,318,True,unresolved,False,reject,0.35,0.0,1.0,0.0,,"reject at 0.35 — source agreement 0.00, text margin 1.00, barcode insufficient_data",insufficient_data,0.0,,master|supplier,"only 0 checksum-valid barcode(s) available; corrupt reading from master, supplier"
abt-buy_0209,1057,1057,True,unresolved,False,reject,0.341,0.0,0.974,0.0,,"reject at 0.34 — source agreement 0.00, text margin 0.97, barcode insufficient_data",insufficient_data,0.0,,master|supplier,"only 0 checksum-valid barcode(s) available; corrupt reading from master, supplier"
abt-buy_0210,360,360,True,unresolved,False,reject,0.292,0.0,0.833,0.0,,"reject at 0.29 — source agreement 0.00, text margin 0.83, barcode insufficient_data",insufficient_data,0.0,,master|supplier,"only 0 checksum-valid barcode(s) available; corrupt reading from master, supplier"
abt-buy_0211,432,432,True,unresolved,False,reject,0.308,0.0,0.879,0.0,,"reject at 0.31 — source agreement 0.00, text margin 0.88, barcode insufficient_data",insufficient_data,0.0,,master|supplier,"only 0 checksum-valid barcode(s) available; corrupt reading from master, supplier"
abt-buy_0212,787,787,True,unresolved,False,reject,0.299,0.0,0.853,0.0,,"reject at 0.30 — source agreement 0.00, text margin 0.85, barcode insufficient_data",insufficient_data,0.0,,master|supplier,"only 0 checksum-valid barcode(s) available; corrupt reading from master, supplier"
abt-buy_0213,244,244,True,unresolved,False,reject,0.21,0.0,0.6,0.0,,"reject at 0.21 — source agreement 0.00, text margin 0.60, barcode insufficient_data",insufficient_data,0.0,,master|supplier,"only 0 checksum-valid barcode(s) available; corrupt reading from master, supplier"
abt-buy_0214,258,258,True,unresolved,False,reject,0.242,0.0,0.691,0.0,,"reject at 0.24 — source agreement 0.00, text margin 0.69, barcode insufficient_data",insufficient_data,0.0,,master|supplier,"only 0 checksum-valid barcode(s) available; corrupt reading from master, supplier"
abt-buy_0215,221,221,True,unresolved,False,reject,0.342,0.0,0.977,0.0,,"reject at 0.34 — source agreement 0.00, text margin 0.98, barcode insufficient_data",insufficient_data,0.0,,master|supplier,"only 0 checksum-valid barcode(s) available; corrupt reading from master, supplier"
abt-buy_0216,188,188,True,unresolved,False,reject,0.287,0.0,0.82,0.0,,"reject at 0.29 — source agreement 0.00, text margin 0.82, barcode insufficient_data",insufficient_data,0.0,,master|supplier,"only 0 checksum-valid barcode(s) available; corrupt reading from master, supplier"
abt-buy_0217,67,67,True,unresolved,False,reject,0.326,0.0,0.931,0.0,,"reject at 0.33 — source agreement 0.00, text margin 0.93, barcode insufficient_data",insufficient_data,0.0,,master|supplier,"only 0 checksum-valid barcode(s) available; corrupt reading from master, supplier"
abt-buy_0218,108,108,True,unresolved,False,reject,0.325,0.0,0.93,0.0,,"reject at 0.33 — source agreement 0.00, text margin 0.93, barcode insufficient_data",insufficient_data,0.0,,master|supplier,"only 0 checksum-valid barcode(s) available; corrupt reading from master, supplier"
abt-buy_0219,186,186,True,unresolved,False,reject,0.35,0.0,1.0,0.0,,"reject at 0.35 — source agreement 0.00, text margin 1.00, barcode insufficient_data",insufficient_data,0.0,,master|supplier,"only 0 checksum-valid barcode(s) available; corrupt reading from master, supplier"
abt-buy_0220,229,229,True,unresolved,False,reject,0.18,0.0,0.513,0.0,,"reject at 0.18 — source agreement 0.00, text margin 0.51, barcode insufficient_data",insufficient_data,0.0,,master|supplier,"only 0 checksum-valid barcode(s) available; corrupt reading from master, supplier"
abt-buy_0221,212,212,True,unresolved,False,reject,0.183,0.0,0.522,0.0,,"reject at 0.18 — source agreement 0.00, text margin 0.52, barcode insufficient_data",insufficient_data,0.0,,master|supplier,"only 0 checksum-valid barcode(s) available; corrupt reading from master, supplier"
abt-buy_0222,230,230,True,unresolved,False,reject,0.231,0.0,0.659,0.0,,"reject at 0.23 — source agreement 0.00, text margin 0.66, barcode insufficient_data",insufficient_data,0.0,,master|supplier,"only 0 checksum-valid barcode(s) available; corrupt reading from master, supplier"
abt-buy_0223,211,211,True,unresolved,False,reject,0.187,0.0,0.535,0.0,,"reject at 0.19 — source agreement 0.00, text margin 0.54, barcode insufficient_data",insufficient_data,0.0,,master|supplier,"only 0 checksum-valid barcode(s) available; corrupt reading from master, supplier"
abt-buy_0224,287,287,True,unresolved,False,reject,0.335,0.0,0.958,0.0,,"reject at 0.34 — source agreement 0.00, text margin 0.96, barcode insufficient_data",insufficient_data,0.0,,master|supplier,"only 0 checksum-valid barcode(s) available; corrupt reading from master, supplier"
abt-buy_0225,420,420,True,unresolved,False,reject,0.316,0.0,0.904,0.0,,"reject at 0.32 — source agreement 0.00, text margin 0.90, barcode insufficient_data",insufficient_data,0.0,,master|supplier,"only 0 checksum-valid barcode(s) available; corrupt reading from master, supplier"
abt-buy_0226,213,213,True,unresolved,False,reject,0.209,0.0,0.598,0.0,,"reject at 0.21 — source agreement 0.00, text margin 0.60, barcode insufficient_data",insufficient_data,0.0,,master|supplier,"only 0 checksum-valid barcode(s) available; corrupt reading from master, supplier"
abt-buy_0227,248,248,True,unresolved,False,reject,0.236,0.0,0.675,0.0,,"reject at 0.24 — source agreement 0.00, text margin 0.68, barcode insufficient_data",insufficient_data,0.0,,master|supplier,"only 0 checksum-valid barcode(s) available; corrupt reading from master, supplier"
abt-buy_0228,214,214,True,unresolved,False,reject,0.239,0.0,0.683,0.0,,"reject at 0.24 — source agreement 0.00, text margin 0.68, barcode insufficient_data",insufficient_data,0.0,,master|supplier,"only 0 checksum-valid barcode(s) available; corrupt reading from master, supplier"
abt-buy_0229,245,245,True,unresolved,False,reject,0.286,0.0,0.817,0.0,,"reject at 0.29 — source agreement 0.00, text margin 0.82, barcode insufficient_data",insufficient_data,0.0,,master|supplier,"only 0 checksum-valid barcode(s) available; corrupt reading from master, supplier"
abt-buy_0230,339,339,True,unresolved,False,reject,0.35,0.0,1.0,0.0,,"reject at 0.35 — source agreement 0.00, text margin 1.00, barcode insufficient_data",insufficient_data,0.0,,master|supplier,"only 0 checksum-valid barcode(s) available; corrupt reading from master, supplier"
abt-buy_0231,1074,1074,True,unresolved,False,reject,0.35,0.0,1.0,0.0,,"reject at 0.35 — source agreement 0.00, text margin 1.00, barcode insufficient_data",insufficient_data,0.0,,master|supplier,"only 0 checksum-valid barcode(s) available; corrupt reading from master, supplier"
abt-buy_0232,375,375,True,unresolved,False,reject,0.23,0.0,0.657,0.0,,"reject at 0.23 — source agreement 0.00, text margin 0.66, barcode insufficient_data",insufficient_data,0.0,,master|supplier,"only 0 checksum-valid barcode(s) available; corrupt reading from master, supplier"
abt-buy_0233,1051,1051,True,unresolved,False,reject,0.35,0.0,1.0,0.0,,"reject at 0.35 — source agreement 0.00, text margin 1.00, barcode insufficient_data",insufficient_data,0.0,,master|supplier,"only 0 checksum-valid barcode(s) available; corrupt reading from master, supplier"
abt-buy_0234,838,838,True,unresolved,False,reject,0.177,0.0,0.507,0.0,,"reject at 0.18 — source agreement 0.00, text margin 0.51, barcode insufficient_data",insufficient_data,0.0,,master|supplier,"only 0 checksum-valid barcode(s) available; corrupt reading from master, supplier"
abt-buy_0235,174,174,True,unresolved,False,reject,0.236,0.0,0.674,0.0,,"reject at 0.24 — source agreement 0.00, text margin 0.67, barcode insufficient_data",insufficient_data,0.0,,master|supplier,"only 0 checksum-valid barcode(s) available; corrupt reading from master, supplier"
abt-buy_0236,251,251,True,unresolved,False,reject,0.264,0.0,0.754,0.0,,"reject at 0.26 — source agreement 0.00, text margin 0.75, barcode insufficient_data",insufficient_data,0.0,,master|supplier,"only 0 checksum-valid barcode(s) available; corrupt reading from master, supplier"
abt-buy_0237,241,241,True,unresolved,False,reject,0.35,0.0,1.0,0.0,,"reject at 0.35 — source agreement 0.00, text margin 1.00, barcode insufficient_data",insufficient_data,0.0,,master|supplier,"only 0 checksum-valid barcode(s) available; corrupt reading from master, supplier"
abt-buy_0238,377,377,True,unresolved,False,reject,0.335,0.0,0.957,0.0,,"reject at 0.34 — source agreement 0.00, text margin 0.96, barcode insufficient_data",insufficient_data,0.0,,master|supplier,"only 0 checksum-valid barcode(s) available; corrupt reading from master, supplier"
abt-buy_0239,267,267,True,unresolved,False,reject,0.238,0.0,0.681,0.0,,"reject at 0.24 — source agreement 0.00, text margin 0.68, barcode insufficient_data",insufficient_data,0.0,,master|supplier,"only 0 checksum-valid barcode(s) available; corrupt reading from master, supplier"
abt-buy_0240,289,289,True,unresolved,False,reject,0.319,0.0,0.911,0.0,,"reject at 0.32 — source agreement 0.00, text margin 0.91, barcode insufficient_data",insufficient_data,0.0,,master|supplier,"only 0 checksum-valid barcode(s) available; corrupt reading from master, supplier"
abt-buy_0241,559,559,True,unresolved,False,reject,0.35,0.0,1.0,0.0,,"reject at 0.35 — source agreement 0.00, text margin 1.00, barcode insufficient_data",insufficient_data,0.0,,master|supplier,"only 0 checksum-valid barcode(s) available; corrupt reading from master, supplier"
abt-buy_0242,507,507,True,unresolved,False,reject,0.322,0.0,0.92,0.0,,"reject at 0.32 — source agreement 0.00, text margin 0.92, barcode insufficient_data",insufficient_data,0.0,,master|supplier,"only 0 checksum-valid barcode(s) available; corrupt reading from master, supplier"
abt-buy_0243,271,271,True,unresolved,False,reject,0.276,0.0,0.787,0.0,,"reject at 0.28 — source agreement 0.00, text margin 0.79, barcode insufficient_data",insufficient_data,0.0,,master|supplier,"only 0 checksum-valid barcode(s) available; corrupt reading from master, supplier"
abt-buy_0244,290,290,True,unresolved,False,reject,0.252,0.0,0.719,0.0,,"reject at 0.25 — source agreement 0.00, text margin 0.72, barcode insufficient_data",insufficient_data,0.0,,master|supplier,"only 0 checksum-valid barcode(s) available; corrupt reading from master, supplier"
abt-buy_0245,309,309,True,unresolved,False,reject,0.271,0.0,0.773,0.0,,"reject at 0.27 — source agreement 0.00, text margin 0.77, barcode insufficient_data",insufficient_data,0.0,,master|supplier,"only 0 checksum-valid barcode(s) available; corrupt reading from master, supplier"
abt-buy_0246,269,269,True,unresolved,False,reject,0.289,0.0,0.824,0.0,,"reject at 0.29 — source agreement 0.00, text margin 0.82, barcode insufficient_data",insufficient_data,0.0,,master|supplier,"only 0 checksum-valid barcode(s) available; corrupt reading from master, supplier"
abt-buy_0247,268,268,True,unresolved,False,reject,0.258,0.0,0.738,0.0,,"reject at 0.26 — source agreement 0.00, text margin 0.74, barcode insufficient_data",insufficient_data,0.0,,master|supplier,"only 0 checksum-valid barcode(s) available; corrupt reading from master, supplier"
abt-buy_0248,270,270,True,unresolved,False,reject,0.264,0.0,0.754,0.0,,"reject at 0.26 — source agreement 0.00, text margin 0.75, barcode insufficient_data",insufficient_data,0.0,,master|supplier,"only 0 checksum-valid barcode(s) available; corrupt reading from master, supplier"
abt-buy_0249,253,253,True,unresolved,False,reject,0.339,0.0,0.969,0.0,,"reject at 0.34 — source agreement 0.00, text margin 0.97, barcode insufficient_data",insufficient_data,0.0,,master|supplier,"only 0 checksum-valid barcode(s) available; corrupt reading from master, supplier"
abt-buy_0250,231,231,True,unresolved,False,reject,0.254,0.0,0.725,0.0,,"reject at 0.25 — source agreement 0.00, text margin 0.72, barcode insufficient_data",insufficient_data,0.0,,master|supplier,"only 0 checksum-valid barcode(s) available; corrupt reading from master, supplier"
abt-buy_0251,141,141,True,unresolved,False,reject,0.35,0.0,1.0,0.0,,"reject at 0.35 — source agreement 0.00, text margin 1.00, barcode insufficient_data",insufficient_data,0.0,,master|supplier,"only 0 checksum-valid barcode(s) available; corrupt reading from master, supplier"
abt-buy_0252,52,52,True,unresolved,False,reject,0.35,0.0,1.0,0.0,,"reject at 0.35 — source agreement 0.00, text margin 1.00, barcode insufficient_data",insufficient_data,0.0,,master|supplier,"only 0 checksum-valid barcode(s) available; corrupt reading from master, supplier"
abt-buy_0253,112,112,True,unresolved,False,reject,0.29,0.0,0.827,0.0,,"reject at 0.29 — source agreement 0.00, text margin 0.83, barcode insufficient_data",insufficient_data,0.0,,master|supplier,"only 0 checksum-valid barcode(s) available; corrupt reading from master, supplier"
abt-buy_0254,187,187,True,unresolved,False,reject,0.22,0.0,0.629,0.0,,"reject at 0.22 — source agreement 0.00, text margin 0.63, barcode insufficient_data",insufficient_data,0.0,,master|supplier,"only 0 checksum-valid barcode(s) available; corrupt reading from master, supplier"
abt-buy_0255,1054,1054,True,unresolved,False,reject,0.251,0.0,0.717,0.0,,"reject at 0.25 — source agreement 0.00, text margin 0.72, barcode insufficient_data",insufficient_data,0.0,,master|supplier,"only 0 checksum-valid barcode(s) available; corrupt reading from master, supplier"
abt-buy_0256,361,361,True,unresolved,False,reject,0.24,0.0,0.687,0.0,,"reject at 0.24 — source agreement 0.00, text margin 0.69, barcode insufficient_data",insufficient_data,0.0,,master|supplier,"only 0 checksum-valid barcode(s) available; corrupt reading from master, supplier"
abt-buy_0257,969,969,True,unresolved,False,reject,0.35,0.0,1.0,0.0,,"reject at 0.35 — source agreement 0.00, text margin 1.00, barcode insufficient_data",insufficient_data,0.0,,master|supplier,"only 0 checksum-valid barcode(s) available; corrupt reading from master, supplier"
abt-buy_0258,137,137,True,unresolved,False,reject,0.313,0.0,0.894,0.0,,"reject at 0.31 — source agreement 0.00, text margin 0.89, barcode insufficient_data",insufficient_data,0.0,,master|supplier,"only 0 checksum-valid barcode(s) available; corrupt reading from master, supplier"
abt-buy_0259,224,224,True,unresolved,False,reject,0.35,0.0,1.0,0.0,,"reject at 0.35 — source agreement 0.00, text margin 1.00, barcode insufficient_data",insufficient_data,0.0,,master|supplier,"only 0 checksum-valid barcode(s) available; corrupt reading from master, supplier"
abt-buy_0260,1030,1030,True,unresolved,False,reject,0.35,0.0,1.0,0.0,,"reject at 0.35 — source agreement 0.00, text margin 1.00, barcode insufficient_data",insufficient_data,0.0,,master|supplier,"only 0 checksum-valid barcode(s) available; corrupt reading from master, supplier"
abt-buy_0261,274,274,True,unresolved,False,reject,0.35,0.0,1.0,0.0,,"reject at 0.35 — source agreement 0.00, text margin 1.00, barcode insufficient_data",insufficient_data,0.0,,master|supplier,"only 0 checksum-valid barcode(s) available; corrupt reading from master, supplier"
abt-buy_0262,240,240,True,unresolved,False,reject,0.35,0.0,1.0,0.0,,"reject at 0.35 — source agreement 0.00, text margin 1.00, barcode insufficient_data",insufficient_data,0.0,,master|supplier,"only 0 checksum-valid barcode(s) available; corrupt reading from master, supplier"
abt-buy_0263,668,668,True,unresolved,False,reject,0.341,0.0,0.975,0.0,,"reject at 0.34 — source agreement 0.00, text margin 0.97, barcode insufficient_data",insufficient_data,0.0,,master|supplier,"only 0 checksum-valid barcode(s) available; corrupt reading from master, supplier"
abt-buy_0264,974,974,True,unresolved,False,reject,0.311,0.0,0.89,0.0,,"reject at 0.31 — source agreement 0.00, text margin 0.89, barcode insufficient_data",insufficient_data,0.0,,master|supplier,"only 0 checksum-valid barcode(s) available; corrupt reading from master, supplier"
abt-buy_0265,239,239,True,unresolved,False,reject,0.35,0.0,1.0,0.0,,"reject at 0.35 — source agreement 0.00, text margin 1.00, barcode insufficient_data",insufficient_data,0.0,,master|supplier,"only 0 checksum-valid barcode(s) available; corrupt reading from master, supplier"
abt-buy_0266,855,855,True,unresolved,False,reject,0.293,0.0,0.837,0.0,,"reject at 0.29 — source agreement 0.00, text margin 0.84, barcode insufficient_data",insufficient_data,0.0,,master|supplier,"only 0 checksum-valid barcode(s) available; corrupt reading from master, supplier"
abt-buy_0267,126,126,True,unresolved,False,reject,0.171,0.0,0.49,0.0,,"reject at 0.17 — source agreement 0.00, text margin 0.49, barcode insufficient_data",insufficient_data,0.0,,master|supplier,"only 0 checksum-valid barcode(s) available; corrupt reading from master, supplier"
abt-buy_0268,122,122,True,unresolved,False,reject,0.243,0.0,0.693,0.0,,"reject at 0.24 — source agreement 0.00, text margin 0.69, barcode insufficient_data",insufficient_data,0.0,,master|supplier,"only 0 checksum-valid barcode(s) available; corrupt reading from master, supplier"
abt-buy_0269,124,124,True,unresolved,False,reject,0.35,0.0,1.0,0.0,,"reject at 0.35 — source agreement 0.00, text margin 1.00, barcode insufficient_data",insufficient_data,0.0,,master|supplier,"only 0 checksum-valid barcode(s) available; corrupt reading from master, supplier"
abt-buy_0270,301,301,True,unresolved,False,reject,0.282,0.0,0.804,0.0,,"reject at 0.28 — source agreement 0.00, text margin 0.80, barcode insufficient_data",insufficient_data,0.0,,master|supplier,"only 0 checksum-valid barcode(s) available; corrupt reading from master, supplier"
abt-buy_0271,297,297,True,unresolved,False,reject,0.257,0.0,0.735,0.0,,"reject at 0.26 — source agreement 0.00, text margin 0.74, barcode insufficient_data",insufficient_data,0.0,,master|supplier,"only 0 checksum-valid barcode(s) available; corrupt reading from master, supplier"
abt-buy_0272,272,272,True,unresolved,False,reject,0.249,0.0,0.713,0.0,,"reject at 0.25 — source agreement 0.00, text margin 0.71, barcode insufficient_data",insufficient_data,0.0,,master|supplier,"only 0 checksum-valid barcode(s) available; corrupt reading from master, supplier"
abt-buy_0273,273,273,True,unresolved,False,reject,0.272,0.0,0.777,0.0,,"reject at 0.27 — source agreement 0.00, text margin 0.78, barcode insufficient_data",insufficient_data,0.0,,master|supplier,"only 0 checksum-valid barcode(s) available; corrupt reading from master, supplier"
abt-buy_0274,279,279,True,unresolved,False,reject,0.305,0.0,0.872,0.0,,"reject at 0.31 — source agreement 0.00, text margin 0.87, barcode insufficient_data",insufficient_data,0.0,,master|supplier,"only 0 checksum-valid barcode(s) available; corrupt reading from master, supplier"
abt-buy_0275,640,640,True,unresolved,False,reject,0.35,0.0,1.0,0.0,,"reject at 0.35 — source agreement 0.00, text margin 1.00, barcode insufficient_data",insufficient_data,0.0,,master|supplier,"only 0 checksum-valid barcode(s) available; corrupt reading from master, supplier"
abt-buy_0276,1079,1079,True,unresolved,False,reject,0.35,0.0,1.0,0.0,,"reject at 0.35 — source agreement 0.00, text margin 1.00, barcode insufficient_data",insufficient_data,0.0,,master|supplier,"only 0 checksum-valid barcode(s) available; corrupt reading from master, supplier"
abt-buy_0277,1071,1071,True,unresolved,False,reject,0.283,0.0,0.81,0.0,,"reject at 0.28 — source agreement 0.00, text margin 0.81, barcode insufficient_data",insufficient_data,0.0,,master|supplier,"only 0 checksum-valid barcode(s) available; corrupt reading from master, supplier"
abt-buy_0278,416,416,True,unresolved,False,reject,0.199,0.0,0.568,0.0,,"reject at 0.20 — source agreement 0.00, text margin 0.57, barcode insufficient_data",insufficient_data,0.0,,master|supplier,"only 0 checksum-valid barcode(s) available; corrupt reading from master, supplier"
abt-buy_0279,292,292,True,unresolved,False,reject,0.35,0.0,1.0,0.0,,"reject at 0.35 — source agreement 0.00, text margin 1.00, barcode insufficient_data",insufficient_data,0.0,,master|supplier,"only 0 checksum-valid barcode(s) available; corrupt reading from master, supplier"
abt-buy_0280,313,313,True,unresolved,False,reject,0.206,0.0,0.588,0.0,,"reject at 0.21 — source agreement 0.00, text margin 0.59, barcode insufficient_data",insufficient_data,0.0,,master|supplier,"only 0 checksum-valid barcode(s) available; corrupt reading from master, supplier"
abt-buy_0281,333,333,True,unresolved,False,reject,0.149,0.0,0.426,0.0,,"reject at 0.15 — source agreement 0.00, text margin 0.43, barcode insufficient_data",insufficient_data,0.0,,master|supplier,"only 0 checksum-valid barcode(s) available; corrupt reading from master, supplier"
abt-buy_0282,788,788,True,unresolved,False,reject,0.278,0.0,0.794,0.0,,"reject at 0.28 — source agreement 0.00, text margin 0.79, barcode insufficient_data",insufficient_data,0.0,,master|supplier,"only 0 checksum-valid barcode(s) available; corrupt reading from master, supplier"
abt-buy_0283,1077,1077,True,unresolved,False,reject,0.348,0.0,0.996,0.0,,"reject at 0.35 — source agreement 0.00, text margin 1.00, barcode insufficient_data",insufficient_data,0.0,,master|supplier,"only 0 checksum-valid barcode(s) available; corrupt reading from master, supplier"
abt-buy_0284,337,337,True,unresolved,False,reject,0.318,0.0,0.908,0.0,,"reject at 0.32 — source agreement 0.00, text margin 0.91, barcode insufficient_data",insufficient_data,0.0,,master|supplier,"only 0 checksum-valid barcode(s) available; corrupt reading from master, supplier"
abt-buy_0285,391,391,True,unresolved,False,reject,0.288,0.0,0.823,0.0,,"reject at 0.29 — source agreement 0.00, text margin 0.82, barcode insufficient_data",insufficient_data,0.0,,master|supplier,"only 0 checksum-valid barcode(s) available; corrupt reading from master, supplier"
abt-buy_0286,291,291,True,unresolved,False,reject,0.263,0.0,0.752,0.0,,"reject at 0.26 — source agreement 0.00, text margin 0.75, barcode insufficient_data",insufficient_data,0.0,,master|supplier,"only 0 checksum-valid barcode(s) available; corrupt reading from master, supplier"
abt-buy_0287,422,422,True,unresolved,False,reject,0.304,0.0,0.869,0.0,,"reject at 0.30 — source agreement 0.00, text margin 0.87, barcode insufficient_data",insufficient_data,0.0,,master|supplier,"only 0 checksum-valid barcode(s) available; corrupt reading from master, supplier"
abt-buy_0288,321,321,True,unresolved,False,reject,0.306,0.0,0.873,0.0,,"reject at 0.31 — source agreement 0.00, text margin 0.87, barcode insufficient_data",insufficient_data,0.0,,master|supplier,"only 0 checksum-valid barcode(s) available; corrupt reading from master, supplier"
abt-buy_0289,381,381,True,unresolved,False,reject,0.35,0.0,1.0,0.0,,"reject at 0.35 — source agreement 0.00, text margin 1.00, barcode insufficient_data",insufficient_data,0.0,,master|supplier,"only 0 checksum-valid barcode(s) available; corrupt reading from master, supplier"
abt-buy_0290,306,306,True,unresolved,False,reject,0.326,0.0,0.931,0.0,,"reject at 0.33 — source agreement 0.00, text margin 0.93, barcode insufficient_data",insufficient_data,0.0,,master|supplier,"only 0 checksum-valid barcode(s) available; corrupt reading from master, supplier"
abt-buy_0291,275,275,True,unresolved,False,reject,0.339,0.0,0.967,0.0,,"reject at 0.34 — source agreement 0.00, text margin 0.97, barcode insufficient_data",insufficient_data,0.0,,master|supplier,"only 0 checksum-valid barcode(s) available; corrupt reading from master, supplier"
abt-buy_0292,403,403,True,unresolved,False,reject,0.305,0.0,0.871,0.0,,"reject at 0.30 — source agreement 0.00, text margin 0.87, barcode insufficient_data",insufficient_data,0.0,,master|supplier,"only 0 checksum-valid barcode(s) available; corrupt reading from master, supplier"
abt-buy_0293,311,311,True,unresolved,False,reject,0.205,0.0,0.586,0.0,,"reject at 0.20 — source agreement 0.00, text margin 0.59, barcode insufficient_data",insufficient_data,0.0,,master|supplier,"only 0 checksum-valid barcode(s) available; corrupt reading from master, supplier"
abt-buy_0294,978,978,True,unresolved,False,reject,0.35,0.0,1.0,0.0,,"reject at 0.35 — source agreement 0.00, text margin 1.00, barcode insufficient_data",insufficient_data,0.0,,master|supplier,"only 0 checksum-valid barcode(s) available; corrupt reading from master, supplier"
abt-buy_0295,491,491,True,unresolved,False,reject,0.279,0.0,0.798,0.0,,"reject at 0.28 — source agreement 0.00, text margin 0.80, barcode insufficient_data",insufficient_data,0.0,,master|supplier,"only 0 checksum-valid barcode(s) available; corrupt reading from master, supplier"
abt-buy_0296,519,519,True,unresolved,False,reject,0.34,0.0,0.972,0.0,,"reject at 0.34 — source agreement 0.00, text margin 0.97, barcode insufficient_data",insufficient_data,0.0,,master|supplier,"only 0 checksum-valid barcode(s) available; corrupt reading from master, supplier"
abt-buy_0297,518,518,True,unresolved,False,reject,0.35,0.0,1.0,0.0,,"reject at 0.35 — source agreement 0.00, text margin 1.00, barcode insufficient_data",insufficient_data,0.0,,master|supplier,"only 0 checksum-valid barcode(s) available; corrupt reading from master, supplier"
abt-buy_0298,340,340,True,unresolved,False,reject,0.35,0.0,1.0,0.0,,"reject at 0.35 — source agreement 0.00, text margin 1.00, barcode insufficient_data",insufficient_data,0.0,,master|supplier,"only 0 checksum-valid barcode(s) available; corrupt reading from master, supplier"
abt-buy_0299,341,341,True,unresolved,False,reject,0.35,0.0,1.0,0.0,,"reject at 0.35 — source agreement 0.00, text margin 1.00, barcode insufficient_data",insufficient_data,0.0,,master|supplier,"only 0 checksum-valid barcode(s) available; corrupt reading from master, supplier"
abt-buy_0300,349,349,True,unresolved,False,reject,0.311,0.0,0.889,0.0,,"reject at 0.31 — source agreement 0.00, text margin 0.89, barcode insufficient_data",insufficient_data,0.0,,master|supplier,"only 0 checksum-valid barcode(s) available; corrupt reading from master, supplier"
abt-buy_0301,364,364,True,unresolved,False,reject,0.251,0.0,0.717,0.0,,"reject at 0.25 — source agreement 0.00, text margin 0.72, barcode insufficient_data",insufficient_data,0.0,,master|supplier,"only 0 checksum-valid barcode(s) available; corrupt reading from master, supplier"
abt-buy_0302,342,342,True,unresolved,False,reject,0.334,0.0,0.954,0.0,,"reject at 0.33 — source agreement 0.00, text margin 0.95, barcode insufficient_data",insufficient_data,0.0,,master|supplier,"only 0 checksum-valid barcode(s) available; corrupt reading from master, supplier"
abt-buy_0303,556,556,True,unresolved,False,reject,0.253,0.0,0.723,0.0,,"reject at 0.25 — source agreement 0.00, text margin 0.72, barcode insufficient_data",insufficient_data,0.0,,master|supplier,"only 0 checksum-valid barcode(s) available; corrupt reading from master, supplier"
abt-buy_0304,448,448,True,unresolved,False,reject,0.241,0.0,0.689,0.0,,"reject at 0.24 — source agreement 0.00, text margin 0.69, barcode insufficient_data",insufficient_data,0.0,,master|supplier,"only 0 checksum-valid barcode(s) available; corrupt reading from master, supplier"
abt-buy_0305,588,588,True,unresolved,False,reject,0.175,0.0,0.499,0.0,,"reject at 0.17 — source agreement 0.00, text margin 0.50, barcode insufficient_data",insufficient_data,0.0,,master|supplier,"only 0 checksum-valid barcode(s) available; corrupt reading from master, supplier"
abt-buy_0306,316,316,True,unresolved,False,reject,0.239,0.0,0.683,0.0,,"reject at 0.24 — source agreement 0.00, text margin 0.68, barcode insufficient_data",insufficient_data,0.0,,master|supplier,"only 0 checksum-valid barcode(s) available; corrupt reading from master, supplier"
abt-buy_0307,343,343,True,unresolved,False,reject,0.219,0.0,0.626,0.0,,"reject at 0.22 — source agreement 0.00, text margin 0.63, barcode insufficient_data",insufficient_data,0.0,,master|supplier,"only 0 checksum-valid barcode(s) available; corrupt reading from master, supplier"
abt-buy_0308,346,346,True,unresolved,False,reject,0.231,0.0,0.659,0.0,,"reject at 0.23 — source agreement 0.00, text margin 0.66, barcode insufficient_data",insufficient_data,0.0,,master|supplier,"only 0 checksum-valid barcode(s) available; corrupt reading from master, supplier"
abt-buy_0309,399,399,True,unresolved,False,reject,0.35,0.0,1.0,0.0,,"reject at 0.35 — source agreement 0.00, text margin 1.00, barcode insufficient_data",insufficient_data,0.0,,master|supplier,"only 0 checksum-valid barcode(s) available; corrupt reading from master, supplier"
abt-buy_0310,807,807,True,unresolved,False,reject,0.218,0.0,0.622,0.0,,"reject at 0.22 — source agreement 0.00, text margin 0.62, barcode insufficient_data",insufficient_data,0.0,,master|supplier,"only 0 checksum-valid barcode(s) available; corrupt reading from master, supplier"
abt-buy_0311,299,299,True,unresolved,False,reject,0.219,0.0,0.627,0.0,,"reject at 0.22 — source agreement 0.00, text margin 0.63, barcode insufficient_data",insufficient_data,0.0,,master|supplier,"only 0 checksum-valid barcode(s) available; corrupt reading from master, supplier"
abt-buy_0312,300,300,True,unresolved,False,reject,0.19,0.0,0.544,0.0,,"reject at 0.19 — source agreement 0.00, text margin 0.54, barcode insufficient_data",insufficient_data,0.0,,master|supplier,"only 0 checksum-valid barcode(s) available; corrupt reading from master, supplier"
abt-buy_0313,298,298,True,unresolved,False,reject,0.131,0.0,0.375,0.0,,"reject at 0.13 — source agreement 0.00, text margin 0.38, barcode insufficient_data",insufficient_data,0.0,,master|supplier,"only 0 checksum-valid barcode(s) available; corrupt reading from master, supplier"
abt-buy_0314,302,302,True,unresolved,False,reject,0.152,0.0,0.434,0.0,,"reject at 0.15 — source agreement 0.00, text margin 0.43, barcode insufficient_data",insufficient_data,0.0,,master|supplier,"only 0 checksum-valid barcode(s) available; corrupt reading from master, supplier"
abt-buy_0315,303,303,True,unresolved,False,reject,0.157,0.0,0.45,0.0,,"reject at 0.16 — source agreement 0.00, text margin 0.45, barcode insufficient_data",insufficient_data,0.0,,master|supplier,"only 0 checksum-valid barcode(s) available; corrupt reading from master, supplier"
abt-buy_0316,306,306,True,unresolved,False,reject,0.287,0.0,0.819,0.0,,"reject at 0.29 — source agreement 0.00, text margin 0.82, barcode insufficient_data",insufficient_data,0.0,,master|supplier,"only 0 checksum-valid barcode(s) available; corrupt reading from master, supplier"
abt-buy_0317,957,957,True,unresolved,False,reject,0.25,0.0,0.713,0.0,,"reject at 0.25 — source agreement 0.00, text margin 0.71, barcode insufficient_data",insufficient_data,0.0,,master|supplier,"only 0 checksum-valid barcode(s) available; corrupt reading from master, supplier"
abt-buy_0318,821,821,True,unresolved,False,reject,0.207,0.0,0.592,0.0,,"reject at 0.21 — source agreement 0.00, text margin 0.59, barcode insufficient_data",insufficient_data,0.0,,master|supplier,"only 0 checksum-valid barcode(s) available; corrupt reading from master, supplier"
abt-buy_0319,865,865,True,unresolved,False,reject,0.24,0.0,0.685,0.0,,"reject at 0.24 — source agreement 0.00, text margin 0.68, barcode insufficient_data",insufficient_data,0.0,,master|supplier,"only 0 checksum-valid barcode(s) available; corrupt reading from master, supplier"
abt-buy_0320,327,327,True,unresolved,False,reject,0.283,0.0,0.81,0.0,,"reject at 0.28 — source agreement 0.00, text margin 0.81, barcode insufficient_data",insufficient_data,0.0,,master|supplier,"only 0 checksum-valid barcode(s) available; corrupt reading from master, supplier"
abt-buy_0321,358,358,True,unresolved,False,reject,0.324,0.0,0.926,0.0,,"reject at 0.32 — source agreement 0.00, text margin 0.93, barcode insufficient_data",insufficient_data,0.0,,master|supplier,"only 0 checksum-valid barcode(s) available; corrupt reading from master, supplier"
abt-buy_0322,354,354,True,unresolved,False,reject,0.274,0.0,0.782,0.0,,"reject at 0.27 — source agreement 0.00, text margin 0.78, barcode insufficient_data",insufficient_data,0.0,,master|supplier,"only 0 checksum-valid barcode(s) available; corrupt reading from master, supplier"
abt-buy_0323,394,394,True,unresolved,False,reject,0.35,0.0,1.0,0.0,,"reject at 0.35 — source agreement 0.00, text margin 1.00, barcode insufficient_data",insufficient_data,0.0,,master|supplier,"only 0 checksum-valid barcode(s) available; corrupt reading from master, supplier"
abt-buy_0324,347,347,True,unresolved,False,reject,0.218,0.0,0.622,0.0,,"reject at 0.22 — source agreement 0.00, text margin 0.62, barcode insufficient_data",insufficient_data,0.0,,master|supplier,"only 0 checksum-valid barcode(s) available; corrupt reading from master, supplier"
abt-buy_0325,1020,1020,True,unresolved,False,reject,0.23,0.0,0.657,0.0,,"reject at 0.23 — source agreement 0.00, text margin 0.66, barcode insufficient_data",insufficient_data,0.0,,master|supplier,"only 0 checksum-valid barcode(s) available; corrupt reading from master, supplier"
abt-buy_0326,601,601,True,unresolved,False,reject,0.35,0.0,1.0,0.0,,"reject at 0.35 — source agreement 0.00, text margin 1.00, barcode insufficient_data",insufficient_data,0.0,,master|supplier,"only 0 checksum-valid barcode(s) available; corrupt reading from master, supplier"
abt-buy_0327,808,808,True,unresolved,False,reject,0.26,0.0,0.744,0.0,,"reject at 0.26 — source agreement 0.00, text margin 0.74, barcode insufficient_data",insufficient_data,0.0,,master|supplier,"only 0 checksum-valid barcode(s) available; corrupt reading from master, supplier"
abt-buy_0328,365,365,True,unresolved,False,reject,0.227,0.0,0.65,0.0,,"reject at 0.23 — source agreement 0.00, text margin 0.65, barcode insufficient_data",insufficient_data,0.0,,master|supplier,"only 0 checksum-valid barcode(s) available; corrupt reading from master, supplier"
abt-buy_0329,1060,1060,True,unresolved,False,reject,0.35,0.0,1.0,0.0,,"reject at 0.35 — source agreement 0.00, text margin 1.00, barcode insufficient_data",insufficient_data,0.0,,master|supplier,"only 0 checksum-valid barcode(s) available; corrupt reading from master, supplier"
abt-buy_0330,344,344,True,unresolved,False,reject,0.246,0.0,0.702,0.0,,"reject at 0.25 — source agreement 0.00, text margin 0.70, barcode insufficient_data",insufficient_data,0.0,,master|supplier,"only 0 checksum-valid barcode(s) available; corrupt reading from master, supplier"
abt-buy_0331,455,455,True,unresolved,False,reject,0.267,0.0,0.762,0.0,,"reject at 0.27 — source agreement 0.00, text margin 0.76, barcode insufficient_data",insufficient_data,0.0,,master|supplier,"only 0 checksum-valid barcode(s) available; corrupt reading from master, supplier"
abt-buy_0332,586,586,True,unresolved,False,reject,0.316,0.0,0.904,0.0,,"reject at 0.32 — source agreement 0.00, text margin 0.90, barcode insufficient_data",insufficient_data,0.0,,master|supplier,"only 0 checksum-valid barcode(s) available; corrupt reading from master, supplier"
abt-buy_0333,413,413,True,unresolved,False,reject,0.35,0.0,1.0,0.0,,"reject at 0.35 — source agreement 0.00, text margin 1.00, barcode insufficient_data",insufficient_data,0.0,,master|supplier,"only 0 checksum-valid barcode(s) available; corrupt reading from master, supplier"
abt-buy_0334,386,386,True,unresolved,False,reject,0.174,0.0,0.498,0.0,,"reject at 0.17 — source agreement 0.00, text margin 0.50, barcode insufficient_data",insufficient_data,0.0,,master|supplier,"only 0 checksum-valid barcode(s) available; corrupt reading from master, supplier"
abt-buy_0335,388,388,True,unresolved,False,reject,0.174,0.0,0.498,0.0,,"reject at 0.17 — source agreement 0.00, text margin 0.50, barcode insufficient_data",insufficient_data,0.0,,master|supplier,"only 0 checksum-valid barcode(s) available; corrupt reading from master, supplier"
abt-buy_0336,387,387,True,unresolved,False,reject,0.163,0.0,0.465,0.0,,"reject at 0.16 — source agreement 0.00, text margin 0.46, barcode insufficient_data",insufficient_data,0.0,,master|supplier,"only 0 checksum-valid barcode(s) available; corrupt reading from master, supplier"
abt-buy_0337,389,389,True,unresolved,False,reject,0.176,0.0,0.502,0.0,,"reject at 0.18 — source agreement 0.00, text margin 0.50, barcode insufficient_data",insufficient_data,0.0,,master|supplier,"only 0 checksum-valid barcode(s) available; corrupt reading from master, supplier"
abt-buy_0338,178,178,True,unresolved,False,reject,0.263,0.0,0.75,0.0,,"reject at 0.26 — source agreement 0.00, text margin 0.75, barcode insufficient_data",insufficient_data,0.0,,master|supplier,"only 0 checksum-valid barcode(s) available; corrupt reading from master, supplier"
abt-buy_0339,649,649,True,unresolved,False,reject,0.35,0.0,1.0,0.0,,"reject at 0.35 — source agreement 0.00, text margin 1.00, barcode insufficient_data",insufficient_data,0.0,,master|supplier,"only 0 checksum-valid barcode(s) available; corrupt reading from master, supplier"
abt-buy_0340,428,428,True,unresolved,False,reject,0.35,0.0,1.0,0.0,,"reject at 0.35 — source agreement 0.00, text margin 1.00, barcode insufficient_data",insufficient_data,0.0,,master|supplier,"only 0 checksum-valid barcode(s) available; corrupt reading from master, supplier"
abt-buy_0341,401,401,True,unresolved,False,reject,0.28,0.0,0.801,0.0,,"reject at 0.28 — source agreement 0.00, text margin 0.80, barcode insufficient_data",insufficient_data,0.0,,master|supplier,"only 0 checksum-valid barcode(s) available; corrupt reading from master, supplier"
abt-buy_0342,409,409,True,unresolved,False,reject,0.35,0.0,1.0,0.0,,"reject at 0.35 — source agreement 0.00, text margin 1.00, barcode insufficient_data",insufficient_data,0.0,,master|supplier,"only 0 checksum-valid barcode(s) available; corrupt reading from master, supplier"
abt-buy_0343,1035,1035,True,unresolved,False,reject,0.35,0.0,1.0,0.0,,"reject at 0.35 — source agreement 0.00, text margin 1.00, barcode insufficient_data",insufficient_data,0.0,,master|supplier,"only 0 checksum-valid barcode(s) available; corrupt reading from master, supplier"
abt-buy_0344,370,370,True,unresolved,False,reject,0.251,0.0,0.718,0.0,,"reject at 0.25 — source agreement 0.00, text margin 0.72, barcode insufficient_data",insufficient_data,0.0,,master|supplier,"only 0 checksum-valid barcode(s) available; corrupt reading from master, supplier"
abt-buy_0345,382,382,True,unresolved,False,reject,0.299,0.0,0.855,0.0,,"reject at 0.30 — source agreement 0.00, text margin 0.86, barcode insufficient_data",insufficient_data,0.0,,master|supplier,"only 0 checksum-valid barcode(s) available; corrupt reading from master, supplier"
abt-buy_0346,368,368,True,unresolved,False,reject,0.323,0.0,0.923,0.0,,"reject at 0.32 — source agreement 0.00, text margin 0.92, barcode insufficient_data",insufficient_data,0.0,,master|supplier,"only 0 checksum-valid barcode(s) available; corrupt reading from master, supplier"
abt-buy_0347,369,369,True,unresolved,False,reject,0.203,0.0,0.58,0.0,,"reject at 0.20 — source agreement 0.00, text margin 0.58, barcode insufficient_data",insufficient_data,0.0,,master|supplier,"only 0 checksum-valid barcode(s) available; corrupt reading from master, supplier"
abt-buy_0348,527,527,True,unresolved,False,reject,0.35,0.0,1.0,0.0,,"reject at 0.35 — source agreement 0.00, text margin 1.00, barcode insufficient_data",insufficient_data,0.0,,master|supplier,"only 0 checksum-valid barcode(s) available; corrupt reading from master, supplier"
abt-buy_0349,761,761,True,unresolved,False,reject,0.35,0.0,1.0,0.0,,"reject at 0.35 — source agreement 0.00, text margin 1.00, barcode insufficient_data",insufficient_data,0.0,,master|supplier,"only 0 checksum-valid barcode(s) available; corrupt reading from master, supplier"
abt-buy_0350,806,806,True,unresolved,False,reject,0.247,0.0,0.706,0.0,,"reject at 0.25 — source agreement 0.00, text margin 0.71, barcode insufficient_data",insufficient_data,0.0,,master|supplier,"only 0 checksum-valid barcode(s) available; corrupt reading from master, supplier"
abt-buy_0351,312,312,True,unresolved,False,reject,0.281,0.0,0.803,0.0,,"reject at 0.28 — source agreement 0.00, text margin 0.80, barcode insufficient_data",insufficient_data,0.0,,master|supplier,"only 0 checksum-valid barcode(s) available; corrupt reading from master, supplier"
abt-buy_0352,371,371,True,unresolved,False,reject,0.34,0.0,0.973,0.0,,"reject at 0.34 — source agreement 0.00, text margin 0.97, barcode insufficient_data",insufficient_data,0.0,,master|supplier,"only 0 checksum-valid barcode(s) available; corrupt reading from master, supplier"
abt-buy_0353,320,320,True,unresolved,False,reject,0.3,0.0,0.856,0.0,,"reject at 0.30 — source agreement 0.00, text margin 0.86, barcode insufficient_data",insufficient_data,0.0,,master|supplier,"only 0 checksum-valid barcode(s) available; corrupt reading from master, supplier"
abt-buy_0354,362,362,True,unresolved,False,reject,0.304,0.0,0.869,0.0,,"reject at 0.30 — source agreement 0.00, text margin 0.87, barcode insufficient_data",insufficient_data,0.0,,master|supplier,"only 0 checksum-valid barcode(s) available; corrupt reading from master, supplier"
abt-buy_0355,106,106,True,unresolved,False,reject,0.286,0.0,0.817,0.0,,"reject at 0.29 — source agreement 0.00, text margin 0.82, barcode insufficient_data",insufficient_data,0.0,,master|supplier,"only 0 checksum-valid barcode(s) available; corrupt reading from master, supplier"
abt-buy_0356,781,781,True,unresolved,False,reject,0.35,0.0,1.0,0.0,,"reject at 0.35 — source agreement 0.00, text margin 1.00, barcode insufficient_data",insufficient_data,0.0,,master|supplier,"only 0 checksum-valid barcode(s) available; corrupt reading from master, supplier"
abt-buy_0357,210,210,True,unresolved,False,reject,0.342,0.0,0.976,0.0,,"reject at 0.34 — source agreement 0.00, text margin 0.98, barcode insufficient_data",insufficient_data,0.0,,master|supplier,"only 0 checksum-valid barcode(s) available; corrupt reading from master, supplier"
abt-buy_0358,460,460,True,unresolved,False,reject,0.332,0.0,0.949,0.0,,"reject at 0.33 — source agreement 0.00, text margin 0.95, barcode insufficient_data",insufficient_data,0.0,,master|supplier,"only 0 checksum-valid barcode(s) available; corrupt reading from master, supplier"
abt-buy_0359,539,539,True,unresolved,False,reject,0.337,0.0,0.962,0.0,,"reject at 0.34 — source agreement 0.00, text margin 0.96, barcode insufficient_data",insufficient_data,0.0,,master|supplier,"only 0 checksum-valid barcode(s) available; corrupt reading from master, supplier"
abt-buy_0360,1024,1024,True,unresolved,False,reject,0.315,0.0,0.899,0.0,,"reject at 0.31 — source agreement 0.00, text margin 0.90, barcode insufficient_data",insufficient_data,0.0,,master|supplier,"only 0 checksum-valid barcode(s) available; corrupt reading from master, supplier"
abt-buy_0361,1019,1019,True,unresolved,False,reject,0.343,0.0,0.979,0.0,,"reject at 0.34 — source agreement 0.00, text margin 0.98, barcode insufficient_data",insufficient_data,0.0,,master|supplier,"only 0 checksum-valid barcode(s) available; corrupt reading from master, supplier"
abt-buy_0362,617,617,True,unresolved,False,reject,0.269,0.0,0.768,0.0,,"reject at 0.27 — source agreement 0.00, text margin 0.77, barcode insufficient_data",insufficient_data,0.0,,master|supplier,"only 0 checksum-valid barcode(s) available; corrupt reading from master, supplier"
abt-buy_0363,407,407,True,unresolved,False,reject,0.256,0.0,0.73,0.0,,"reject at 0.26 — source agreement 0.00, text margin 0.73, barcode insufficient_data",insufficient_data,0.0,,master|supplier,"only 0 checksum-valid barcode(s) available; corrupt reading from master, supplier"
abt-buy_0364,367,367,True,unresolved,False,reject,0.35,0.0,1.0,0.0,,"reject at 0.35 — source agreement 0.00, text margin 1.00, barcode insufficient_data",insufficient_data,0.0,,master|supplier,"only 0 checksum-valid barcode(s) available; corrupt reading from master, supplier"
abt-buy_0365,1023,1023,True,unresolved,False,reject,0.29,0.0,0.827,0.0,,"reject at 0.29 — source agreement 0.00, text margin 0.83, barcode insufficient_data",insufficient_data,0.0,,master|supplier,"only 0 checksum-valid barcode(s) available; corrupt reading from master, supplier"
abt-buy_0366,825,825,True,unresolved,False,reject,0.35,0.0,1.0,0.0,,"reject at 0.35 — source agreement 0.00, text margin 1.00, barcode insufficient_data",insufficient_data,0.0,,master|supplier,"only 0 checksum-valid barcode(s) available; corrupt reading from master, supplier"
abt-buy_0367,24,24,True,unresolved,False,reject,0.275,0.0,0.785,0.0,,"reject at 0.27 — source agreement 0.00, text margin 0.79, barcode insufficient_data",insufficient_data,0.0,,master|supplier,"only 0 checksum-valid barcode(s) available; corrupt reading from master, supplier"
abt-buy_0368,264,264,True,unresolved,False,reject,0.26,0.0,0.743,0.0,,"reject at 0.26 — source agreement 0.00, text margin 0.74, barcode insufficient_data",insufficient_data,0.0,,master|supplier,"only 0 checksum-valid barcode(s) available; corrupt reading from master, supplier"
abt-buy_0369,442,442,True,unresolved,False,reject,0.35,0.0,1.0,0.0,,"reject at 0.35 — source agreement 0.00, text margin 1.00, barcode insufficient_data",insufficient_data,0.0,,master|supplier,"only 0 checksum-valid barcode(s) available; corrupt reading from master, supplier"
abt-buy_0370,489,489,True,unresolved,False,reject,0.266,0.0,0.759,0.0,,"reject at 0.27 — source agreement 0.00, text margin 0.76, barcode insufficient_data",insufficient_data,0.0,,master|supplier,"only 0 checksum-valid barcode(s) available; corrupt reading from master, supplier"
abt-buy_0371,235,235,True,unresolved,False,reject,0.35,0.0,1.0,0.0,,"reject at 0.35 — source agreement 0.00, text margin 1.00, barcode insufficient_data",insufficient_data,0.0,,master|supplier,"only 0 checksum-valid barcode(s) available; corrupt reading from master, supplier"
abt-buy_0372,1033,1033,True,unresolved,False,reject,0.35,0.0,1.0,0.0,,"reject at 0.35 — source agreement 0.00, text margin 1.00, barcode insufficient_data",insufficient_data,0.0,,master|supplier,"only 0 checksum-valid barcode(s) available; corrupt reading from master, supplier"
abt-buy_0373,304,304,True,unresolved,False,reject,0.35,0.0,1.0,0.0,,"reject at 0.35 — source agreement 0.00, text margin 1.00, barcode insufficient_data",insufficient_data,0.0,,master|supplier,"only 0 checksum-valid barcode(s) available; corrupt reading from master, supplier"
abt-buy_0374,397,397,True,unresolved,False,reject,0.263,0.0,0.753,0.0,,"reject at 0.26 — source agreement 0.00, text margin 0.75, barcode insufficient_data",insufficient_data,0.0,,master|supplier,"only 0 checksum-valid barcode(s) available; corrupt reading from master, supplier"
abt-buy_0375,951,951,True,unresolved,False,reject,0.215,0.0,0.615,0.0,,"reject at 0.22 — source agreement 0.00, text margin 0.62, barcode insufficient_data",insufficient_data,0.0,,master|supplier,"only 0 checksum-valid barcode(s) available; corrupt reading from master, supplier"
abt-buy_0376,892,892,True,unresolved,False,reject,0.337,0.0,0.964,0.0,,"reject at 0.34 — source agreement 0.00, text margin 0.96, barcode insufficient_data",insufficient_data,0.0,,master|supplier,"only 0 checksum-valid barcode(s) available; corrupt reading from master, supplier"
abt-buy_0377,555,555,True,unresolved,False,reject,0.292,0.0,0.835,0.0,,"reject at 0.29 — source agreement 0.00, text margin 0.84, barcode insufficient_data",insufficient_data,0.0,,master|supplier,"only 0 checksum-valid barcode(s) available; corrupt reading from master, supplier"
abt-buy_0378,864,864,True,unresolved,False,reject,0.242,0.0,0.692,0.0,,"reject at 0.24 — source agreement 0.00, text margin 0.69, barcode insufficient_data",insufficient_data,0.0,,master|supplier,"only 0 checksum-valid barcode(s) available; corrupt reading from master, supplier"
abt-buy_0379,656,656,True,unresolved,False,reject,0.35,0.0,1.0,0.0,,"reject at 0.35 — source agreement 0.00, text margin 1.00, barcode insufficient_data",insufficient_data,0.0,,master|supplier,"only 0 checksum-valid barcode(s) available; corrupt reading from master, supplier"
abt-buy_0380,454,454,True,unresolved,False,reject,0.24,0.0,0.685,0.0,,"reject at 0.24 — source agreement 0.00, text margin 0.69, barcode insufficient_data",insufficient_data,0.0,,master|supplier,"only 0 checksum-valid barcode(s) available; corrupt reading from master, supplier"
abt-buy_0381,451,451,True,unresolved,False,reject,0.187,0.0,0.535,0.0,,"reject at 0.19 — source agreement 0.00, text margin 0.54, barcode insufficient_data",insufficient_data,0.0,,master|supplier,"only 0 checksum-valid barcode(s) available; corrupt reading from master, supplier"
abt-buy_0382,453,453,True,unresolved,False,reject,0.244,0.0,0.696,0.0,,"reject at 0.24 — source agreement 0.00, text margin 0.70, barcode insufficient_data",insufficient_data,0.0,,master|supplier,"only 0 checksum-valid barcode(s) available; corrupt reading from master, supplier"
abt-buy_0383,459,459,True,unresolved,False,reject,0.187,0.0,0.534,0.0,,"reject at 0.19 — source agreement 0.00, text margin 0.53, barcode insufficient_data",insufficient_data,0.0,,master|supplier,"only 0 checksum-valid barcode(s) available; corrupt reading from master, supplier"
abt-buy_0384,458,458,True,unresolved,False,reject,0.189,0.0,0.541,0.0,,"reject at 0.19 — source agreement 0.00, text margin 0.54, barcode insufficient_data",insufficient_data,0.0,,master|supplier,"only 0 checksum-valid barcode(s) available; corrupt reading from master, supplier"
abt-buy_0385,457,457,True,unresolved,False,reject,0.203,0.0,0.58,0.0,,"reject at 0.20 — source agreement 0.00, text margin 0.58, barcode insufficient_data",insufficient_data,0.0,,master|supplier,"only 0 checksum-valid barcode(s) available; corrupt reading from master, supplier"
abt-buy_0386,456,456,True,unresolved,False,reject,0.185,0.0,0.53,0.0,,"reject at 0.19 — source agreement 0.00, text margin 0.53, barcode insufficient_data",insufficient_data,0.0,,master|supplier,"only 0 checksum-valid barcode(s) available; corrupt reading from master, supplier"
abt-buy_0387,525,525,True,unresolved,False,reject,0.289,0.0,0.825,0.0,,"reject at 0.29 — source agreement 0.00, text margin 0.82, barcode insufficient_data",insufficient_data,0.0,,master|supplier,"only 0 checksum-valid barcode(s) available; corrupt reading from master, supplier"
abt-buy_0388,429,429,True,unresolved,False,reject,0.264,0.0,0.753,0.0,,"reject at 0.26 — source agreement 0.00, text margin 0.75, barcode insufficient_data",insufficient_data,0.0,,master|supplier,"only 0 checksum-valid barcode(s) available; corrupt reading from master, supplier"
abt-buy_0389,757,757,True,unresolved,False,reject,0.27,0.0,0.771,0.0,,"reject at 0.27 — source agreement 0.00, text margin 0.77, barcode insufficient_data",insufficient_data,0.0,,master|supplier,"only 0 checksum-valid barcode(s) available; corrupt reading from master, supplier"
abt-buy_0390,535,535,True,unresolved,False,reject,0.198,0.0,0.566,0.0,,"reject at 0.20 — source agreement 0.00, text margin 0.57, barcode insufficient_data",insufficient_data,0.0,,master|supplier,"only 0 checksum-valid barcode(s) available; corrupt reading from master, supplier"
abt-buy_0391,595,595,True,unresolved,False,reject,0.214,0.0,0.612,0.0,,"reject at 0.21 — source agreement 0.00, text margin 0.61, barcode insufficient_data",insufficient_data,0.0,,master|supplier,"only 0 checksum-valid barcode(s) available; corrupt reading from master, supplier"
abt-buy_0392,1070,1070,True,unresolved,False,reject,0.323,0.0,0.924,0.0,,"reject at 0.32 — source agreement 0.00, text margin 0.92, barcode insufficient_data",insufficient_data,0.0,,master|supplier,"only 0 checksum-valid barcode(s) available; corrupt reading from master, supplier"
abt-buy_0393,831,831,True,unresolved,False,reject,0.231,0.0,0.659,0.0,,"reject at 0.23 — source agreement 0.00, text margin 0.66, barcode insufficient_data",insufficient_data,0.0,,master|supplier,"only 0 checksum-valid barcode(s) available; corrupt reading from master, supplier"
abt-buy_0394,278,278,True,unresolved,False,reject,0.35,0.0,1.0,0.0,,"reject at 0.35 — source agreement 0.00, text margin 1.00, barcode insufficient_data",insufficient_data,0.0,,master|supplier,"only 0 checksum-valid barcode(s) available; corrupt reading from master, supplier"
abt-buy_0395,605,605,True,unresolved,False,reject,0.296,0.0,0.845,0.0,,"reject at 0.30 — source agreement 0.00, text margin 0.84, barcode insufficient_data",insufficient_data,0.0,,master|supplier,"only 0 checksum-valid barcode(s) available; corrupt reading from master, supplier"
abt-buy_0396,606,606,True,unresolved,False,reject,0.175,0.0,0.501,0.0,,"reject at 0.18 — source agreement 0.00, text margin 0.50, barcode insufficient_data",insufficient_data,0.0,,master|supplier,"only 0 checksum-valid barcode(s) available; corrupt reading from master, supplier"
abt-buy_0397,607,607,True,unresolved,False,reject,0.175,0.0,0.499,0.0,,"reject at 0.17 — source agreement 0.00, text margin 0.50, barcode insufficient_data",insufficient_data,0.0,,master|supplier,"only 0 checksum-valid barcode(s) available; corrupt reading from master, supplier"
abt-buy_0398,1046,1046,True,unresolved,False,reject,0.327,0.0,0.935,0.0,,"reject at 0.33 — source agreement 0.00, text margin 0.94, barcode insufficient_data",insufficient_data,0.0,,master|supplier,"only 0 checksum-valid barcode(s) available; corrupt reading from master, supplier"
abt-buy_0399,599,599,True,unresolved,False,reject,0.253,0.0,0.723,0.0,,"reject at 0.25 — source agreement 0.00, text margin 0.72, barcode insufficient_data",insufficient_data,0.0,,master|supplier,"only 0 checksum-valid barcode(s) available; corrupt reading from master, supplier"
abt-buy_0400,494,494,True,unresolved,False,reject,0.146,0.0,0.418,0.0,,"reject at 0.15 — source agreement 0.00, text margin 0.42, barcode insufficient_data",insufficient_data,0.0,,master|supplier,"only 0 checksum-valid barcode(s) available; corrupt reading from master, supplier"
abt-buy_0401,495,495,True,unresolved,False,reject,0.283,0.0,0.807,0.0,,"reject at 0.28 — source agreement 0.00, text margin 0.81, barcode insufficient_data",insufficient_data,0.0,,master|supplier,"only 0 checksum-valid barcode(s) available; corrupt reading from master, supplier"
abt-buy_0402,762,762,True,unresolved,False,reject,0.35,0.0,1.0,0.0,,"reject at 0.35 — source agreement 0.00, text margin 1.00, barcode insufficient_data",insufficient_data,0.0,,master|supplier,"only 0 checksum-valid barcode(s) available; corrupt reading from master, supplier"
abt-buy_0403,284,284,True,unresolved,False,reject,0.317,0.0,0.907,0.0,,"reject at 0.32 — source agreement 0.00, text margin 0.91, barcode insufficient_data",insufficient_data,0.0,,master|supplier,"only 0 checksum-valid barcode(s) available; corrupt reading from master, supplier"
abt-buy_0404,379,379,True,unresolved,False,reject,0.35,0.0,1.0,0.0,,"reject at 0.35 — source agreement 0.00, text margin 1.00, barcode insufficient_data",insufficient_data,0.0,,master|supplier,"only 0 checksum-valid barcode(s) available; corrupt reading from master, supplier"
abt-buy_0405,810,810,True,unresolved,False,reject,0.35,0.0,1.0,0.0,,"reject at 0.35 — source agreement 0.00, text margin 1.00, barcode insufficient_data",insufficient_data,0.0,,master|supplier,"only 0 checksum-valid barcode(s) available; corrupt reading from master, supplier"
abt-buy_0406,522,522,True,unresolved,False,reject,0.2,0.0,0.572,0.0,,"reject at 0.20 — source agreement 0.00, text margin 0.57, barcode insufficient_data",insufficient_data,0.0,,master|supplier,"only 0 checksum-valid barcode(s) available; corrupt reading from master, supplier"
abt-buy_0407,521,521,True,unresolved,False,reject,0.211,0.0,0.602,0.0,,"reject at 0.21 — source agreement 0.00, text margin 0.60, barcode insufficient_data",insufficient_data,0.0,,master|supplier,"only 0 checksum-valid barcode(s) available; corrupt reading from master, supplier"
abt-buy_0408,523,523,True,unresolved,False,reject,0.223,0.0,0.638,0.0,,"reject at 0.22 — source agreement 0.00, text margin 0.64, barcode insufficient_data",insufficient_data,0.0,,master|supplier,"only 0 checksum-valid barcode(s) available; corrupt reading from master, supplier"
abt-buy_0409,520,520,True,unresolved,False,reject,0.16,0.0,0.458,0.0,,"reject at 0.16 — source agreement 0.00, text margin 0.46, barcode insufficient_data",insufficient_data,0.0,,master|supplier,"only 0 checksum-valid barcode(s) available; corrupt reading from master, supplier"
abt-buy_0410,767,767,True,unresolved,False,reject,0.342,0.0,0.977,0.0,,"reject at 0.34 — source agreement 0.00, text margin 0.98, barcode insufficient_data",insufficient_data,0.0,,master|supplier,"only 0 checksum-valid barcode(s) available; corrupt reading from master, supplier"
abt-buy_0411,891,891,True,unresolved,False,reject,0.315,0.0,0.899,0.0,,"reject at 0.31 — source agreement 0.00, text margin 0.90, barcode insufficient_data",insufficient_data,0.0,,master|supplier,"only 0 checksum-valid barcode(s) available; corrupt reading from master, supplier"
abt-buy_0412,490,490,True,unresolved,False,reject,0.262,0.0,0.747,0.0,,"reject at 0.26 — source agreement 0.00, text margin 0.75, barcode insufficient_data",insufficient_data,0.0,,master|supplier,"only 0 checksum-valid barcode(s) available; corrupt reading from master, supplier"
abt-buy_0413,487,487,True,unresolved,False,reject,0.215,0.0,0.614,0.0,,"reject at 0.22 — source agreement 0.00, text margin 0.61, barcode insufficient_data",insufficient_data,0.0,,master|supplier,"only 0 checksum-valid barcode(s) available; corrupt reading from master, supplier"
abt-buy_0414,998,998,True,unresolved,False,reject,0.246,0.0,0.702,0.0,,"reject at 0.25 — source agreement 0.00, text margin 0.70, barcode insufficient_data",insufficient_data,0.0,,master|supplier,"only 0 checksum-valid barcode(s) available; corrupt reading from master, supplier"
abt-buy_0415,488,488,True,unresolved,False,reject,0.201,0.0,0.575,0.0,,"reject at 0.20 — source agreement 0.00, text margin 0.58, barcode insufficient_data",insufficient_data,0.0,,master|supplier,"only 0 checksum-valid barcode(s) available; corrupt reading from master, supplier"
abt-buy_0416,600,600,True,unresolved,False,reject,0.35,0.0,1.0,0.0,,"reject at 0.35 — source agreement 0.00, text margin 1.00, barcode insufficient_data",insufficient_data,0.0,,master|supplier,"only 0 checksum-valid barcode(s) available; corrupt reading from master, supplier"
abt-buy_0417,526,526,True,unresolved,False,reject,0.241,0.0,0.688,0.0,,"reject at 0.24 — source agreement 0.00, text margin 0.69, barcode insufficient_data",insufficient_data,0.0,,master|supplier,"only 0 checksum-valid barcode(s) available; corrupt reading from master, supplier"
abt-buy_0418,515,515,True,unresolved,False,reject,0.189,0.0,0.54,0.0,,"reject at 0.19 — source agreement 0.00, text margin 0.54, barcode insufficient_data",insufficient_data,0.0,,master|supplier,"only 0 checksum-valid barcode(s) available; corrupt reading from master, supplier"
abt-buy_0419,514,514,True,unresolved,False,reject,0.196,0.0,0.559,0.0,,"reject at 0.20 — source agreement 0.00, text margin 0.56, barcode insufficient_data",insufficient_data,0.0,,master|supplier,"only 0 checksum-valid barcode(s) available; corrupt reading from master, supplier"
abt-buy_0420,516,516,True,unresolved,False,reject,0.199,0.0,0.567,0.0,,"reject at 0.20 — source agreement 0.00, text margin 0.57, barcode insufficient_data",insufficient_data,0.0,,master|supplier,"only 0 checksum-valid barcode(s) available; corrupt reading from master, supplier"
abt-buy_0421,513,513,True,unresolved,False,reject,0.193,0.0,0.551,0.0,,"reject at 0.19 — source agreement 0.00, text margin 0.55, barcode insufficient_data",insufficient_data,0.0,,master|supplier,"only 0 checksum-valid barcode(s) available; corrupt reading from master, supplier"
abt-buy_0422,486,486,True,unresolved,False,reject,0.292,0.0,0.835,0.0,,"reject at 0.29 — source agreement 0.00, text margin 0.84, barcode insufficient_data",insufficient_data,0.0,,master|supplier,"only 0 checksum-valid barcode(s) available; corrupt reading from master, supplier"
abt-buy_0423,406,406,True,unresolved,False,reject,0.266,0.0,0.761,0.0,,"reject at 0.27 — source agreement 0.00, text margin 0.76, barcode insufficient_data",insufficient_data,0.0,,master|supplier,"only 0 checksum-valid barcode(s) available; corrupt reading from master, supplier"
abt-buy_0424,503,503,True,unresolved,False,reject,0.292,0.0,0.833,0.0,,"reject at 0.29 — source agreement 0.00, text margin 0.83, barcode insufficient_data",insufficient_data,0.0,,master|supplier,"only 0 checksum-valid barcode(s) available; corrupt reading from master, supplier"
abt-buy_0425,441,441,True,unresolved,False,reject,0.213,0.0,0.609,0.0,,"reject at 0.21 — source agreement 0.00, text margin 0.61, barcode insufficient_data",insufficient_data,0.0,,master|supplier,"only 0 checksum-valid barcode(s) available; corrupt reading from master, supplier"
abt-buy_0426,701,701,True,unresolved,False,reject,0.35,0.0,1.0,0.0,,"reject at 0.35 — source agreement 0.00, text margin 1.00, barcode insufficient_data",insufficient_data,0.0,,master|supplier,"only 0 checksum-valid barcode(s) available; corrupt reading from master, supplier"
abt-buy_0427,499,499,True,unresolved,False,reject,0.246,0.0,0.703,0.0,,"reject at 0.25 — source agreement 0.00, text margin 0.70, barcode insufficient_data",insufficient_data,0.0,,master|supplier,"only 0 checksum-valid barcode(s) available; corrupt reading from master, supplier"
abt-buy_0428,504,504,True,unresolved,False,reject,0.213,0.0,0.609,0.0,,"reject at 0.21 — source agreement 0.00, text margin 0.61, barcode insufficient_data",insufficient_data,0.0,,master|supplier,"only 0 checksum-valid barcode(s) available; corrupt reading from master, supplier"
abt-buy_0429,506,506,True,unresolved,False,reject,0.215,0.0,0.614,0.0,,"reject at 0.22 — source agreement 0.00, text margin 0.61, barcode insufficient_data",insufficient_data,0.0,,master|supplier,"only 0 checksum-valid barcode(s) available; corrupt reading from master, supplier"
abt-buy_0430,505,505,True,unresolved,False,reject,0.213,0.0,0.61,0.0,,"reject at 0.21 — source agreement 0.00, text margin 0.61, barcode insufficient_data",insufficient_data,0.0,,master|supplier,"only 0 checksum-valid barcode(s) available; corrupt reading from master, supplier"
abt-buy_0431,500,500,True,unresolved,False,reject,0.203,0.0,0.581,0.0,,"reject at 0.20 — source agreement 0.00, text margin 0.58, barcode insufficient_data",insufficient_data,0.0,,master|supplier,"only 0 checksum-valid barcode(s) available; corrupt reading from master, supplier"
abt-buy_0432,502,502,True,unresolved,False,reject,0.213,0.0,0.609,0.0,,"reject at 0.21 — source agreement 0.00, text margin 0.61, barcode insufficient_data",insufficient_data,0.0,,master|supplier,"only 0 checksum-valid barcode(s) available; corrupt reading from master, supplier"
abt-buy_0433,501,501,True,unresolved,False,reject,0.212,0.0,0.605,0.0,,"reject at 0.21 — source agreement 0.00, text margin 0.60, barcode insufficient_data",insufficient_data,0.0,,master|supplier,"only 0 checksum-valid barcode(s) available; corrupt reading from master, supplier"
abt-buy_0434,497,497,True,unresolved,False,reject,0.245,0.0,0.7,0.0,,"reject at 0.25 — source agreement 0.00, text margin 0.70, barcode insufficient_data",insufficient_data,0.0,,master|supplier,"only 0 checksum-valid barcode(s) available; corrupt reading from master, supplier"
abt-buy_0435,326,326,True,unresolved,False,reject,0.35,0.0,1.0,0.0,,"reject at 0.35 — source agreement 0.00, text margin 1.00, barcode insufficient_data",insufficient_data,0.0,,master|supplier,"only 0 checksum-valid barcode(s) available; corrupt reading from master, supplier"
abt-buy_0436,633,633,True,unresolved,False,reject,0.35,0.0,1.0,0.0,,"reject at 0.35 — source agreement 0.00, text margin 1.00, barcode insufficient_data",insufficient_data,0.0,,master|supplier,"only 0 checksum-valid barcode(s) available; corrupt reading from master, supplier"
abt-buy_0437,939,939,True,unresolved,False,reject,0.313,0.0,0.894,0.0,,"reject at 0.31 — source agreement 0.00, text margin 0.89, barcode insufficient_data",insufficient_data,0.0,,master|supplier,"only 0 checksum-valid barcode(s) available; corrupt reading from master, supplier"
abt-buy_0438,325,325,True,unresolved,False,reject,0.35,0.0,1.0,0.0,,"reject at 0.35 — source agreement 0.00, text margin 1.00, barcode insufficient_data",insufficient_data,0.0,,master|supplier,"only 0 checksum-valid barcode(s) available; corrupt reading from master, supplier"
abt-buy_0439,631,631,True,unresolved,False,reject,0.35,0.0,1.0,0.0,,"reject at 0.35 — source agreement 0.00, text margin 1.00, barcode insufficient_data",insufficient_data,0.0,,master|supplier,"only 0 checksum-valid barcode(s) available; corrupt reading from master, supplier"
abt-buy_0440,1076,1076,True,unresolved,False,reject,0.35,0.0,1.0,0.0,,"reject at 0.35 — source agreement 0.00, text margin 1.00, barcode insufficient_data",insufficient_data,0.0,,master|supplier,"only 0 checksum-valid barcode(s) available; corrupt reading from master, supplier"
abt-buy_0441,336,336,True,unresolved,False,reject,0.206,0.0,0.587,0.0,,"reject at 0.21 — source agreement 0.00, text margin 0.59, barcode insufficient_data",insufficient_data,0.0,,master|supplier,"only 0 checksum-valid barcode(s) available; corrupt reading from master, supplier"
abt-buy_0442,383,383,True,unresolved,False,reject,0.296,0.0,0.845,0.0,,"reject at 0.30 — source agreement 0.00, text margin 0.85, barcode insufficient_data",insufficient_data,0.0,,master|supplier,"only 0 checksum-valid barcode(s) available; corrupt reading from master, supplier"
abt-buy_0443,608,608,True,unresolved,False,reject,0.248,0.0,0.709,0.0,,"reject at 0.25 — source agreement 0.00, text margin 0.71, barcode insufficient_data",insufficient_data,0.0,,master|supplier,"only 0 checksum-valid barcode(s) available; corrupt reading from master, supplier"
abt-buy_0444,446,446,True,unresolved,False,reject,0.191,0.0,0.547,0.0,,"reject at 0.19 — source agreement 0.00, text margin 0.55, barcode insufficient_data",insufficient_data,0.0,,master|supplier,"only 0 checksum-valid barcode(s) available; corrupt reading from master, supplier"
abt-buy_0445,901,901,True,unresolved,False,reject,0.272,0.0,0.776,0.0,,"reject at 0.27 — source agreement 0.00, text margin 0.78, barcode insufficient_data",insufficient_data,0.0,,master|supplier,"only 0 checksum-valid barcode(s) available; corrupt reading from master, supplier"
abt-buy_0446,461,461,True,unresolved,False,reject,0.243,0.0,0.694,0.0,,"reject at 0.24 — source agreement 0.00, text margin 0.69, barcode insufficient_data",insufficient_data,0.0,,master|supplier,"only 0 checksum-valid barcode(s) available; corrupt reading from master, supplier"
abt-buy_0447,465,465,True,unresolved,False,reject,0.289,0.0,0.826,0.0,,"reject at 0.29 — source agreement 0.00, text margin 0.83, barcode insufficient_data",insufficient_data,0.0,,master|supplier,"only 0 checksum-valid barcode(s) available; corrupt reading from master, supplier"
abt-buy_0448,467,467,True,unresolved,False,reject,0.282,0.0,0.806,0.0,,"reject at 0.28 — source agreement 0.00, text margin 0.81, barcode insufficient_data",insufficient_data,0.0,,master|supplier,"only 0 checksum-valid barcode(s) available; corrupt reading from master, supplier"
abt-buy_0449,470,470,True,unresolved,False,reject,0.288,0.0,0.824,0.0,,"reject at 0.29 — source agreement 0.00, text margin 0.82, barcode insufficient_data",insufficient_data,0.0,,master|supplier,"only 0 checksum-valid barcode(s) available; corrupt reading from master, supplier"
abt-buy_0450,440,440,True,unresolved,False,reject,0.208,0.0,0.595,0.0,,"reject at 0.21 — source agreement 0.00, text margin 0.60, barcode insufficient_data",insufficient_data,0.0,,master|supplier,"only 0 checksum-valid barcode(s) available; corrupt reading from master, supplier"
abt-buy_0451,443,443,True,unresolved,False,reject,0.209,0.0,0.598,0.0,,"reject at 0.21 — source agreement 0.00, text margin 0.60, barcode insufficient_data",insufficient_data,0.0,,master|supplier,"only 0 checksum-valid barcode(s) available; corrupt reading from master, supplier"
abt-buy_0452,444,444,True,unresolved,False,reject,0.288,0.0,0.822,0.0,,"reject at 0.29 — source agreement 0.00, text margin 0.82, barcode insufficient_data",insufficient_data,0.0,,master|supplier,"only 0 checksum-valid barcode(s) available; corrupt reading from master, supplier"
abt-buy_0453,575,575,True,unresolved,False,reject,0.35,0.0,1.0,0.0,,"reject at 0.35 — source agreement 0.00, text margin 1.00, barcode insufficient_data",insufficient_data,0.0,,master|supplier,"only 0 checksum-valid barcode(s) available; corrupt reading from master, supplier"
abt-buy_0454,597,597,True,unresolved,False,reject,0.197,0.0,0.562,0.0,,"reject at 0.20 — source agreement 0.00, text margin 0.56, barcode insufficient_data",insufficient_data,0.0,,master|supplier,"only 0 checksum-valid barcode(s) available; corrupt reading from master, supplier"
abt-buy_0455,576,576,True,unresolved,False,reject,0.325,0.0,0.929,0.0,,"reject at 0.33 — source agreement 0.00, text margin 0.93, barcode insufficient_data",insufficient_data,0.0,,master|supplier,"only 0 checksum-valid barcode(s) available; corrupt reading from master, supplier"
abt-buy_0456,624,624,True,unresolved,False,reject,0.268,0.0,0.765,0.0,,"reject at 0.27 — source agreement 0.00, text margin 0.76, barcode insufficient_data",insufficient_data,0.0,,master|supplier,"only 0 checksum-valid barcode(s) available; corrupt reading from master, supplier"
abt-buy_0457,886,886,True,unresolved,False,reject,0.297,0.0,0.848,0.0,,"reject at 0.30 — source agreement 0.00, text margin 0.85, barcode insufficient_data",insufficient_data,0.0,,master|supplier,"only 0 checksum-valid barcode(s) available; corrupt reading from master, supplier"
abt-buy_0458,670,670,True,unresolved,False,reject,0.267,0.0,0.764,0.0,,"reject at 0.27 — source agreement 0.00, text margin 0.76, barcode insufficient_data",insufficient_data,0.0,,master|supplier,"only 0 checksum-valid barcode(s) available; corrupt reading from master, supplier"
abt-buy_0459,561,561,True,unresolved,False,reject,0.288,0.0,0.822,0.0,,"reject at 0.29 — source agreement 0.00, text margin 0.82, barcode insufficient_data",insufficient_data,0.0,,master|supplier,"only 0 checksum-valid barcode(s) available; corrupt reading from master, supplier"
abt-buy_0460,541,541,True,unresolved,False,reject,0.228,0.0,0.652,0.0,,"reject at 0.23 — source agreement 0.00, text margin 0.65, barcode insufficient_data",insufficient_data,0.0,,master|supplier,"only 0 checksum-valid barcode(s) available; corrupt reading from master, supplier"
abt-buy_0461,517,517,True,unresolved,False,reject,0.174,0.0,0.496,0.0,,"reject at 0.17 — source agreement 0.00, text margin 0.50, barcode insufficient_data",insufficient_data,0.0,,master|supplier,"only 0 checksum-valid barcode(s) available; corrupt reading from master, supplier"
abt-buy_0462,511,511,True,unresolved,False,reject,0.229,0.0,0.655,0.0,,"reject at 0.23 — source agreement 0.00, text margin 0.66, barcode insufficient_data",insufficient_data,0.0,,master|supplier,"only 0 checksum-valid barcode(s) available; corrupt reading from master, supplier"
abt-buy_0463,548,548,True,unresolved,False,reject,0.266,0.0,0.761,0.0,,"reject at 0.27 — source agreement 0.00, text margin 0.76, barcode insufficient_data",insufficient_data,0.0,,master|supplier,"only 0 checksum-valid barcode(s) available; corrupt reading from master, supplier"
abt-buy_0464,551,551,True,unresolved,False,reject,0.262,0.0,0.748,0.0,,"reject at 0.26 — source agreement 0.00, text margin 0.75, barcode insufficient_data",insufficient_data,0.0,,master|supplier,"only 0 checksum-valid barcode(s) available; corrupt reading from master, supplier"
abt-buy_0465,549,549,True,unresolved,False,reject,0.262,0.0,0.749,0.0,,"reject at 0.26 — source agreement 0.00, text margin 0.75, barcode insufficient_data",insufficient_data,0.0,,master|supplier,"only 0 checksum-valid barcode(s) available; corrupt reading from master, supplier"
abt-buy_0466,558,558,True,unresolved,False,reject,0.229,0.0,0.654,0.0,,"reject at 0.23 — source agreement 0.00, text margin 0.65, barcode insufficient_data",insufficient_data,0.0,,master|supplier,"only 0 checksum-valid barcode(s) available; corrupt reading from master, supplier"
abt-buy_0467,557,557,True,unresolved,False,reject,0.23,0.0,0.657,0.0,,"reject at 0.23 — source agreement 0.00, text margin 0.66, barcode insufficient_data",insufficient_data,0.0,,master|supplier,"only 0 checksum-valid barcode(s) available; corrupt reading from master, supplier"
abt-buy_0468,553,553,True,unresolved,False,reject,0.223,0.0,0.638,0.0,,"reject at 0.22 — source agreement 0.00, text margin 0.64, barcode insufficient_data",insufficient_data,0.0,,master|supplier,"only 0 checksum-valid barcode(s) available; corrupt reading from master, supplier"
abt-buy_0469,524,524,True,unresolved,False,reject,0.348,0.0,0.994,0.0,,"reject at 0.35 — source agreement 0.00, text margin 0.99, barcode insufficient_data",insufficient_data,0.0,,master|supplier,"only 0 checksum-valid barcode(s) available; corrupt reading from master, supplier"
abt-buy_0470,992,992,True,unresolved,False,reject,0.35,0.0,1.0,0.0,,"reject at 0.35 — source agreement 0.00, text margin 1.00, barcode insufficient_data",insufficient_data,0.0,,master|supplier,"only 0 checksum-valid barcode(s) available; corrupt reading from master, supplier"
abt-buy_0471,466,466,True,unresolved,False,reject,0.156,0.0,0.445,0.0,,"reject at 0.16 — source agreement 0.00, text margin 0.45, barcode insufficient_data",insufficient_data,0.0,,master|supplier,"only 0 checksum-valid barcode(s) available; corrupt reading from master, supplier"
abt-buy_0472,468,468,True,unresolved,False,reject,0.244,0.0,0.696,0.0,,"reject at 0.24 — source agreement 0.00, text margin 0.70, barcode insufficient_data",insufficient_data,0.0,,master|supplier,"only 0 checksum-valid barcode(s) available; corrupt reading from master, supplier"
abt-buy_0473,469,469,True,unresolved,False,reject,0.25,0.0,0.714,0.0,,"reject at 0.25 — source agreement 0.00, text margin 0.71, barcode insufficient_data",insufficient_data,0.0,,master|supplier,"only 0 checksum-valid barcode(s) available; corrupt reading from master, supplier"
abt-buy_0474,791,791,True,unresolved,False,reject,0.297,0.0,0.848,0.0,,"reject at 0.30 — source agreement 0.00, text margin 0.85, barcode insufficient_data",insufficient_data,0.0,,master|supplier,"only 0 checksum-valid barcode(s) available; corrupt reading from master, supplier"
abt-buy_0475,596,596,True,unresolved,False,reject,0.206,0.0,0.59,0.0,,"reject at 0.21 — source agreement 0.00, text margin 0.59, barcode insufficient_data",insufficient_data,0.0,,master|supplier,"only 0 checksum-valid barcode(s) available; corrupt reading from master, supplier"
abt-buy_0476,986,986,True,unresolved,False,reject,0.203,0.0,0.581,0.0,,"reject at 0.20 — source agreement 0.00, text margin 0.58, barcode insufficient_data",insufficient_data,0.0,,master|supplier,"only 0 checksum-valid barcode(s) available; corrupt reading from master, supplier"
abt-buy_0477,485,485,True,unresolved,False,reject,0.284,0.0,0.811,0.0,,"reject at 0.28 — source agreement 0.00, text margin 0.81, barcode insufficient_data",insufficient_data,0.0,,master|supplier,"only 0 checksum-valid barcode(s) available; corrupt reading from master, supplier"
abt-buy_0478,508,508,True,unresolved,False,reject,0.294,0.0,0.839,0.0,,"reject at 0.29 — source agreement 0.00, text margin 0.84, barcode insufficient_data",insufficient_data,0.0,,master|supplier,"only 0 checksum-valid barcode(s) available; corrupt reading from master, supplier"
abt-buy_0479,758,758,True,unresolved,False,reject,0.297,0.0,0.849,0.0,,"reject at 0.30 — source agreement 0.00, text margin 0.85, barcode insufficient_data",insufficient_data,0.0,,master|supplier,"only 0 checksum-valid barcode(s) available; corrupt reading from master, supplier"
abt-buy_0480,509,509,True,unresolved,False,reject,0.331,0.0,0.945,0.0,,"reject at 0.33 — source agreement 0.00, text margin 0.94, barcode insufficient_data",insufficient_data,0.0,,master|supplier,"only 0 checksum-valid barcode(s) available; corrupt reading from master, supplier"
abt-buy_0481,390,390,True,unresolved,False,reject,0.35,0.0,1.0,0.0,,"reject at 0.35 — source agreement 0.00, text margin 1.00, barcode insufficient_data",insufficient_data,0.0,,master|supplier,"only 0 checksum-valid barcode(s) available; corrupt reading from master, supplier"
abt-buy_0482,769,769,True,unresolved,False,reject,0.276,0.0,0.787,0.0,,"reject at 0.28 — source agreement 0.00, text margin 0.79, barcode insufficient_data",insufficient_data,0.0,,master|supplier,"only 0 checksum-valid barcode(s) available; corrupt reading from master, supplier"
abt-buy_0483,613,613,True,unresolved,False,reject,0.315,0.0,0.901,0.0,,"reject at 0.32 — source agreement 0.00, text margin 0.90, barcode insufficient_data",insufficient_data,0.0,,master|supplier,"only 0 checksum-valid barcode(s) available; corrupt reading from master, supplier"
abt-buy_0484,363,363,True,unresolved,False,reject,0.35,0.0,1.0,0.0,,"reject at 0.35 — source agreement 0.00, text margin 1.00, barcode insufficient_data",insufficient_data,0.0,,master|supplier,"only 0 checksum-valid barcode(s) available; corrupt reading from master, supplier"
abt-buy_0485,663,663,True,unresolved,False,reject,0.274,0.0,0.783,0.0,,"reject at 0.27 — source agreement 0.00, text margin 0.78, barcode insufficient_data",insufficient_data,0.0,,master|supplier,"only 0 checksum-valid barcode(s) available; corrupt reading from master, supplier"
abt-buy_0486,770,770,True,unresolved,False,reject,0.205,0.0,0.586,0.0,,"reject at 0.21 — source agreement 0.00, text margin 0.59, barcode insufficient_data",insufficient_data,0.0,,master|supplier,"only 0 checksum-valid barcode(s) available; corrupt reading from master, supplier"
abt-buy_0487,1073,1073,True,unresolved,False,reject,0.35,0.0,1.0,0.0,,"reject at 0.35 — source agreement 0.00, text margin 1.00, barcode insufficient_data",insufficient_data,0.0,,master|supplier,"only 0 checksum-valid barcode(s) available; corrupt reading from master, supplier"
abt-buy_0488,740,740,True,unresolved,False,reject,0.238,0.0,0.68,0.0,,"reject at 0.24 — source agreement 0.00, text margin 0.68, barcode insufficient_data",insufficient_data,0.0,,master|supplier,"only 0 checksum-valid barcode(s) available; corrupt reading from master, supplier"
abt-buy_0489,771,771,True,unresolved,False,reject,0.212,0.0,0.605,0.0,,"reject at 0.21 — source agreement 0.00, text margin 0.61, barcode insufficient_data",insufficient_data,0.0,,master|supplier,"only 0 checksum-valid barcode(s) available; corrupt reading from master, supplier"
abt-buy_0490,534,534,True,unresolved,False,reject,0.228,0.0,0.652,0.0,,"reject at 0.23 — source agreement 0.00, text margin 0.65, barcode insufficient_data",insufficient_data,0.0,,master|supplier,"only 0 checksum-valid barcode(s) available; corrupt reading from master, supplier"
abt-buy_0491,789,789,True,unresolved,False,reject,0.313,0.0,0.893,0.0,,"reject at 0.31 — source agreement 0.00, text margin 0.89, barcode insufficient_data",insufficient_data,0.0,,master|supplier,"only 0 checksum-valid barcode(s) available; corrupt reading from master, supplier"
abt-buy_0492,405,405,True,unresolved,False,reject,0.223,0.0,0.636,0.0,,"reject at 0.22 — source agreement 0.00, text margin 0.64, barcode insufficient_data",insufficient_data,0.0,,master|supplier,"only 0 checksum-valid barcode(s) available; corrupt reading from master, supplier"
abt-buy_0493,496,496,True,unresolved,False,reject,0.283,0.0,0.81,0.0,,"reject at 0.28 — source agreement 0.00, text margin 0.81, barcode insufficient_data",insufficient_data,0.0,,master|supplier,"only 0 checksum-valid barcode(s) available; corrupt reading from master, supplier"
abt-buy_0494,445,445,True,unresolved,False,reject,0.223,0.0,0.638,0.0,,"reject at 0.22 — source agreement 0.00, text margin 0.64, barcode insufficient_data",insufficient_data,0.0,,master|supplier,"only 0 checksum-valid barcode(s) available; corrupt reading from master, supplier"
abt-buy_0495,477,477,True,unresolved,False,reject,0.204,0.0,0.583,0.0,,"reject at 0.20 — source agreement 0.00, text margin 0.58, barcode insufficient_data",insufficient_data,0.0,,master|supplier,"only 0 checksum-valid barcode(s) available; corrupt reading from master, supplier"
abt-buy_0496,658,658,True,unresolved,False,reject,0.294,0.0,0.841,0.0,,"reject at 0.29 — source agreement 0.00, text margin 0.84, barcode insufficient_data",insufficient_data,0.0,,master|supplier,"only 0 checksum-valid barcode(s) available; corrupt reading from master, supplier"
abt-buy_0497,665,665,True,unresolved,False,reject,0.239,0.0,0.683,0.0,,"reject at 0.24 — source agreement 0.00, text margin 0.68, barcode insufficient_data",insufficient_data,0.0,,master|supplier,"only 0 checksum-valid barcode(s) available; corrupt reading from master, supplier"
abt-buy_0498,644,644,True,unresolved,False,reject,0.213,0.0,0.608,0.0,,"reject at 0.21 — source agreement 0.00, text margin 0.61, barcode insufficient_data",insufficient_data,0.0,,master|supplier,"only 0 checksum-valid barcode(s) available; corrupt reading from master, supplier"
abt-buy_0499,645,645,True,unresolved,False,reject,0.194,0.0,0.554,0.0,,"reject at 0.19 — source agreement 0.00, text margin 0.55, barcode insufficient_data",insufficient_data,0.0,,master|supplier,"only 0 checksum-valid barcode(s) available; corrupt reading from master, supplier"
abt-buy_0500,616,616,True,unresolved,False,reject,0.188,0.0,0.538,0.0,,"reject at 0.19 — source agreement 0.00, text margin 0.54, barcode insufficient_data",insufficient_data,0.0,,master|supplier,"only 0 checksum-valid barcode(s) available; corrupt reading from master, supplier"
abt-buy_0501,615,615,True,unresolved,False,reject,0.194,0.0,0.553,0.0,,"reject at 0.19 — source agreement 0.00, text margin 0.55, barcode insufficient_data",insufficient_data,0.0,,master|supplier,"only 0 checksum-valid barcode(s) available; corrupt reading from master, supplier"
abt-buy_0502,750,750,True,unresolved,False,reject,0.258,0.0,0.736,0.0,,"reject at 0.26 — source agreement 0.00, text margin 0.74, barcode insufficient_data",insufficient_data,0.0,,master|supplier,"only 0 checksum-valid barcode(s) available; corrupt reading from master, supplier"
abt-buy_0503,536,536,True,unresolved,False,reject,0.316,0.0,0.902,0.0,,"reject at 0.32 — source agreement 0.00, text margin 0.90, barcode insufficient_data",insufficient_data,0.0,,master|supplier,"only 0 checksum-valid barcode(s) available; corrupt reading from master, supplier"
abt-buy_0504,666,666,True,unresolved,False,reject,0.225,0.0,0.643,0.0,,"reject at 0.23 — source agreement 0.00, text margin 0.64, barcode insufficient_data",insufficient_data,0.0,,master|supplier,"only 0 checksum-valid barcode(s) available; corrupt reading from master, supplier"
abt-buy_0505,765,765,True,unresolved,False,reject,0.239,0.0,0.684,0.0,,"reject at 0.24 — source agreement 0.00, text margin 0.68, barcode insufficient_data",insufficient_data,0.0,,master|supplier,"only 0 checksum-valid barcode(s) available; corrupt reading from master, supplier"
abt-buy_0506,538,538,True,unresolved,False,reject,0.342,0.0,0.977,0.0,,"reject at 0.34 — source agreement 0.00, text margin 0.98, barcode insufficient_data",insufficient_data,0.0,,master|supplier,"only 0 checksum-valid barcode(s) available; corrupt reading from master, supplier"
abt-buy_0507,32,32,True,unresolved,False,reject,0.236,0.0,0.674,0.0,,"reject at 0.24 — source agreement 0.00, text margin 0.67, barcode insufficient_data",insufficient_data,0.0,,master|supplier,"only 0 checksum-valid barcode(s) available; corrupt reading from master, supplier"
abt-buy_0508,540,540,True,unresolved,False,reject,0.346,0.0,0.989,0.0,,"reject at 0.35 — source agreement 0.00, text margin 0.99, barcode insufficient_data",insufficient_data,0.0,,master|supplier,"only 0 checksum-valid barcode(s) available; corrupt reading from master, supplier"
abt-buy_0509,412,412,True,unresolved,False,reject,0.222,0.0,0.635,0.0,,"reject at 0.22 — source agreement 0.00, text margin 0.63, barcode insufficient_data",insufficient_data,0.0,,master|supplier,"only 0 checksum-valid barcode(s) available; corrupt reading from master, supplier"
abt-buy_0510,570,570,True,unresolved,False,reject,0.232,0.0,0.662,0.0,,"reject at 0.23 — source agreement 0.00, text margin 0.66, barcode insufficient_data",insufficient_data,0.0,,master|supplier,"only 0 checksum-valid barcode(s) available; corrupt reading from master, supplier"
abt-buy_0511,567,567,True,unresolved,False,reject,0.232,0.0,0.664,0.0,,"reject at 0.23 — source agreement 0.00, text margin 0.66, barcode insufficient_data",insufficient_data,0.0,,master|supplier,"only 0 checksum-valid barcode(s) available; corrupt reading from master, supplier"
abt-buy_0512,749,749,True,unresolved,False,reject,0.262,0.0,0.748,0.0,,"reject at 0.26 — source agreement 0.00, text margin 0.75, barcode insufficient_data",insufficient_data,0.0,,master|supplier,"only 0 checksum-valid barcode(s) available; corrupt reading from master, supplier"
abt-buy_0513,571,571,True,unresolved,False,reject,0.273,0.0,0.78,0.0,,"reject at 0.27 — source agreement 0.00, text margin 0.78, barcode insufficient_data",insufficient_data,0.0,,master|supplier,"only 0 checksum-valid barcode(s) available; corrupt reading from master, supplier"
abt-buy_0514,714,714,True,unresolved,False,reject,0.212,0.0,0.606,0.0,,"reject at 0.21 — source agreement 0.00, text margin 0.61, barcode insufficient_data",insufficient_data,0.0,,master|supplier,"only 0 checksum-valid barcode(s) available; corrupt reading from master, supplier"
abt-buy_0515,585,585,True,unresolved,False,reject,0.227,0.0,0.649,0.0,,"reject at 0.23 — source agreement 0.00, text margin 0.65, barcode insufficient_data",insufficient_data,0.0,,master|supplier,"only 0 checksum-valid barcode(s) available; corrupt reading from master, supplier"
abt-buy_0516,577,577,True,unresolved,False,reject,0.227,0.0,0.65,0.0,,"reject at 0.23 — source agreement 0.00, text margin 0.65, barcode insufficient_data",insufficient_data,0.0,,master|supplier,"only 0 checksum-valid barcode(s) available; corrupt reading from master, supplier"
abt-buy_0517,578,578,True,unresolved,False,reject,0.228,0.0,0.651,0.0,,"reject at 0.23 — source agreement 0.00, text margin 0.65, barcode insufficient_data",insufficient_data,0.0,,master|supplier,"only 0 checksum-valid barcode(s) available; corrupt reading from master, supplier"
abt-buy_0518,780,780,True,unresolved,False,reject,0.35,0.0,1.0,0.0,,"reject at 0.35 — source agreement 0.00, text margin 1.00, barcode insufficient_data",insufficient_data,0.0,,master|supplier,"only 0 checksum-valid barcode(s) available; corrupt reading from master, supplier"
abt-buy_0519,591,591,True,unresolved,False,reject,0.303,0.0,0.866,0.0,,"reject at 0.30 — source agreement 0.00, text margin 0.87, barcode insufficient_data",insufficient_data,0.0,,master|supplier,"only 0 checksum-valid barcode(s) available; corrupt reading from master, supplier"
abt-buy_0520,568,568,True,unresolved,False,reject,0.239,0.0,0.682,0.0,,"reject at 0.24 — source agreement 0.00, text margin 0.68, barcode insufficient_data",insufficient_data,0.0,,master|supplier,"only 0 checksum-valid barcode(s) available; corrupt reading from master, supplier"
abt-buy_0521,573,573,True,unresolved,False,reject,0.233,0.0,0.667,0.0,,"reject at 0.23 — source agreement 0.00, text margin 0.67, barcode insufficient_data",insufficient_data,0.0,,master|supplier,"only 0 checksum-valid barcode(s) available; corrupt reading from master, supplier"
abt-buy_0522,728,728,True,unresolved,False,reject,0.273,0.0,0.779,0.0,,"reject at 0.27 — source agreement 0.00, text margin 0.78, barcode insufficient_data",insufficient_data,0.0,,master|supplier,"only 0 checksum-valid barcode(s) available; corrupt reading from master, supplier"
abt-buy_0523,584,584,True,unresolved,False,reject,0.274,0.0,0.782,0.0,,"reject at 0.27 — source agreement 0.00, text margin 0.78, barcode insufficient_data",insufficient_data,0.0,,master|supplier,"only 0 checksum-valid barcode(s) available; corrupt reading from master, supplier"
abt-buy_0524,1061,1061,True,unresolved,False,reject,0.278,0.0,0.794,0.0,,"reject at 0.28 — source agreement 0.00, text margin 0.79, barcode insufficient_data",insufficient_data,0.0,,master|supplier,"only 0 checksum-valid barcode(s) available; corrupt reading from master, supplier"
abt-buy_0525,492,492,True,unresolved,False,reject,0.243,0.0,0.695,0.0,,"reject at 0.24 — source agreement 0.00, text margin 0.69, barcode insufficient_data",insufficient_data,0.0,,master|supplier,"only 0 checksum-valid barcode(s) available; corrupt reading from master, supplier"
abt-buy_0526,636,636,True,unresolved,False,reject,0.286,0.0,0.816,0.0,,"reject at 0.29 — source agreement 0.00, text margin 0.82, barcode insufficient_data",insufficient_data,0.0,,master|supplier,"only 0 checksum-valid barcode(s) available; corrupt reading from master, supplier"
abt-buy_0527,512,512,True,unresolved,False,reject,0.3,0.0,0.857,0.0,,"reject at 0.30 — source agreement 0.00, text margin 0.86, barcode insufficient_data",insufficient_data,0.0,,master|supplier,"only 0 checksum-valid barcode(s) available; corrupt reading from master, supplier"
abt-buy_0528,510,510,True,unresolved,False,reject,0.136,0.0,0.388,0.0,,"reject at 0.14 — source agreement 0.00, text margin 0.39, barcode insufficient_data",insufficient_data,0.0,,master|supplier,"only 0 checksum-valid barcode(s) available; corrupt reading from master, supplier"
abt-buy_0529,569,569,True,unresolved,False,reject,0.231,0.0,0.66,0.0,,"reject at 0.23 — source agreement 0.00, text margin 0.66, barcode insufficient_data",insufficient_data,0.0,,master|supplier,"only 0 checksum-valid barcode(s) available; corrupt reading from master, supplier"
abt-buy_0530,621,621,True,unresolved,False,reject,0.285,0.0,0.815,0.0,,"reject at 0.29 — source agreement 0.00, text margin 0.82, barcode insufficient_data",insufficient_data,0.0,,master|supplier,"only 0 checksum-valid barcode(s) available; corrupt reading from master, supplier"
abt-buy_0531,583,583,True,unresolved,False,reject,0.229,0.0,0.655,0.0,,"reject at 0.23 — source agreement 0.00, text margin 0.66, barcode insufficient_data",insufficient_data,0.0,,master|supplier,"only 0 checksum-valid barcode(s) available; corrupt reading from master, supplier"
abt-buy_0532,662,662,True,unresolved,False,reject,0.259,0.0,0.741,0.0,,"reject at 0.26 — source agreement 0.00, text margin 0.74, barcode insufficient_data",insufficient_data,0.0,,master|supplier,"only 0 checksum-valid barcode(s) available; corrupt reading from master, supplier"
abt-buy_0533,659,659,True,unresolved,False,reject,0.292,0.0,0.834,0.0,,"reject at 0.29 — source agreement 0.00, text margin 0.83, barcode insufficient_data",insufficient_data,0.0,,master|supplier,"only 0 checksum-valid barcode(s) available; corrupt reading from master, supplier"
abt-buy_0534,661,661,True,unresolved,False,reject,0.26,0.0,0.742,0.0,,"reject at 0.26 — source agreement 0.00, text margin 0.74, barcode insufficient_data",insufficient_data,0.0,,master|supplier,"only 0 checksum-valid barcode(s) available; corrupt reading from master, supplier"
abt-buy_0535,660,660,True,unresolved,False,reject,0.256,0.0,0.73,0.0,,"reject at 0.26 — source agreement 0.00, text margin 0.73, barcode insufficient_data",insufficient_data,0.0,,master|supplier,"only 0 checksum-valid barcode(s) available; corrupt reading from master, supplier"
abt-buy_0536,472,472,True,unresolved,False,reject,0.237,0.0,0.676,0.0,,"reject at 0.24 — source agreement 0.00, text margin 0.68, barcode insufficient_data",insufficient_data,0.0,,master|supplier,"only 0 checksum-valid barcode(s) available; corrupt reading from master, supplier"
abt-buy_0537,471,471,True,unresolved,False,reject,0.296,0.0,0.845,0.0,,"reject at 0.30 — source agreement 0.00, text margin 0.84, barcode insufficient_data",insufficient_data,0.0,,master|supplier,"only 0 checksum-valid barcode(s) available; corrupt reading from master, supplier"
abt-buy_0538,582,582,True,unresolved,False,reject,0.289,0.0,0.825,0.0,,"reject at 0.29 — source agreement 0.00, text margin 0.83, barcode insufficient_data",insufficient_data,0.0,,master|supplier,"only 0 checksum-valid barcode(s) available; corrupt reading from master, supplier"
abt-buy_0539,973,973,True,unresolved,False,reject,0.27,0.0,0.772,0.0,,"reject at 0.27 — source agreement 0.00, text margin 0.77, barcode insufficient_data",insufficient_data,0.0,,master|supplier,"only 0 checksum-valid barcode(s) available; corrupt reading from master, supplier"
abt-buy_0540,744,744,True,unresolved,False,reject,0.35,0.0,1.0,0.0,,"reject at 0.35 — source agreement 0.00, text margin 1.00, barcode insufficient_data",insufficient_data,0.0,,master|supplier,"only 0 checksum-valid barcode(s) available; corrupt reading from master, supplier"
abt-buy_0541,581,581,True,unresolved,False,reject,0.291,0.0,0.832,0.0,,"reject at 0.29 — source agreement 0.00, text margin 0.83, barcode insufficient_data",insufficient_data,0.0,,master|supplier,"only 0 checksum-valid barcode(s) available; corrupt reading from master, supplier"
abt-buy_0542,937,937,True,unresolved,False,reject,0.35,0.0,1.0,0.0,,"reject at 0.35 — source agreement 0.00, text margin 1.00, barcode insufficient_data",insufficient_data,0.0,,master|supplier,"only 0 checksum-valid barcode(s) available; corrupt reading from master, supplier"
abt-buy_0543,971,971,True,unresolved,False,reject,0.234,0.0,0.669,0.0,,"reject at 0.23 — source agreement 0.00, text margin 0.67, barcode insufficient_data",insufficient_data,0.0,,master|supplier,"only 0 checksum-valid barcode(s) available; corrupt reading from master, supplier"
abt-buy_0544,655,655,True,unresolved,False,reject,0.263,0.0,0.75,0.0,,"reject at 0.26 — source agreement 0.00, text margin 0.75, barcode insufficient_data",insufficient_data,0.0,,master|supplier,"only 0 checksum-valid barcode(s) available; corrupt reading from master, supplier"
abt-buy_0545,473,473,True,unresolved,False,reject,0.234,0.0,0.669,0.0,,"reject at 0.23 — source agreement 0.00, text margin 0.67, barcode insufficient_data",insufficient_data,0.0,,master|supplier,"only 0 checksum-valid barcode(s) available; corrupt reading from master, supplier"
abt-buy_0546,679,679,True,unresolved,False,reject,0.275,0.0,0.786,0.0,,"reject at 0.28 — source agreement 0.00, text margin 0.79, barcode insufficient_data",insufficient_data,0.0,,master|supplier,"only 0 checksum-valid barcode(s) available; corrupt reading from master, supplier"
abt-buy_0547,609,609,True,unresolved,False,reject,0.256,0.0,0.731,0.0,,"reject at 0.26 — source agreement 0.00, text margin 0.73, barcode insufficient_data",insufficient_data,0.0,,master|supplier,"only 0 checksum-valid barcode(s) available; corrupt reading from master, supplier"
abt-buy_0548,726,726,True,unresolved,False,reject,0.35,0.0,1.0,0.0,,"reject at 0.35 — source agreement 0.00, text margin 1.00, barcode insufficient_data",insufficient_data,0.0,,master|supplier,"only 0 checksum-valid barcode(s) available; corrupt reading from master, supplier"
abt-buy_0549,966,966,True,unresolved,False,reject,0.304,0.0,0.867,0.0,,"reject at 0.30 — source agreement 0.00, text margin 0.87, barcode insufficient_data",insufficient_data,0.0,,master|supplier,"only 0 checksum-valid barcode(s) available; corrupt reading from master, supplier"
abt-buy_0550,887,887,True,unresolved,False,reject,0.299,0.0,0.854,0.0,,"reject at 0.30 — source agreement 0.00, text margin 0.85, barcode insufficient_data",insufficient_data,0.0,,master|supplier,"only 0 checksum-valid barcode(s) available; corrupt reading from master, supplier"
abt-buy_0551,592,592,True,unresolved,False,reject,0.225,0.0,0.644,0.0,,"reject at 0.23 — source agreement 0.00, text margin 0.64, barcode insufficient_data",insufficient_data,0.0,,master|supplier,"only 0 checksum-valid barcode(s) available; corrupt reading from master, supplier"
abt-buy_0552,593,593,True,unresolved,False,reject,0.35,0.0,1.0,0.0,,"reject at 0.35 — source agreement 0.00, text margin 1.00, barcode insufficient_data",insufficient_data,0.0,,master|supplier,"only 0 checksum-valid barcode(s) available; corrupt reading from master, supplier"
abt-buy_0553,591,591,True,unresolved,False,reject,0.35,0.0,1.0,0.0,,"reject at 0.35 — source agreement 0.00, text margin 1.00, barcode insufficient_data",insufficient_data,0.0,,master|supplier,"only 0 checksum-valid barcode(s) available; corrupt reading from master, supplier"
abt-buy_0554,580,580,True,unresolved,False,reject,0.273,0.0,0.78,0.0,,"reject at 0.27 — source agreement 0.00, text margin 0.78, barcode insufficient_data",insufficient_data,0.0,,master|supplier,"only 0 checksum-valid barcode(s) available; corrupt reading from master, supplier"
abt-buy_0555,804,804,True,unresolved,False,reject,0.283,0.0,0.808,0.0,,"reject at 0.28 — source agreement 0.00, text margin 0.81, barcode insufficient_data",insufficient_data,0.0,,master|supplier,"only 0 checksum-valid barcode(s) available; corrupt reading from master, supplier"
abt-buy_0556,612,612,True,unresolved,False,reject,0.244,0.0,0.696,0.0,,"reject at 0.24 — source agreement 0.00, text margin 0.70, barcode insufficient_data",insufficient_data,0.0,,master|supplier,"only 0 checksum-valid barcode(s) available; corrupt reading from master, supplier"
abt-buy_0557,805,805,True,unresolved,False,reject,0.265,0.0,0.756,0.0,,"reject at 0.26 — source agreement 0.00, text margin 0.76, barcode insufficient_data",insufficient_data,0.0,,master|supplier,"only 0 checksum-valid barcode(s) available; corrupt reading from master, supplier"
abt-buy_0558,618,618,True,unresolved,False,reject,0.232,0.0,0.662,0.0,,"reject at 0.23 — source agreement 0.00, text margin 0.66, barcode insufficient_data",insufficient_data,0.0,,master|supplier,"only 0 checksum-valid barcode(s) available; corrupt reading from master, supplier"
abt-buy_0559,610,610,True,unresolved,False,reject,0.301,0.0,0.861,0.0,,"reject at 0.30 — source agreement 0.00, text margin 0.86, barcode insufficient_data",insufficient_data,0.0,,master|supplier,"only 0 checksum-valid barcode(s) available; corrupt reading from master, supplier"
abt-buy_0560,716,716,True,unresolved,False,reject,0.19,0.0,0.544,0.0,,"reject at 0.19 — source agreement 0.00, text margin 0.54, barcode insufficient_data",insufficient_data,0.0,,master|supplier,"only 0 checksum-valid barcode(s) available; corrupt reading from master, supplier"
abt-buy_0561,338,338,True,unresolved,False,reject,0.31,0.0,0.885,0.0,,"reject at 0.31 — source agreement 0.00, text margin 0.88, barcode insufficient_data",insufficient_data,0.0,,master|supplier,"only 0 checksum-valid barcode(s) available; corrupt reading from master, supplier"
abt-buy_0562,822,822,True,unresolved,False,reject,0.207,0.0,0.59,0.0,,"reject at 0.21 — source agreement 0.00, text margin 0.59, barcode insufficient_data",insufficient_data,0.0,,master|supplier,"only 0 checksum-valid barcode(s) available; corrupt reading from master, supplier"
abt-buy_0563,815,815,True,unresolved,False,reject,0.232,0.0,0.662,0.0,,"reject at 0.23 — source agreement 0.00, text margin 0.66, barcode insufficient_data",insufficient_data,0.0,,master|supplier,"only 0 checksum-valid barcode(s) available; corrupt reading from master, supplier"
abt-buy_0564,817,817,True,unresolved,False,reject,0.224,0.0,0.639,0.0,,"reject at 0.22 — source agreement 0.00, text margin 0.64, barcode insufficient_data",insufficient_data,0.0,,master|supplier,"only 0 checksum-valid barcode(s) available; corrupt reading from master, supplier"
abt-buy_0565,816,816,True,unresolved,False,reject,0.23,0.0,0.657,0.0,,"reject at 0.23 — source agreement 0.00, text margin 0.66, barcode insufficient_data",insufficient_data,0.0,,master|supplier,"only 0 checksum-valid barcode(s) available; corrupt reading from master, supplier"
abt-buy_0566,638,638,True,unresolved,False,reject,0.236,0.0,0.676,0.0,,"reject at 0.24 — source agreement 0.00, text margin 0.68, barcode insufficient_data",insufficient_data,0.0,,master|supplier,"only 0 checksum-valid barcode(s) available; corrupt reading from master, supplier"
abt-buy_0567,642,642,True,unresolved,False,reject,0.193,0.0,0.553,0.0,,"reject at 0.19 — source agreement 0.00, text margin 0.55, barcode insufficient_data",insufficient_data,0.0,,master|supplier,"only 0 checksum-valid barcode(s) available; corrupt reading from master, supplier"
abt-buy_0568,818,818,True,unresolved,False,reject,0.21,0.0,0.601,0.0,,"reject at 0.21 — source agreement 0.00, text margin 0.60, barcode insufficient_data",insufficient_data,0.0,,master|supplier,"only 0 checksum-valid barcode(s) available; corrupt reading from master, supplier"
abt-buy_0569,641,641,True,unresolved,False,reject,0.209,0.0,0.597,0.0,,"reject at 0.21 — source agreement 0.00, text margin 0.60, barcode insufficient_data",insufficient_data,0.0,,master|supplier,"only 0 checksum-valid barcode(s) available; corrupt reading from master, supplier"
abt-buy_0570,529,529,True,unresolved,False,reject,0.232,0.0,0.662,0.0,,"reject at 0.23 — source agreement 0.00, text margin 0.66, barcode insufficient_data",insufficient_data,0.0,,master|supplier,"only 0 checksum-valid barcode(s) available; corrupt reading from master, supplier"
abt-buy_0571,574,574,True,unresolved,False,reject,0.348,0.0,0.994,0.0,,"reject at 0.35 — source agreement 0.00, text margin 0.99, barcode insufficient_data",insufficient_data,0.0,,master|supplier,"only 0 checksum-valid barcode(s) available; corrupt reading from master, supplier"
abt-buy_0572,464,464,True,unresolved,False,reject,0.325,0.0,0.929,0.0,,"reject at 0.33 — source agreement 0.00, text margin 0.93, barcode insufficient_data",insufficient_data,0.0,,master|supplier,"only 0 checksum-valid barcode(s) available; corrupt reading from master, supplier"
abt-buy_0573,319,319,True,unresolved,False,reject,0.35,0.0,1.0,0.0,,"reject at 0.35 — source agreement 0.00, text margin 1.00, barcode insufficient_data",insufficient_data,0.0,,master|supplier,"only 0 checksum-valid barcode(s) available; corrupt reading from master, supplier"
abt-buy_0574,158,158,True,unresolved,False,reject,0.259,0.0,0.74,0.0,,"reject at 0.26 — source agreement 0.00, text margin 0.74, barcode insufficient_data",insufficient_data,0.0,,master|supplier,"only 0 checksum-valid barcode(s) available; corrupt reading from master, supplier"
abt-buy_0575,650,650,True,unresolved,False,reject,0.274,0.0,0.782,0.0,,"reject at 0.27 — source agreement 0.00, text margin 0.78, barcode insufficient_data",insufficient_data,0.0,,master|supplier,"only 0 checksum-valid barcode(s) available; corrupt reading from master, supplier"
abt-buy_0576,1055,1055,True,unresolved,False,reject,0.35,0.0,1.0,0.0,,"reject at 0.35 — source agreement 0.00, text margin 1.00, barcode insufficient_data",insufficient_data,0.0,,master|supplier,"only 0 checksum-valid barcode(s) available; corrupt reading from master, supplier"
abt-buy_0577,545,545,True,unresolved,False,reject,0.24,0.0,0.685,0.0,,"reject at 0.24 — source agreement 0.00, text margin 0.69, barcode insufficient_data",insufficient_data,0.0,,master|supplier,"only 0 checksum-valid barcode(s) available; corrupt reading from master, supplier"
abt-buy_0578,546,546,True,unresolved,False,reject,0.241,0.0,0.687,0.0,,"reject at 0.24 — source agreement 0.00, text margin 0.69, barcode insufficient_data",insufficient_data,0.0,,master|supplier,"only 0 checksum-valid barcode(s) available; corrupt reading from master, supplier"
abt-buy_0579,823,823,True,unresolved,False,reject,0.35,0.0,1.0,0.0,,"reject at 0.35 — source agreement 0.00, text margin 1.00, barcode insufficient_data",insufficient_data,0.0,,master|supplier,"only 0 checksum-valid barcode(s) available; corrupt reading from master, supplier"
abt-buy_0580,619,619,True,unresolved,False,reject,0.24,0.0,0.686,0.0,,"reject at 0.24 — source agreement 0.00, text margin 0.69, barcode insufficient_data",insufficient_data,0.0,,master|supplier,"only 0 checksum-valid barcode(s) available; corrupt reading from master, supplier"
abt-buy_0581,680,680,True,unresolved,False,reject,0.194,0.0,0.555,0.0,,"reject at 0.19 — source agreement 0.00, text margin 0.55, barcode insufficient_data",insufficient_data,0.0,,master|supplier,"only 0 checksum-valid barcode(s) available; corrupt reading from master, supplier"
abt-buy_0582,611,611,True,unresolved,False,reject,0.313,0.0,0.895,0.0,,"reject at 0.31 — source agreement 0.00, text margin 0.90, barcode insufficient_data",insufficient_data,0.0,,master|supplier,"only 0 checksum-valid barcode(s) available; corrupt reading from master, supplier"
abt-buy_0583,646,646,True,unresolved,False,reject,0.317,0.0,0.907,0.0,,"reject at 0.32 — source agreement 0.00, text margin 0.91, barcode insufficient_data",insufficient_data,0.0,,master|supplier,"only 0 checksum-valid barcode(s) available; corrupt reading from master, supplier"
abt-buy_0584,564,564,True,unresolved,False,reject,0.185,0.0,0.527,0.0,,"reject at 0.18 — source agreement 0.00, text margin 0.53, barcode insufficient_data",insufficient_data,0.0,,master|supplier,"only 0 checksum-valid barcode(s) available; corrupt reading from master, supplier"
abt-buy_0585,1012,1012,True,unresolved,False,reject,0.298,0.0,0.853,0.0,,"reject at 0.30 — source agreement 0.00, text margin 0.85, barcode insufficient_data",insufficient_data,0.0,,master|supplier,"only 0 checksum-valid barcode(s) available; corrupt reading from master, supplier"
abt-buy_0586,783,783,True,unresolved,False,reject,0.228,0.0,0.651,0.0,,"reject at 0.23 — source agreement 0.00, text margin 0.65, barcode insufficient_data",insufficient_data,0.0,,master|supplier,"only 0 checksum-valid barcode(s) available; corrupt reading from master, supplier"
abt-buy_0587,748,748,True,unresolved,False,reject,0.347,0.0,0.992,0.0,,"reject at 0.35 — source agreement 0.00, text margin 0.99, barcode insufficient_data",insufficient_data,0.0,,master|supplier,"only 0 checksum-valid barcode(s) available; corrupt reading from master, supplier"
abt-buy_0588,651,651,True,unresolved,False,reject,0.24,0.0,0.687,0.0,,"reject at 0.24 — source agreement 0.00, text margin 0.69, barcode insufficient_data",insufficient_data,0.0,,master|supplier,"only 0 checksum-valid barcode(s) available; corrupt reading from master, supplier"
abt-buy_0589,614,614,True,unresolved,False,reject,0.35,0.0,1.0,0.0,,"reject at 0.35 — source agreement 0.00, text margin 1.00, barcode insufficient_data",insufficient_data,0.0,,master|supplier,"only 0 checksum-valid barcode(s) available; corrupt reading from master, supplier"
abt-buy_0590,579,579,True,unresolved,False,reject,0.266,0.0,0.761,0.0,,"reject at 0.27 — source agreement 0.00, text margin 0.76, barcode insufficient_data",insufficient_data,0.0,,master|supplier,"only 0 checksum-valid barcode(s) available; corrupt reading from master, supplier"
abt-buy_0591,667,667,True,unresolved,False,reject,0.255,0.0,0.729,0.0,,"reject at 0.26 — source agreement 0.00, text margin 0.73, barcode insufficient_data",insufficient_data,0.0,,master|supplier,"only 0 checksum-valid barcode(s) available; corrupt reading from master, supplier"
abt-buy_0592,686,686,True,unresolved,False,reject,0.242,0.0,0.692,0.0,,"reject at 0.24 — source agreement 0.00, text margin 0.69, barcode insufficient_data",insufficient_data,0.0,,master|supplier,"only 0 checksum-valid barcode(s) available; corrupt reading from master, supplier"
abt-buy_0593,706,706,True,unresolved,False,reject,0.35,0.0,1.0,0.0,,"reject at 0.35 — source agreement 0.00, text margin 1.00, barcode insufficient_data",insufficient_data,0.0,,master|supplier,"only 0 checksum-valid barcode(s) available; corrupt reading from master, supplier"
abt-buy_0594,637,637,True,unresolved,False,reject,0.35,0.0,0.999,0.0,,"reject at 0.35 — source agreement 0.00, text margin 1.00, barcode insufficient_data",insufficient_data,0.0,,master|supplier,"only 0 checksum-valid barcode(s) available; corrupt reading from master, supplier"
abt-buy_0595,1049,1049,True,unresolved,False,reject,0.35,0.0,1.0,0.0,,"reject at 0.35 — source agreement 0.00, text margin 1.00, barcode insufficient_data",insufficient_data,0.0,,master|supplier,"only 0 checksum-valid barcode(s) available; corrupt reading from master, supplier"
abt-buy_0596,725,725,True,unresolved,False,reject,0.286,0.0,0.816,0.0,,"reject at 0.29 — source agreement 0.00, text margin 0.82, barcode insufficient_data",insufficient_data,0.0,,master|supplier,"only 0 checksum-valid barcode(s) available; corrupt reading from master, supplier"
abt-buy_0597,528,528,True,unresolved,False,reject,0.295,0.0,0.844,0.0,,"reject at 0.30 — source agreement 0.00, text margin 0.84, barcode insufficient_data",insufficient_data,0.0,,master|supplier,"only 0 checksum-valid barcode(s) available; corrupt reading from master, supplier"
abt-buy_0598,314,314,True,unresolved,False,reject,0.286,0.0,0.819,0.0,,"reject at 0.29 — source agreement 0.00, text margin 0.82, barcode insufficient_data",insufficient_data,0.0,,master|supplier,"only 0 checksum-valid barcode(s) available; corrupt reading from master, supplier"
abt-buy_0599,437,437,True,unresolved,False,reject,0.217,0.0,0.62,0.0,,"reject at 0.22 — source agreement 0.00, text margin 0.62, barcode insufficient_data",insufficient_data,0.0,,master|supplier,"only 0 checksum-valid barcode(s) available; corrupt reading from master, supplier"
abt-buy_0600,415,415,True,unresolved,False,reject,0.282,0.0,0.806,0.0,,"reject at 0.28 — source agreement 0.00, text margin 0.81, barcode insufficient_data",insufficient_data,0.0,,master|supplier,"only 0 checksum-valid barcode(s) available; corrupt reading from master, supplier"
abt-buy_0601,474,474,True,unresolved,False,reject,0.297,0.0,0.848,0.0,,"reject at 0.30 — source agreement 0.00, text margin 0.85, barcode insufficient_data",insufficient_data,0.0,,master|supplier,"only 0 checksum-valid barcode(s) available; corrupt reading from master, supplier"
abt-buy_0602,696,696,True,unresolved,False,reject,0.333,0.0,0.952,0.0,,"reject at 0.33 — source agreement 0.00, text margin 0.95, barcode insufficient_data",insufficient_data,0.0,,master|supplier,"only 0 checksum-valid barcode(s) available; corrupt reading from master, supplier"
abt-buy_0603,954,954,True,unresolved,False,reject,0.24,0.0,0.684,0.0,,"reject at 0.24 — source agreement 0.00, text margin 0.68, barcode insufficient_data",insufficient_data,0.0,,master|supplier,"only 0 checksum-valid barcode(s) available; corrupt reading from master, supplier"
abt-buy_0604,711,711,True,unresolved,False,reject,0.286,0.0,0.819,0.0,,"reject at 0.29 — source agreement 0.00, text margin 0.82, barcode insufficient_data",insufficient_data,0.0,,master|supplier,"only 0 checksum-valid barcode(s) available; corrupt reading from master, supplier"
abt-buy_0605,746,746,True,unresolved,False,reject,0.214,0.0,0.612,0.0,,"reject at 0.21 — source agreement 0.00, text margin 0.61, barcode insufficient_data",insufficient_data,0.0,,master|supplier,"only 0 checksum-valid barcode(s) available; corrupt reading from master, supplier"
abt-buy_0606,782,782,True,unresolved,False,reject,0.295,0.0,0.844,0.0,,"reject at 0.30 — source agreement 0.00, text margin 0.84, barcode insufficient_data",insufficient_data,0.0,,master|supplier,"only 0 checksum-valid barcode(s) available; corrupt reading from master, supplier"
abt-buy_0607,424,424,True,unresolved,False,reject,0.314,0.0,0.896,0.0,,"reject at 0.31 — source agreement 0.00, text margin 0.90, barcode insufficient_data",insufficient_data,0.0,,master|supplier,"only 0 checksum-valid barcode(s) available; corrupt reading from master, supplier"
abt-buy_0608,438,438,True,unresolved,False,reject,0.301,0.0,0.86,0.0,,"reject at 0.30 — source agreement 0.00, text margin 0.86, barcode insufficient_data",insufficient_data,0.0,,master|supplier,"only 0 checksum-valid barcode(s) available; corrupt reading from master, supplier"
abt-buy_0609,425,425,True,unresolved,False,reject,0.292,0.0,0.835,0.0,,"reject at 0.29 — source agreement 0.00, text margin 0.83, barcode insufficient_data",insufficient_data,0.0,,master|supplier,"only 0 checksum-valid barcode(s) available; corrupt reading from master, supplier"
abt-buy_0610,747,747,True,unresolved,False,reject,0.215,0.0,0.615,0.0,,"reject at 0.22 — source agreement 0.00, text margin 0.62, barcode insufficient_data",insufficient_data,0.0,,master|supplier,"only 0 checksum-valid barcode(s) available; corrupt reading from master, supplier"
abt-buy_0611,566,566,True,unresolved,False,reject,0.124,0.0,0.355,0.0,,"reject at 0.12 — source agreement 0.00, text margin 0.36, barcode insufficient_data",insufficient_data,0.0,,master|supplier,"only 0 checksum-valid barcode(s) available; corrupt reading from master, supplier"
abt-buy_0612,450,450,True,unresolved,False,reject,0.35,0.0,1.0,0.0,,"reject at 0.35 — source agreement 0.00, text margin 1.00, barcode insufficient_data",insufficient_data,0.0,,master|supplier,"only 0 checksum-valid barcode(s) available; corrupt reading from master, supplier"
abt-buy_0613,439,439,True,unresolved,False,reject,0.215,0.0,0.614,0.0,,"reject at 0.21 — source agreement 0.00, text margin 0.61, barcode insufficient_data",insufficient_data,0.0,,master|supplier,"only 0 checksum-valid barcode(s) available; corrupt reading from master, supplier"
abt-buy_0614,334,334,True,unresolved,False,reject,0.195,0.0,0.558,0.0,,"reject at 0.20 — source agreement 0.00, text margin 0.56, barcode insufficient_data",insufficient_data,0.0,,master|supplier,"only 0 checksum-valid barcode(s) available; corrupt reading from master, supplier"
abt-buy_0615,544,544,True,unresolved,False,reject,0.22,0.0,0.627,0.0,,"reject at 0.22 — source agreement 0.00, text margin 0.63, barcode insufficient_data",insufficient_data,0.0,,master|supplier,"only 0 checksum-valid barcode(s) available; corrupt reading from master, supplier"
abt-buy_0616,547,547,True,unresolved,False,reject,0.243,0.0,0.693,0.0,,"reject at 0.24 — source agreement 0.00, text margin 0.69, barcode insufficient_data",insufficient_data,0.0,,master|supplier,"only 0 checksum-valid barcode(s) available; corrupt reading from master, supplier"
abt-buy_0617,562,562,True,unresolved,False,reject,0.283,0.0,0.809,0.0,,"reject at 0.28 — source agreement 0.00, text margin 0.81, barcode insufficient_data",insufficient_data,0.0,,master|supplier,"only 0 checksum-valid barcode(s) available; corrupt reading from master, supplier"
abt-buy_0618,626,626,True,unresolved,False,reject,0.245,0.0,0.701,0.0,,"reject at 0.25 — source agreement 0.00, text margin 0.70, barcode insufficient_data",insufficient_data,0.0,,master|supplier,"only 0 checksum-valid barcode(s) available; corrupt reading from master, supplier"
abt-buy_0619,530,530,True,unresolved,False,reject,0.164,0.0,0.469,0.0,,"reject at 0.16 — source agreement 0.00, text margin 0.47, barcode insufficient_data",insufficient_data,0.0,,master|supplier,"only 0 checksum-valid barcode(s) available; corrupt reading from master, supplier"
abt-buy_0620,532,532,True,unresolved,False,reject,0.183,0.0,0.524,0.0,,"reject at 0.18 — source agreement 0.00, text margin 0.52, barcode insufficient_data",insufficient_data,0.0,,master|supplier,"only 0 checksum-valid barcode(s) available; corrupt reading from master, supplier"
abt-buy_0621,563,563,True,unresolved,False,reject,0.199,0.0,0.569,0.0,,"reject at 0.20 — source agreement 0.00, text margin 0.57, barcode insufficient_data",insufficient_data,0.0,,master|supplier,"only 0 checksum-valid barcode(s) available; corrupt reading from master, supplier"
abt-buy_0622,677,677,True,unresolved,False,reject,0.173,0.0,0.493,0.0,,"reject at 0.17 — source agreement 0.00, text margin 0.49, barcode insufficient_data",insufficient_data,0.0,,master|supplier,"only 0 checksum-valid barcode(s) available; corrupt reading from master, supplier"
abt-buy_0623,694,694,True,unresolved,False,reject,0.142,0.0,0.407,0.0,,"reject at 0.14 — source agreement 0.00, text margin 0.41, barcode insufficient_data",insufficient_data,0.0,,master|supplier,"only 0 checksum-valid barcode(s) available; corrupt reading from master, supplier"
abt-buy_0624,698,698,True,unresolved,False,reject,0.14,0.0,0.399,0.0,,"reject at 0.14 — source agreement 0.00, text margin 0.40, barcode insufficient_data",insufficient_data,0.0,,master|supplier,"only 0 checksum-valid barcode(s) available; corrupt reading from master, supplier"
abt-buy_0625,699,699,True,unresolved,False,reject,0.108,0.0,0.308,0.0,,"reject at 0.11 — source agreement 0.00, text margin 0.31, barcode insufficient_data",insufficient_data,0.0,,master|supplier,"only 0 checksum-valid barcode(s) available; corrupt reading from master, supplier"
abt-buy_0626,697,697,True,unresolved,False,reject,0.136,0.0,0.389,0.0,,"reject at 0.14 — source agreement 0.00, text margin 0.39, barcode insufficient_data",insufficient_data,0.0,,master|supplier,"only 0 checksum-valid barcode(s) available; corrupt reading from master, supplier"
abt-buy_0627,700,700,True,unresolved,False,reject,0.151,0.0,0.431,0.0,,"reject at 0.15 — source agreement 0.00, text margin 0.43, barcode insufficient_data",insufficient_data,0.0,,master|supplier,"only 0 checksum-valid barcode(s) available; corrupt reading from master, supplier"
abt-buy_0628,704,704,True,unresolved,False,reject,0.153,0.0,0.437,0.0,,"reject at 0.15 — source agreement 0.00, text margin 0.44, barcode insufficient_data",insufficient_data,0.0,,master|supplier,"only 0 checksum-valid barcode(s) available; corrupt reading from master, supplier"
abt-buy_0629,705,705,True,unresolved,False,reject,0.22,0.0,0.629,0.0,,"reject at 0.22 — source agreement 0.00, text margin 0.63, barcode insufficient_data",insufficient_data,0.0,,master|supplier,"only 0 checksum-valid barcode(s) available; corrupt reading from master, supplier"
abt-buy_0630,703,703,True,unresolved,False,reject,0.168,0.0,0.48,0.0,,"reject at 0.17 — source agreement 0.00, text margin 0.48, barcode insufficient_data",insufficient_data,0.0,,master|supplier,"only 0 checksum-valid barcode(s) available; corrupt reading from master, supplier"
abt-buy_0631,743,743,True,unresolved,False,reject,0.22,0.0,0.629,0.0,,"reject at 0.22 — source agreement 0.00, text margin 0.63, barcode insufficient_data",insufficient_data,0.0,,master|supplier,"only 0 checksum-valid barcode(s) available; corrupt reading from master, supplier"
abt-buy_0632,736,736,True,unresolved,False,reject,0.218,0.0,0.623,0.0,,"reject at 0.22 — source agreement 0.00, text margin 0.62, barcode insufficient_data",insufficient_data,0.0,,master|supplier,"only 0 checksum-valid barcode(s) available; corrupt reading from master, supplier"
abt-buy_0633,735,735,True,unresolved,False,reject,0.231,0.0,0.661,0.0,,"reject at 0.23 — source agreement 0.00, text margin 0.66, barcode insufficient_data",insufficient_data,0.0,,master|supplier,"only 0 checksum-valid barcode(s) available; corrupt reading from master, supplier"
abt-buy_0634,733,733,True,unresolved,False,reject,0.173,0.0,0.494,0.0,,"reject at 0.17 — source agreement 0.00, text margin 0.49, barcode insufficient_data",insufficient_data,0.0,,master|supplier,"only 0 checksum-valid barcode(s) available; corrupt reading from master, supplier"
abt-buy_0635,732,732,True,unresolved,False,reject,0.17,0.0,0.485,0.0,,"reject at 0.17 — source agreement 0.00, text margin 0.49, barcode insufficient_data",insufficient_data,0.0,,master|supplier,"only 0 checksum-valid barcode(s) available; corrupt reading from master, supplier"
abt-buy_0636,731,731,True,unresolved,False,reject,0.181,0.0,0.518,0.0,,"reject at 0.18 — source agreement 0.00, text margin 0.52, barcode insufficient_data",insufficient_data,0.0,,master|supplier,"only 0 checksum-valid barcode(s) available; corrupt reading from master, supplier"
abt-buy_0637,718,718,True,unresolved,False,reject,0.178,0.0,0.508,0.0,,"reject at 0.18 — source agreement 0.00, text margin 0.51, barcode insufficient_data",insufficient_data,0.0,,master|supplier,"only 0 checksum-valid barcode(s) available; corrupt reading from master, supplier"
abt-buy_0638,717,717,True,unresolved,False,reject,0.179,0.0,0.511,0.0,,"reject at 0.18 — source agreement 0.00, text margin 0.51, barcode insufficient_data",insufficient_data,0.0,,master|supplier,"only 0 checksum-valid barcode(s) available; corrupt reading from master, supplier"
abt-buy_0639,693,693,True,unresolved,False,reject,0.18,0.0,0.514,0.0,,"reject at 0.18 — source agreement 0.00, text margin 0.51, barcode insufficient_data",insufficient_data,0.0,,master|supplier,"only 0 checksum-valid barcode(s) available; corrupt reading from master, supplier"
abt-buy_0640,674,674,True,unresolved,False,reject,0.151,0.0,0.431,0.0,,"reject at 0.15 — source agreement 0.00, text margin 0.43, barcode insufficient_data",insufficient_data,0.0,,master|supplier,"only 0 checksum-valid barcode(s) available; corrupt reading from master, supplier"
abt-buy_0641,692,692,True,unresolved,False,reject,0.17,0.0,0.486,0.0,,"reject at 0.17 — source agreement 0.00, text margin 0.49, barcode insufficient_data",insufficient_data,0.0,,master|supplier,"only 0 checksum-valid barcode(s) available; corrupt reading from master, supplier"
abt-buy_0642,690,690,True,unresolved,False,reject,0.139,0.0,0.396,0.0,,"reject at 0.14 — source agreement 0.00, text margin 0.40, barcode insufficient_data",insufficient_data,0.0,,master|supplier,"only 0 checksum-valid barcode(s) available; corrupt reading from master, supplier"
abt-buy_0643,691,691,True,unresolved,False,reject,0.107,0.0,0.306,0.0,,"reject at 0.11 — source agreement 0.00, text margin 0.31, barcode insufficient_data",insufficient_data,0.0,,master|supplier,"only 0 checksum-valid barcode(s) available; corrupt reading from master, supplier"
abt-buy_0644,713,713,True,unresolved,False,reject,0.179,0.0,0.511,0.0,,"reject at 0.18 — source agreement 0.00, text margin 0.51, barcode insufficient_data",insufficient_data,0.0,,master|supplier,"only 0 checksum-valid barcode(s) available; corrupt reading from master, supplier"
abt-buy_0645,715,715,True,unresolved,False,reject,0.146,0.0,0.417,0.0,,"reject at 0.15 — source agreement 0.00, text margin 0.42, barcode insufficient_data",insufficient_data,0.0,,master|supplier,"only 0 checksum-valid barcode(s) available; corrupt reading from master, supplier"
abt-buy_0646,712,712,True,unresolved,False,reject,0.161,0.0,0.459,0.0,,"reject at 0.16 — source agreement 0.00, text margin 0.46, barcode insufficient_data",insufficient_data,0.0,,master|supplier,"only 0 checksum-valid barcode(s) available; corrupt reading from master, supplier"
abt-buy_0647,482,482,True,unresolved,False,reject,0.248,0.0,0.708,0.0,,"reject at 0.25 — source agreement 0.00, text margin 0.71, barcode insufficient_data",insufficient_data,0.0,,master|supplier,"only 0 checksum-valid barcode(s) available; corrupt reading from master, supplier"
abt-buy_0648,481,481,True,unresolved,False,reject,0.232,0.0,0.662,0.0,,"reject at 0.23 — source agreement 0.00, text margin 0.66, barcode insufficient_data",insufficient_data,0.0,,master|supplier,"only 0 checksum-valid barcode(s) available; corrupt reading from master, supplier"
abt-buy_0649,484,484,True,unresolved,False,reject,0.214,0.0,0.612,0.0,,"reject at 0.21 — source agreement 0.00, text margin 0.61, barcode insufficient_data",insufficient_data,0.0,,master|supplier,"only 0 checksum-valid barcode(s) available; corrupt reading from master, supplier"
abt-buy_0650,872,872,True,unresolved,False,reject,0.182,0.0,0.519,0.0,,"reject at 0.18 — source agreement 0.00, text margin 0.52, barcode insufficient_data",insufficient_data,0.0,,master|supplier,"only 0 checksum-valid barcode(s) available; corrupt reading from master, supplier"
abt-buy_0651,871,871,True,unresolved,False,reject,0.191,0.0,0.545,0.0,,"reject at 0.19 — source agreement 0.00, text margin 0.54, barcode insufficient_data",insufficient_data,0.0,,master|supplier,"only 0 checksum-valid barcode(s) available; corrupt reading from master, supplier"
abt-buy_0652,317,317,True,unresolved,False,reject,0.271,0.0,0.775,0.0,,"reject at 0.27 — source agreement 0.00, text margin 0.78, barcode insufficient_data",insufficient_data,0.0,,master|supplier,"only 0 checksum-valid barcode(s) available; corrupt reading from master, supplier"
abt-buy_0653,719,719,True,unresolved,False,reject,0.16,0.0,0.458,0.0,,"reject at 0.16 — source agreement 0.00, text margin 0.46, barcode insufficient_data",insufficient_data,0.0,,master|supplier,"only 0 checksum-valid barcode(s) available; corrupt reading from master, supplier"
abt-buy_0654,721,721,True,unresolved,False,reject,0.169,0.0,0.484,0.0,,"reject at 0.17 — source agreement 0.00, text margin 0.48, barcode insufficient_data",insufficient_data,0.0,,master|supplier,"only 0 checksum-valid barcode(s) available; corrupt reading from master, supplier"
abt-buy_0655,720,720,True,unresolved,False,reject,0.181,0.0,0.516,0.0,,"reject at 0.18 — source agreement 0.00, text margin 0.52, barcode insufficient_data",insufficient_data,0.0,,master|supplier,"only 0 checksum-valid barcode(s) available; corrupt reading from master, supplier"
abt-buy_0656,723,723,True,unresolved,False,reject,0.157,0.0,0.45,0.0,,"reject at 0.16 — source agreement 0.00, text margin 0.45, barcode insufficient_data",insufficient_data,0.0,,master|supplier,"only 0 checksum-valid barcode(s) available; corrupt reading from master, supplier"
abt-buy_0657,1014,1014,True,unresolved,False,reject,0.32,0.0,0.915,0.0,,"reject at 0.32 — source agreement 0.00, text margin 0.92, barcode insufficient_data",insufficient_data,0.0,,master|supplier,"only 0 checksum-valid barcode(s) available; corrupt reading from master, supplier"
abt-buy_0658,820,820,True,unresolved,False,reject,0.242,0.0,0.692,0.0,,"reject at 0.24 — source agreement 0.00, text margin 0.69, barcode insufficient_data",insufficient_data,0.0,,master|supplier,"only 0 checksum-valid barcode(s) available; corrupt reading from master, supplier"
abt-buy_0659,819,819,True,unresolved,False,reject,0.247,0.0,0.707,0.0,,"reject at 0.25 — source agreement 0.00, text margin 0.71, barcode insufficient_data",insufficient_data,0.0,,master|supplier,"only 0 checksum-valid barcode(s) available; corrupt reading from master, supplier"
abt-buy_0660,768,768,True,unresolved,False,reject,0.341,0.0,0.974,0.0,,"reject at 0.34 — source agreement 0.00, text margin 0.97, barcode insufficient_data",insufficient_data,0.0,,master|supplier,"only 0 checksum-valid barcode(s) available; corrupt reading from master, supplier"
abt-buy_0661,543,543,True,unresolved,False,reject,0.309,0.0,0.884,0.0,,"reject at 0.31 — source agreement 0.00, text margin 0.88, barcode insufficient_data",insufficient_data,0.0,,master|supplier,"only 0 checksum-valid barcode(s) available; corrupt reading from master, supplier"
abt-buy_0662,775,775,True,unresolved,False,reject,0.234,0.0,0.668,0.0,,"reject at 0.23 — source agreement 0.00, text margin 0.67, barcode insufficient_data",insufficient_data,0.0,,master|supplier,"only 0 checksum-valid barcode(s) available; corrupt reading from master, supplier"
abt-buy_0663,657,657,True,unresolved,False,reject,0.315,0.0,0.901,0.0,,"reject at 0.32 — source agreement 0.00, text margin 0.90, barcode insufficient_data",insufficient_data,0.0,,master|supplier,"only 0 checksum-valid barcode(s) available; corrupt reading from master, supplier"
abt-buy_0664,785,785,True,unresolved,False,reject,0.35,0.0,1.0,0.0,,"reject at 0.35 — source agreement 0.00, text margin 1.00, barcode insufficient_data",insufficient_data,0.0,,master|supplier,"only 0 checksum-valid barcode(s) available; corrupt reading from master, supplier"
abt-buy_0665,42,42,True,unresolved,False,reject,0.204,0.0,0.584,0.0,,"reject at 0.20 — source agreement 0.00, text margin 0.58, barcode insufficient_data",insufficient_data,0.0,,master|supplier,"only 0 checksum-valid barcode(s) available; corrupt reading from master, supplier"
abt-buy_0666,43,43,True,unresolved,False,reject,0.196,0.0,0.56,0.0,,"reject at 0.20 — source agreement 0.00, text margin 0.56, barcode insufficient_data",insufficient_data,0.0,,master|supplier,"only 0 checksum-valid barcode(s) available; corrupt reading from master, supplier"
abt-buy_0667,1021,1021,True,unresolved,False,reject,0.35,0.0,1.0,0.0,,"reject at 0.35 — source agreement 0.00, text margin 1.00, barcode insufficient_data",insufficient_data,0.0,,master|supplier,"only 0 checksum-valid barcode(s) available; corrupt reading from master, supplier"
abt-buy_0668,839,839,True,unresolved,False,reject,0.225,0.0,0.642,0.0,,"reject at 0.22 — source agreement 0.00, text margin 0.64, barcode insufficient_data",insufficient_data,0.0,,master|supplier,"only 0 checksum-valid barcode(s) available; corrupt reading from master, supplier"
abt-buy_0669,751,751,True,unresolved,False,reject,0.35,0.0,1.0,0.0,,"reject at 0.35 — source agreement 0.00, text margin 1.00, barcode insufficient_data",insufficient_data,0.0,,master|supplier,"only 0 checksum-valid barcode(s) available; corrupt reading from master, supplier"
abt-buy_0670,167,167,True,unresolved,False,reject,0.342,0.0,0.978,0.0,,"reject at 0.34 — source agreement 0.00, text margin 0.98, barcode insufficient_data",insufficient_data,0.0,,master|supplier,"only 0 checksum-valid barcode(s) available; corrupt reading from master, supplier"
abt-buy_0671,764,764,True,unresolved,False,reject,0.35,0.0,1.0,0.0,,"reject at 0.35 — source agreement 0.00, text margin 1.00, barcode insufficient_data",insufficient_data,0.0,,master|supplier,"only 0 checksum-valid barcode(s) available; corrupt reading from master, supplier"
abt-buy_0672,772,772,True,unresolved,False,reject,0.35,0.0,1.0,0.0,,"reject at 0.35 — source agreement 0.00, text margin 1.00, barcode insufficient_data",insufficient_data,0.0,,master|supplier,"only 0 checksum-valid barcode(s) available; corrupt reading from master, supplier"
abt-buy_0673,598,598,True,unresolved,False,reject,0.304,0.0,0.867,0.0,,"reject at 0.30 — source agreement 0.00, text margin 0.87, barcode insufficient_data",insufficient_data,0.0,,master|supplier,"only 0 checksum-valid barcode(s) available; corrupt reading from master, supplier"
abt-buy_0674,676,676,True,unresolved,False,reject,0.312,0.0,0.89,0.0,,"reject at 0.31 — source agreement 0.00, text margin 0.89, barcode insufficient_data",insufficient_data,0.0,,master|supplier,"only 0 checksum-valid barcode(s) available; corrupt reading from master, supplier"
abt-buy_0675,739,739,True,unresolved,False,reject,0.341,0.0,0.973,0.0,,"reject at 0.34 — source agreement 0.00, text margin 0.97, barcode insufficient_data",insufficient_data,0.0,,master|supplier,"only 0 checksum-valid barcode(s) available; corrupt reading from master, supplier"
abt-buy_0676,602,602,True,unresolved,False,reject,0.278,0.0,0.794,0.0,,"reject at 0.28 — source agreement 0.00, text margin 0.79, barcode insufficient_data",insufficient_data,0.0,,master|supplier,"only 0 checksum-valid barcode(s) available; corrupt reading from master, supplier"
abt-buy_0677,687,687,True,unresolved,False,reject,0.231,0.0,0.661,0.0,,"reject at 0.23 — source agreement 0.00, text margin 0.66, barcode insufficient_data",insufficient_data,0.0,,master|supplier,"only 0 checksum-valid barcode(s) available; corrupt reading from master, supplier"
abt-buy_0678,653,653,True,unresolved,False,reject,0.222,0.0,0.633,0.0,,"reject at 0.22 — source agreement 0.00, text margin 0.63, barcode insufficient_data",insufficient_data,0.0,,master|supplier,"only 0 checksum-valid barcode(s) available; corrupt reading from master, supplier"
abt-buy_0679,678,678,True,unresolved,False,reject,0.309,0.0,0.883,0.0,,"reject at 0.31 — source agreement 0.00, text margin 0.88, barcode insufficient_data",insufficient_data,0.0,,master|supplier,"only 0 checksum-valid barcode(s) available; corrupt reading from master, supplier"
abt-buy_0680,681,681,True,unresolved,False,reject,0.323,0.0,0.924,0.0,,"reject at 0.32 — source agreement 0.00, text margin 0.92, barcode insufficient_data",insufficient_data,0.0,,master|supplier,"only 0 checksum-valid barcode(s) available; corrupt reading from master, supplier"
abt-buy_0681,708,708,True,unresolved,False,reject,0.206,0.0,0.589,0.0,,"reject at 0.21 — source agreement 0.00, text margin 0.59, barcode insufficient_data",insufficient_data,0.0,,master|supplier,"only 0 checksum-valid barcode(s) available; corrupt reading from master, supplier"
abt-buy_0682,654,654,True,unresolved,False,reject,0.222,0.0,0.635,0.0,,"reject at 0.22 — source agreement 0.00, text margin 0.63, barcode insufficient_data",insufficient_data,0.0,,master|supplier,"only 0 checksum-valid barcode(s) available; corrupt reading from master, supplier"
abt-buy_0683,756,756,True,unresolved,False,reject,0.294,0.0,0.841,0.0,,"reject at 0.29 — source agreement 0.00, text margin 0.84, barcode insufficient_data",insufficient_data,0.0,,master|supplier,"only 0 checksum-valid barcode(s) available; corrupt reading from master, supplier"
abt-buy_0684,478,478,True,unresolved,False,reject,0.263,0.0,0.753,0.0,,"reject at 0.26 — source agreement 0.00, text margin 0.75, barcode insufficient_data",insufficient_data,0.0,,master|supplier,"only 0 checksum-valid barcode(s) available; corrupt reading from master, supplier"
abt-buy_0685,18,18,True,unresolved,False,reject,0.35,0.0,1.0,0.0,,"reject at 0.35 — source agreement 0.00, text margin 1.00, barcode insufficient_data",insufficient_data,0.0,,master|supplier,"only 0 checksum-valid barcode(s) available; corrupt reading from master, supplier"
abt-buy_0686,688,688,True,unresolved,False,reject,0.204,0.0,0.581,0.0,,"reject at 0.20 — source agreement 0.00, text margin 0.58, barcode insufficient_data",insufficient_data,0.0,,master|supplier,"only 0 checksum-valid barcode(s) available; corrupt reading from master, supplier"
abt-buy_0687,1064,1064,True,unresolved,False,reject,0.335,0.0,0.956,0.0,,"reject at 0.33 — source agreement 0.00, text margin 0.96, barcode insufficient_data",insufficient_data,0.0,,master|supplier,"only 0 checksum-valid barcode(s) available; corrupt reading from master, supplier"
abt-buy_0688,395,395,True,unresolved,False,reject,0.239,0.0,0.682,0.0,,"reject at 0.24 — source agreement 0.00, text margin 0.68, barcode insufficient_data",insufficient_data,0.0,,master|supplier,"only 0 checksum-valid barcode(s) available; corrupt reading from master, supplier"
abt-buy_0689,1038,1038,True,unresolved,False,reject,0.317,0.0,0.907,0.0,,"reject at 0.32 — source agreement 0.00, text margin 0.91, barcode insufficient_data",insufficient_data,0.0,,master|supplier,"only 0 checksum-valid barcode(s) available; corrupt reading from master, supplier"
abt-buy_0690,881,881,True,unresolved,False,reject,0.318,0.0,0.909,0.0,,"reject at 0.32 — source agreement 0.00, text margin 0.91, barcode insufficient_data",insufficient_data,0.0,,master|supplier,"only 0 checksum-valid barcode(s) available; corrupt reading from master, supplier"
abt-buy_0691,834,834,True,unresolved,False,reject,0.343,0.0,0.979,0.0,,"reject at 0.34 — source agreement 0.00, text margin 0.98, barcode insufficient_data",insufficient_data,0.0,,master|supplier,"only 0 checksum-valid barcode(s) available; corrupt reading from master, supplier"
abt-buy_0692,1043,1043,True,unresolved,False,reject,0.35,0.0,1.0,0.0,,"reject at 0.35 — source agreement 0.00, text margin 1.00, barcode insufficient_data",insufficient_data,0.0,,master|supplier,"only 0 checksum-valid barcode(s) available; corrupt reading from master, supplier"
abt-buy_0693,885,885,True,unresolved,False,reject,0.35,0.0,1.0,0.0,,"reject at 0.35 — source agreement 0.00, text margin 1.00, barcode insufficient_data",insufficient_data,0.0,,master|supplier,"only 0 checksum-valid barcode(s) available; corrupt reading from master, supplier"
abt-buy_0694,863,863,True,unresolved,False,reject,0.301,0.0,0.86,0.0,,"reject at 0.30 — source agreement 0.00, text margin 0.86, barcode insufficient_data",insufficient_data,0.0,,master|supplier,"only 0 checksum-valid barcode(s) available; corrupt reading from master, supplier"
abt-buy_0695,953,953,True,unresolved,False,reject,0.205,0.0,0.586,0.0,,"reject at 0.21 — source agreement 0.00, text margin 0.59, barcode insufficient_data",insufficient_data,0.0,,master|supplier,"only 0 checksum-valid barcode(s) available; corrupt reading from master, supplier"
abt-buy_0696,861,861,True,unresolved,False,reject,0.236,0.0,0.675,0.0,,"reject at 0.24 — source agreement 0.00, text margin 0.68, barcode insufficient_data",insufficient_data,0.0,,master|supplier,"only 0 checksum-valid barcode(s) available; corrupt reading from master, supplier"
abt-buy_0697,862,862,True,unresolved,False,reject,0.241,0.0,0.689,0.0,,"reject at 0.24 — source agreement 0.00, text margin 0.69, barcode insufficient_data",insufficient_data,0.0,,master|supplier,"only 0 checksum-valid barcode(s) available; corrupt reading from master, supplier"
abt-buy_0698,870,870,True,unresolved,False,reject,0.331,0.0,0.946,0.0,,"reject at 0.33 — source agreement 0.00, text margin 0.95, barcode insufficient_data",insufficient_data,0.0,,master|supplier,"only 0 checksum-valid barcode(s) available; corrupt reading from master, supplier"
abt-buy_0699,356,356,True,unresolved,False,reject,0.186,0.0,0.531,0.0,,"reject at 0.19 — source agreement 0.00, text margin 0.53, barcode insufficient_data",insufficient_data,0.0,,master|supplier,"only 0 checksum-valid barcode(s) available; corrupt reading from master, supplier"
abt-buy_0700,357,357,True,unresolved,False,reject,0.186,0.0,0.531,0.0,,"reject at 0.19 — source agreement 0.00, text margin 0.53, barcode insufficient_data",insufficient_data,0.0,,master|supplier,"only 0 checksum-valid barcode(s) available; corrupt reading from master, supplier"
abt-buy_0701,295,295,True,unresolved,False,reject,0.349,0.0,0.996,0.0,,"reject at 0.35 — source agreement 0.00, text margin 1.00, barcode insufficient_data",insufficient_data,0.0,,master|supplier,"only 0 checksum-valid barcode(s) available; corrupt reading from master, supplier"
abt-buy_0702,620,620,True,unresolved,False,reject,0.258,0.0,0.738,0.0,,"reject at 0.26 — source agreement 0.00, text margin 0.74, barcode insufficient_data",insufficient_data,0.0,,master|supplier,"only 0 checksum-valid barcode(s) available; corrupt reading from master, supplier"
abt-buy_0703,632,632,True,unresolved,False,reject,0.223,0.0,0.636,0.0,,"reject at 0.22 — source agreement 0.00, text margin 0.64, barcode insufficient_data",insufficient_data,0.0,,master|supplier,"only 0 checksum-valid barcode(s) available; corrupt reading from master, supplier"
abt-buy_0704,531,531,True,unresolved,False,reject,0.175,0.0,0.501,0.0,,"reject at 0.18 — source agreement 0.00, text margin 0.50, barcode insufficient_data",insufficient_data,0.0,,master|supplier,"only 0 checksum-valid barcode(s) available; corrupt reading from master, supplier"
abt-buy_0705,276,276,True,unresolved,False,reject,0.281,0.0,0.803,0.0,,"reject at 0.28 — source agreement 0.00, text margin 0.80, barcode insufficient_data",insufficient_data,0.0,,master|supplier,"only 0 checksum-valid barcode(s) available; corrupt reading from master, supplier"
abt-buy_0706,130,130,True,unresolved,False,reject,0.267,0.0,0.763,0.0,,"reject at 0.27 — source agreement 0.00, text margin 0.76, barcode insufficient_data",insufficient_data,0.0,,master|supplier,"only 0 checksum-valid barcode(s) available; corrupt reading from master, supplier"
abt-buy_0707,189,189,True,unresolved,False,reject,0.281,0.0,0.802,0.0,,"reject at 0.28 — source agreement 0.00, text margin 0.80, barcode insufficient_data",insufficient_data,0.0,,master|supplier,"only 0 checksum-valid barcode(s) available; corrupt reading from master, supplier"
abt-buy_0708,75,75,True,unresolved,False,reject,0.183,0.0,0.524,0.0,,"reject at 0.18 — source agreement 0.00, text margin 0.52, barcode insufficient_data",insufficient_data,0.0,,master|supplier,"only 0 checksum-valid barcode(s) available; corrupt reading from master, supplier"
abt-buy_0709,256,256,True,unresolved,False,reject,0.222,0.0,0.634,0.0,,"reject at 0.22 — source agreement 0.00, text margin 0.63, barcode insufficient_data",insufficient_data,0.0,,master|supplier,"only 0 checksum-valid barcode(s) available; corrupt reading from master, supplier"
abt-buy_0710,552,552,True,unresolved,False,reject,0.32,0.0,0.915,0.0,,"reject at 0.32 — source agreement 0.00, text margin 0.92, barcode insufficient_data",insufficient_data,0.0,,master|supplier,"only 0 checksum-valid barcode(s) available; corrupt reading from master, supplier"
abt-buy_0711,630,630,True,unresolved,False,reject,0.308,0.0,0.881,0.0,,"reject at 0.31 — source agreement 0.00, text margin 0.88, barcode insufficient_data",insufficient_data,0.0,,master|supplier,"only 0 checksum-valid barcode(s) available; corrupt reading from master, supplier"
abt-buy_0712,842,842,True,unresolved,False,reject,0.188,0.0,0.538,0.0,,"reject at 0.19 — source agreement 0.00, text margin 0.54, barcode insufficient_data",insufficient_data,0.0,,master|supplier,"only 0 checksum-valid barcode(s) available; corrupt reading from master, supplier"
abt-buy_0713,550,550,True,unresolved,False,reject,0.327,0.0,0.933,0.0,,"reject at 0.33 — source agreement 0.00, text margin 0.93, barcode insufficient_data",insufficient_data,0.0,,master|supplier,"only 0 checksum-valid barcode(s) available; corrupt reading from master, supplier"
abt-buy_0714,462,462,True,unresolved,False,reject,0.254,0.0,0.725,0.0,,"reject at 0.25 — source agreement 0.00, text margin 0.73, barcode insufficient_data",insufficient_data,0.0,,master|supplier,"only 0 checksum-valid barcode(s) available; corrupt reading from master, supplier"
abt-buy_0715,250,250,True,unresolved,False,reject,0.29,0.0,0.829,0.0,,"reject at 0.29 — source agreement 0.00, text margin 0.83, barcode insufficient_data",insufficient_data,0.0,,master|supplier,"only 0 checksum-valid barcode(s) available; corrupt reading from master, supplier"
abt-buy_0716,560,560,True,unresolved,False,reject,0.266,0.0,0.761,0.0,,"reject at 0.27 — source agreement 0.00, text margin 0.76, barcode insufficient_data",insufficient_data,0.0,,master|supplier,"only 0 checksum-valid barcode(s) available; corrupt reading from master, supplier"
abt-buy_0717,533,533,True,unresolved,False,reject,0.157,0.0,0.449,0.0,,"reject at 0.16 — source agreement 0.00, text margin 0.45, barcode insufficient_data",insufficient_data,0.0,,master|supplier,"only 0 checksum-valid barcode(s) available; corrupt reading from master, supplier"
abt-buy_0718,480,480,True,unresolved,False,reject,0.208,0.0,0.596,0.0,,"reject at 0.21 — source agreement 0.00, text margin 0.60, barcode insufficient_data",insufficient_data,0.0,,master|supplier,"only 0 checksum-valid barcode(s) available; corrupt reading from master, supplier"
abt-buy_0719,639,639,True,unresolved,False,reject,0.309,0.0,0.883,0.0,,"reject at 0.31 — source agreement 0.00, text margin 0.88, barcode insufficient_data",insufficient_data,0.0,,master|supplier,"only 0 checksum-valid barcode(s) available; corrupt reading from master, supplier"
abt-buy_0720,652,652,True,unresolved,False,reject,0.221,0.0,0.631,0.0,,"reject at 0.22 — source agreement 0.00, text margin 0.63, barcode insufficient_data",insufficient_data,0.0,,master|supplier,"only 0 checksum-valid barcode(s) available; corrupt reading from master, supplier"
abt-buy_0721,737,737,True,unresolved,False,reject,0.304,0.0,0.868,0.0,,"reject at 0.30 — source agreement 0.00, text margin 0.87, barcode insufficient_data",insufficient_data,0.0,,master|supplier,"only 0 checksum-valid barcode(s) available; corrupt reading from master, supplier"
abt-buy_0722,709,709,True,unresolved,False,reject,0.35,0.0,1.0,0.0,,"reject at 0.35 — source agreement 0.00, text margin 1.00, barcode insufficient_data",insufficient_data,0.0,,master|supplier,"only 0 checksum-valid barcode(s) available; corrupt reading from master, supplier"
abt-buy_0723,734,734,True,unresolved,False,reject,0.35,0.0,1.0,0.0,,"reject at 0.35 — source agreement 0.00, text margin 1.00, barcode insufficient_data",insufficient_data,0.0,,master|supplier,"only 0 checksum-valid barcode(s) available; corrupt reading from master, supplier"
abt-buy_0724,695,695,True,unresolved,False,reject,0.314,0.0,0.899,0.0,,"reject at 0.31 — source agreement 0.00, text margin 0.90, barcode insufficient_data",insufficient_data,0.0,,master|supplier,"only 0 checksum-valid barcode(s) available; corrupt reading from master, supplier"
abt-buy_0725,738,738,True,unresolved,False,reject,0.309,0.0,0.882,0.0,,"reject at 0.31 — source agreement 0.00, text margin 0.88, barcode insufficient_data",insufficient_data,0.0,,master|supplier,"only 0 checksum-valid barcode(s) available; corrupt reading from master, supplier"
abt-buy_0726,741,741,True,unresolved,False,reject,0.296,0.0,0.846,0.0,,"reject at 0.30 — source agreement 0.00, text margin 0.85, barcode insufficient_data",insufficient_data,0.0,,master|supplier,"only 0 checksum-valid barcode(s) available; corrupt reading from master, supplier"
abt-buy_0727,710,710,True,unresolved,False,reject,0.321,0.0,0.917,0.0,,"reject at 0.32 — source agreement 0.00, text margin 0.92, barcode insufficient_data",insufficient_data,0.0,,master|supplier,"only 0 checksum-valid barcode(s) available; corrupt reading from master, supplier"
abt-buy_0728,683,683,True,unresolved,False,reject,0.282,0.0,0.806,0.0,,"reject at 0.28 — source agreement 0.00, text margin 0.81, barcode insufficient_data",insufficient_data,0.0,,master|supplier,"only 0 checksum-valid barcode(s) available; corrupt reading from master, supplier"
abt-buy_0729,684,684,True,unresolved,False,reject,0.252,0.0,0.719,0.0,,"reject at 0.25 — source agreement 0.00, text margin 0.72, barcode insufficient_data",insufficient_data,0.0,,master|supplier,"only 0 checksum-valid barcode(s) available; corrupt reading from master, supplier"
abt-buy_0730,722,722,True,unresolved,False,reject,0.282,0.0,0.806,0.0,,"reject at 0.28 — source agreement 0.00, text margin 0.81, barcode insufficient_data",insufficient_data,0.0,,master|supplier,"only 0 checksum-valid barcode(s) available; corrupt reading from master, supplier"
abt-buy_0731,724,724,True,unresolved,False,reject,0.316,0.0,0.904,0.0,,"reject at 0.32 — source agreement 0.00, text margin 0.90, barcode insufficient_data",insufficient_data,0.0,,master|supplier,"only 0 checksum-valid barcode(s) available; corrupt reading from master, supplier"
abt-buy_0732,752,752,True,unresolved,False,reject,0.247,0.0,0.705,0.0,,"reject at 0.25 — source agreement 0.00, text margin 0.70, barcode insufficient_data",insufficient_data,0.0,,master|supplier,"only 0 checksum-valid barcode(s) available; corrupt reading from master, supplier"
abt-buy_0733,1078,1078,True,unresolved,False,reject,0.35,0.0,1.0,0.0,,"reject at 0.35 — source agreement 0.00, text margin 1.00, barcode insufficient_data",insufficient_data,0.0,,master|supplier,"only 0 checksum-valid barcode(s) available; corrupt reading from master, supplier"
abt-buy_0734,754,754,True,unresolved,False,reject,0.249,0.0,0.711,0.0,,"reject at 0.25 — source agreement 0.00, text margin 0.71, barcode insufficient_data",insufficient_data,0.0,,master|supplier,"only 0 checksum-valid barcode(s) available; corrupt reading from master, supplier"
abt-buy_0735,745,745,True,unresolved,False,reject,0.307,0.0,0.879,0.0,,"reject at 0.31 — source agreement 0.00, text margin 0.88, barcode insufficient_data",insufficient_data,0.0,,master|supplier,"only 0 checksum-valid barcode(s) available; corrupt reading from master, supplier"
abt-buy_0736,685,685,True,unresolved,False,reject,0.252,0.0,0.72,0.0,,"reject at 0.25 — source agreement 0.00, text margin 0.72, barcode insufficient_data",insufficient_data,0.0,,master|supplier,"only 0 checksum-valid barcode(s) available; corrupt reading from master, supplier"
abt-buy_0737,753,753,True,unresolved,False,reject,0.227,0.0,0.648,0.0,,"reject at 0.23 — source agreement 0.00, text margin 0.65, barcode insufficient_data",insufficient_data,0.0,,master|supplier,"only 0 checksum-valid barcode(s) available; corrupt reading from master, supplier"
abt-buy_0738,793,793,True,unresolved,False,reject,0.283,0.0,0.81,0.0,,"reject at 0.28 — source agreement 0.00, text margin 0.81, barcode insufficient_data",insufficient_data,0.0,,master|supplier,"only 0 checksum-valid barcode(s) available; corrupt reading from master, supplier"
abt-buy_0739,826,826,True,unresolved,False,reject,0.333,0.0,0.95,0.0,,"reject at 0.33 — source agreement 0.00, text margin 0.95, barcode insufficient_data",insufficient_data,0.0,,master|supplier,"only 0 checksum-valid barcode(s) available; corrupt reading from master, supplier"
abt-buy_0740,894,894,True,unresolved,False,reject,0.275,0.0,0.786,0.0,,"reject at 0.28 — source agreement 0.00, text margin 0.79, barcode insufficient_data",insufficient_data,0.0,,master|supplier,"only 0 checksum-valid barcode(s) available; corrupt reading from master, supplier"
abt-buy_0741,447,447,True,unresolved,False,reject,0.282,0.0,0.805,0.0,,"reject at 0.28 — source agreement 0.00, text margin 0.80, barcode insufficient_data",insufficient_data,0.0,,master|supplier,"only 0 checksum-valid barcode(s) available; corrupt reading from master, supplier"
abt-buy_0742,449,449,True,unresolved,False,reject,0.285,0.0,0.814,0.0,,"reject at 0.29 — source agreement 0.00, text margin 0.81, barcode insufficient_data",insufficient_data,0.0,,master|supplier,"only 0 checksum-valid barcode(s) available; corrupt reading from master, supplier"
abt-buy_0743,673,673,True,unresolved,False,reject,0.35,0.0,1.0,0.0,,"reject at 0.35 — source agreement 0.00, text margin 1.00, barcode insufficient_data",insufficient_data,0.0,,master|supplier,"only 0 checksum-valid barcode(s) available; corrupt reading from master, supplier"
abt-buy_0744,884,884,True,unresolved,False,reject,0.24,0.0,0.686,0.0,,"reject at 0.24 — source agreement 0.00, text margin 0.69, barcode insufficient_data",insufficient_data,0.0,,master|supplier,"only 0 checksum-valid barcode(s) available; corrupt reading from master, supplier"
abt-buy_0745,760,760,True,unresolved,False,reject,0.294,0.0,0.839,0.0,,"reject at 0.29 — source agreement 0.00, text margin 0.84, barcode insufficient_data",insufficient_data,0.0,,master|supplier,"only 0 checksum-valid barcode(s) available; corrupt reading from master, supplier"
abt-buy_0746,956,956,True,unresolved,False,reject,0.324,0.0,0.925,0.0,,"reject at 0.32 — source agreement 0.00, text margin 0.93, barcode insufficient_data",insufficient_data,0.0,,master|supplier,"only 0 checksum-valid barcode(s) available; corrupt reading from master, supplier"
abt-buy_0747,776,776,True,unresolved,False,reject,0.267,0.0,0.763,0.0,,"reject at 0.27 — source agreement 0.00, text margin 0.76, barcode insufficient_data",insufficient_data,0.0,,master|supplier,"only 0 checksum-valid barcode(s) available; corrupt reading from master, supplier"
abt-buy_0748,1045,1045,True,unresolved,False,reject,0.293,0.0,0.836,0.0,,"reject at 0.29 — source agreement 0.00, text margin 0.84, barcode insufficient_data",insufficient_data,0.0,,master|supplier,"only 0 checksum-valid barcode(s) available; corrupt reading from master, supplier"
abt-buy_0749,987,987,True,unresolved,False,reject,0.257,0.0,0.734,0.0,,"reject at 0.26 — source agreement 0.00, text margin 0.73, barcode insufficient_data",insufficient_data,0.0,,master|supplier,"only 0 checksum-valid barcode(s) available; corrupt reading from master, supplier"
abt-buy_0750,74,74,True,unresolved,False,reject,0.175,0.0,0.501,0.0,,"reject at 0.18 — source agreement 0.00, text margin 0.50, barcode insufficient_data",insufficient_data,0.0,,master|supplier,"only 0 checksum-valid barcode(s) available; corrupt reading from master, supplier"
abt-buy_0751,140,140,True,unresolved,False,reject,0.198,0.0,0.565,0.0,,"reject at 0.20 — source agreement 0.00, text margin 0.56, barcode insufficient_data",insufficient_data,0.0,,master|supplier,"only 0 checksum-valid barcode(s) available; corrupt reading from master, supplier"
abt-buy_0752,830,830,True,unresolved,False,reject,0.307,0.0,0.876,0.0,,"reject at 0.31 — source agreement 0.00, text margin 0.88, barcode insufficient_data",insufficient_data,0.0,,master|supplier,"only 0 checksum-valid barcode(s) available; corrupt reading from master, supplier"
abt-buy_0753,909,909,True,unresolved,False,reject,0.35,0.0,1.0,0.0,,"reject at 0.35 — source agreement 0.00, text margin 1.00, barcode insufficient_data",insufficient_data,0.0,,master|supplier,"only 0 checksum-valid barcode(s) available; corrupt reading from master, supplier"
abt-buy_0754,895,895,True,unresolved,False,reject,0.259,0.0,0.741,0.0,,"reject at 0.26 — source agreement 0.00, text margin 0.74, barcode insufficient_data",insufficient_data,0.0,,master|supplier,"only 0 checksum-valid barcode(s) available; corrupt reading from master, supplier"
abt-buy_0755,832,832,True,unresolved,False,reject,0.243,0.0,0.695,0.0,,"reject at 0.24 — source agreement 0.00, text margin 0.70, barcode insufficient_data",insufficient_data,0.0,,master|supplier,"only 0 checksum-valid barcode(s) available; corrupt reading from master, supplier"
abt-buy_0756,960,960,True,unresolved,False,reject,0.35,0.0,1.0,0.0,,"reject at 0.35 — source agreement 0.00, text margin 1.00, barcode insufficient_data",insufficient_data,0.0,,master|supplier,"only 0 checksum-valid barcode(s) available; corrupt reading from master, supplier"
abt-buy_0757,1013,1013,True,unresolved,False,reject,0.345,0.0,0.986,0.0,,"reject at 0.34 — source agreement 0.00, text margin 0.99, barcode insufficient_data",insufficient_data,0.0,,master|supplier,"only 0 checksum-valid barcode(s) available; corrupt reading from master, supplier"
abt-buy_0758,938,938,True,unresolved,False,reject,0.33,0.0,0.944,0.0,,"reject at 0.33 — source agreement 0.00, text margin 0.94, barcode insufficient_data",insufficient_data,0.0,,master|supplier,"only 0 checksum-valid barcode(s) available; corrupt reading from master, supplier"
abt-buy_0759,682,682,True,unresolved,False,reject,0.168,0.0,0.481,0.0,,"reject at 0.17 — source agreement 0.00, text margin 0.48, barcode insufficient_data",insufficient_data,0.0,,master|supplier,"only 0 checksum-valid barcode(s) available; corrupt reading from master, supplier"
abt-buy_0760,877,877,True,unresolved,False,reject,0.249,0.0,0.71,0.0,,"reject at 0.25 — source agreement 0.00, text margin 0.71, barcode insufficient_data",insufficient_data,0.0,,master|supplier,"only 0 checksum-valid barcode(s) available; corrupt reading from master, supplier"
abt-buy_0761,905,905,True,unresolved,False,reject,0.199,0.0,0.568,0.0,,"reject at 0.20 — source agreement 0.00, text margin 0.57, barcode insufficient_data",insufficient_data,0.0,,master|supplier,"only 0 checksum-valid barcode(s) available; corrupt reading from master, supplier"
abt-buy_0762,995,995,True,unresolved,False,reject,0.238,0.0,0.679,0.0,,"reject at 0.24 — source agreement 0.00, text margin 0.68, barcode insufficient_data",insufficient_data,0.0,,master|supplier,"only 0 checksum-valid barcode(s) available; corrupt reading from master, supplier"
abt-buy_0763,965,965,True,unresolved,False,reject,0.27,0.0,0.77,0.0,,"reject at 0.27 — source agreement 0.00, text margin 0.77, barcode insufficient_data",insufficient_data,0.0,,master|supplier,"only 0 checksum-valid barcode(s) available; corrupt reading from master, supplier"
abt-buy_0764,875,875,True,unresolved,False,reject,0.232,0.0,0.662,0.0,,"reject at 0.23 — source agreement 0.00, text margin 0.66, barcode insufficient_data",insufficient_data,0.0,,master|supplier,"only 0 checksum-valid barcode(s) available; corrupt reading from master, supplier"
abt-buy_0765,869,869,True,unresolved,False,reject,0.238,0.0,0.68,0.0,,"reject at 0.24 — source agreement 0.00, text margin 0.68, barcode insufficient_data",insufficient_data,0.0,,master|supplier,"only 0 checksum-valid barcode(s) available; corrupt reading from master, supplier"
abt-buy_0766,866,866,True,unresolved,False,reject,0.194,0.0,0.556,0.0,,"reject at 0.19 — source agreement 0.00, text margin 0.56, barcode insufficient_data",insufficient_data,0.0,,master|supplier,"only 0 checksum-valid barcode(s) available; corrupt reading from master, supplier"
abt-buy_0767,867,867,True,unresolved,False,reject,0.178,0.0,0.508,0.0,,"reject at 0.18 — source agreement 0.00, text margin 0.51, barcode insufficient_data",insufficient_data,0.0,,master|supplier,"only 0 checksum-valid barcode(s) available; corrupt reading from master, supplier"
abt-buy_0768,1040,1040,True,unresolved,False,reject,0.285,0.0,0.815,0.0,,"reject at 0.29 — source agreement 0.00, text margin 0.82, barcode insufficient_data",insufficient_data,0.0,,master|supplier,"only 0 checksum-valid barcode(s) available; corrupt reading from master, supplier"
abt-buy_0769,929,929,True,unresolved,False,reject,0.286,0.0,0.817,0.0,,"reject at 0.29 — source agreement 0.00, text margin 0.82, barcode insufficient_data",insufficient_data,0.0,,master|supplier,"only 0 checksum-valid barcode(s) available; corrupt reading from master, supplier"
abt-buy_0770,984,984,True,unresolved,False,reject,0.305,0.0,0.871,0.0,,"reject at 0.30 — source agreement 0.00, text margin 0.87, barcode insufficient_data",insufficient_data,0.0,,master|supplier,"only 0 checksum-valid barcode(s) available; corrupt reading from master, supplier"
abt-buy_0771,857,857,True,unresolved,False,reject,0.224,0.0,0.64,0.0,,"reject at 0.22 — source agreement 0.00, text margin 0.64, barcode insufficient_data",insufficient_data,0.0,,master|supplier,"only 0 checksum-valid barcode(s) available; corrupt reading from master, supplier"
abt-buy_0772,898,898,True,unresolved,False,reject,0.215,0.0,0.613,0.0,,"reject at 0.21 — source agreement 0.00, text margin 0.61, barcode insufficient_data",insufficient_data,0.0,,master|supplier,"only 0 checksum-valid barcode(s) available; corrupt reading from master, supplier"
abt-buy_0773,896,896,True,unresolved,False,reject,0.209,0.0,0.597,0.0,,"reject at 0.21 — source agreement 0.00, text margin 0.60, barcode insufficient_data",insufficient_data,0.0,,master|supplier,"only 0 checksum-valid barcode(s) available; corrupt reading from master, supplier"
abt-buy_0774,908,908,True,unresolved,False,reject,0.183,0.0,0.523,0.0,,"reject at 0.18 — source agreement 0.00, text margin 0.52, barcode insufficient_data",insufficient_data,0.0,,master|supplier,"only 0 checksum-valid barcode(s) available; corrupt reading from master, supplier"
abt-buy_0775,943,943,True,unresolved,False,reject,0.278,0.0,0.795,0.0,,"reject at 0.28 — source agreement 0.00, text margin 0.80, barcode insufficient_data",insufficient_data,0.0,,master|supplier,"only 0 checksum-valid barcode(s) available; corrupt reading from master, supplier"
abt-buy_0776,829,829,True,unresolved,False,reject,0.35,0.0,1.0,0.0,,"reject at 0.35 — source agreement 0.00, text margin 1.00, barcode insufficient_data",insufficient_data,0.0,,master|supplier,"only 0 checksum-valid barcode(s) available; corrupt reading from master, supplier"
abt-buy_0777,836,836,True,unresolved,False,reject,0.232,0.0,0.663,0.0,,"reject at 0.23 — source agreement 0.00, text margin 0.66, barcode insufficient_data",insufficient_data,0.0,,master|supplier,"only 0 checksum-valid barcode(s) available; corrupt reading from master, supplier"
abt-buy_0778,71,71,True,unresolved,False,reject,0.35,0.0,1.0,0.0,,"reject at 0.35 — source agreement 0.00, text margin 1.00, barcode insufficient_data",insufficient_data,0.0,,master|supplier,"only 0 checksum-valid barcode(s) available; corrupt reading from master, supplier"
abt-buy_0779,993,993,True,unresolved,False,reject,0.307,0.0,0.878,0.0,,"reject at 0.31 — source agreement 0.00, text margin 0.88, barcode insufficient_data",insufficient_data,0.0,,master|supplier,"only 0 checksum-valid barcode(s) available; corrupt reading from master, supplier"
abt-buy_0780,945,945,True,unresolved,False,reject,0.203,0.0,0.58,0.0,,"reject at 0.20 — source agreement 0.00, text margin 0.58, barcode insufficient_data",insufficient_data,0.0,,master|supplier,"only 0 checksum-valid barcode(s) available; corrupt reading from master, supplier"
abt-buy_0781,946,946,True,unresolved,False,reject,0.233,0.0,0.666,0.0,,"reject at 0.23 — source agreement 0.00, text margin 0.67, barcode insufficient_data",insufficient_data,0.0,,master|supplier,"only 0 checksum-valid barcode(s) available; corrupt reading from master, supplier"
abt-buy_0782,310,310,True,unresolved,False,reject,0.238,0.0,0.68,0.0,,"reject at 0.24 — source agreement 0.00, text margin 0.68, barcode insufficient_data",insufficient_data,0.0,,master|supplier,"only 0 checksum-valid barcode(s) available; corrupt reading from master, supplier"
abt-buy_0783,958,958,True,unresolved,False,reject,0.237,0.0,0.676,0.0,,"reject at 0.24 — source agreement 0.00, text margin 0.68, barcode insufficient_data",insufficient_data,0.0,,master|supplier,"only 0 checksum-valid barcode(s) available; corrupt reading from master, supplier"
abt-buy_0784,925,925,True,unresolved,False,reject,0.35,0.0,1.0,0.0,,"reject at 0.35 — source agreement 0.00, text margin 1.00, barcode insufficient_data",insufficient_data,0.0,,master|supplier,"only 0 checksum-valid barcode(s) available; corrupt reading from master, supplier"
abt-buy_0785,903,903,True,unresolved,False,reject,0.128,0.0,0.366,0.0,,"reject at 0.13 — source agreement 0.00, text margin 0.37, barcode insufficient_data",insufficient_data,0.0,,master|supplier,"only 0 checksum-valid barcode(s) available; corrupt reading from master, supplier"
abt-buy_0786,904,904,True,unresolved,False,reject,0.3,0.0,0.857,0.0,,"reject at 0.30 — source agreement 0.00, text margin 0.86, barcode insufficient_data",insufficient_data,0.0,,master|supplier,"only 0 checksum-valid barcode(s) available; corrupt reading from master, supplier"
abt-buy_0787,1047,1047,True,unresolved,False,reject,0.35,0.0,1.0,0.0,,"reject at 0.35 — source agreement 0.00, text margin 1.00, barcode insufficient_data",insufficient_data,0.0,,master|supplier,"only 0 checksum-valid barcode(s) available; corrupt reading from master, supplier"
abt-buy_0788,961,961,True,unresolved,False,reject,0.149,0.0,0.426,0.0,,"reject at 0.15 — source agreement 0.00, text margin 0.43, barcode insufficient_data",insufficient_data,0.0,,master|supplier,"only 0 checksum-valid barcode(s) available; corrupt reading from master, supplier"
abt-buy_0789,962,962,True,unresolved,False,reject,0.21,0.0,0.601,0.0,,"reject at 0.21 — source agreement 0.00, text margin 0.60, barcode insufficient_data",insufficient_data,0.0,,master|supplier,"only 0 checksum-valid barcode(s) available; corrupt reading from master, supplier"
abt-buy_0790,963,963,True,unresolved,False,reject,0.204,0.0,0.583,0.0,,"reject at 0.20 — source agreement 0.00, text margin 0.58, barcode insufficient_data",insufficient_data,0.0,,master|supplier,"only 0 checksum-valid barcode(s) available; corrupt reading from master, supplier"
abt-buy_0791,906,906,True,unresolved,False,reject,0.288,0.0,0.824,0.0,,"reject at 0.29 — source agreement 0.00, text margin 0.82, barcode insufficient_data",insufficient_data,0.0,,master|supplier,"only 0 checksum-valid barcode(s) available; corrupt reading from master, supplier"
abt-buy_0792,907,907,True,unresolved,False,reject,0.206,0.0,0.589,0.0,,"reject at 0.21 — source agreement 0.00, text margin 0.59, barcode insufficient_data",insufficient_data,0.0,,master|supplier,"only 0 checksum-valid barcode(s) available; corrupt reading from master, supplier"
abt-buy_0793,927,927,True,unresolved,False,reject,0.281,0.0,0.804,0.0,,"reject at 0.28 — source agreement 0.00, text margin 0.80, barcode insufficient_data",insufficient_data,0.0,,master|supplier,"only 0 checksum-valid barcode(s) available; corrupt reading from master, supplier"
abt-buy_0794,1017,1017,True,unresolved,False,reject,0.35,0.0,1.0,0.0,,"reject at 0.35 — source agreement 0.00, text margin 1.00, barcode insufficient_data",insufficient_data,0.0,,master|supplier,"only 0 checksum-valid barcode(s) available; corrupt reading from master, supplier"
abt-buy_0795,850,850,True,unresolved,False,reject,0.302,0.0,0.863,0.0,,"reject at 0.30 — source agreement 0.00, text margin 0.86, barcode insufficient_data",insufficient_data,0.0,,master|supplier,"only 0 checksum-valid barcode(s) available; corrupt reading from master, supplier"
abt-buy_0796,854,854,True,unresolved,False,reject,0.334,0.0,0.953,0.0,,"reject at 0.33 — source agreement 0.00, text margin 0.95, barcode insufficient_data",insufficient_data,0.0,,master|supplier,"only 0 checksum-valid barcode(s) available; corrupt reading from master, supplier"
abt-buy_0797,911,911,True,unresolved,False,reject,0.35,0.0,1.0,0.0,,"reject at 0.35 — source agreement 0.00, text margin 1.00, barcode insufficient_data",insufficient_data,0.0,,master|supplier,"only 0 checksum-valid barcode(s) available; corrupt reading from master, supplier"
abt-buy_0798,910,910,True,unresolved,False,reject,0.277,0.0,0.792,0.0,,"reject at 0.28 — source agreement 0.00, text margin 0.79, barcode insufficient_data",insufficient_data,0.0,,master|supplier,"only 0 checksum-valid barcode(s) available; corrupt reading from master, supplier"
abt-buy_0799,928,928,True,unresolved,False,reject,0.268,0.0,0.765,0.0,,"reject at 0.27 — source agreement 0.00, text margin 0.77, barcode insufficient_data",insufficient_data,0.0,,master|supplier,"only 0 checksum-valid barcode(s) available; corrupt reading from master, supplier"
abt-buy_0800,977,977,True,unresolved,False,reject,0.295,0.0,0.844,0.0,,"reject at 0.30 — source agreement 0.00, text margin 0.84, barcode insufficient_data",insufficient_data,0.0,,master|supplier,"only 0 checksum-valid barcode(s) available; corrupt reading from master, supplier"
abt-buy_0801,976,976,True,unresolved,False,reject,0.218,0.0,0.624,0.0,,"reject at 0.22 — source agreement 0.00, text margin 0.62, barcode insufficient_data",insufficient_data,0.0,,master|supplier,"only 0 checksum-valid barcode(s) available; corrupt reading from master, supplier"
abt-buy_0802,930,930,True,unresolved,False,reject,0.273,0.0,0.78,0.0,,"reject at 0.27 — source agreement 0.00, text margin 0.78, barcode insufficient_data",insufficient_data,0.0,,master|supplier,"only 0 checksum-valid barcode(s) available; corrupt reading from master, supplier"
abt-buy_0803,890,890,True,unresolved,False,reject,0.246,0.0,0.704,0.0,,"reject at 0.25 — source agreement 0.00, text margin 0.70, barcode insufficient_data",insufficient_data,0.0,,master|supplier,"only 0 checksum-valid barcode(s) available; corrupt reading from master, supplier"
abt-buy_0804,889,889,True,unresolved,False,reject,0.217,0.0,0.621,0.0,,"reject at 0.22 — source agreement 0.00, text margin 0.62, barcode insufficient_data",insufficient_data,0.0,,master|supplier,"only 0 checksum-valid barcode(s) available; corrupt reading from master, supplier"
abt-buy_0805,452,452,True,unresolved,False,reject,0.243,0.0,0.693,0.0,,"reject at 0.24 — source agreement 0.00, text margin 0.69, barcode insufficient_data",insufficient_data,0.0,,master|supplier,"only 0 checksum-valid barcode(s) available; corrupt reading from master, supplier"
abt-buy_0806,707,707,True,unresolved,False,reject,0.211,0.0,0.603,0.0,,"reject at 0.21 — source agreement 0.00, text margin 0.60, barcode insufficient_data",insufficient_data,0.0,,master|supplier,"only 0 checksum-valid barcode(s) available; corrupt reading from master, supplier"
abt-buy_0807,565,565,True,unresolved,False,reject,0.226,0.0,0.646,0.0,,"reject at 0.23 — source agreement 0.00, text margin 0.65, barcode insufficient_data",insufficient_data,0.0,,master|supplier,"only 0 checksum-valid barcode(s) available; corrupt reading from master, supplier"
abt-buy_0808,675,675,True,unresolved,False,reject,0.297,0.0,0.848,0.0,,"reject at 0.30 — source agreement 0.00, text margin 0.85, barcode insufficient_data",insufficient_data,0.0,,master|supplier,"only 0 checksum-valid barcode(s) available; corrupt reading from master, supplier"
abt-buy_0809,40,40,True,unresolved,False,reject,0.35,0.0,1.0,0.0,,"reject at 0.35 — source agreement 0.00, text margin 1.00, barcode insufficient_data",insufficient_data,0.0,,master|supplier,"only 0 checksum-valid barcode(s) available; corrupt reading from master, supplier"
abt-buy_0810,328,328,True,unresolved,False,reject,0.35,0.0,1.0,0.0,,"reject at 0.35 — source agreement 0.00, text margin 1.00, barcode insufficient_data",insufficient_data,0.0,,master|supplier,"only 0 checksum-valid barcode(s) available; corrupt reading from master, supplier"
abt-buy_0811,931,931,True,unresolved,False,reject,0.253,0.0,0.723,0.0,,"reject at 0.25 — source agreement 0.00, text margin 0.72, barcode insufficient_data",insufficient_data,0.0,,master|supplier,"only 0 checksum-valid barcode(s) available; corrupt reading from master, supplier"
abt-buy_0812,878,878,True,unresolved,False,reject,0.262,0.0,0.748,0.0,,"reject at 0.26 — source agreement 0.00, text margin 0.75, barcode insufficient_data",insufficient_data,0.0,,master|supplier,"only 0 checksum-valid barcode(s) available; corrupt reading from master, supplier"
abt-buy_0813,856,856,True,unresolved,False,reject,0.227,0.0,0.648,0.0,,"reject at 0.23 — source agreement 0.00, text margin 0.65, barcode insufficient_data",insufficient_data,0.0,,master|supplier,"only 0 checksum-valid barcode(s) available; corrupt reading from master, supplier"
abt-buy_0814,936,936,True,unresolved,False,reject,0.304,0.0,0.868,0.0,,"reject at 0.30 — source agreement 0.00, text margin 0.87, barcode insufficient_data",insufficient_data,0.0,,master|supplier,"only 0 checksum-valid barcode(s) available; corrupt reading from master, supplier"
abt-buy_0815,947,947,True,unresolved,False,reject,0.22,0.0,0.628,0.0,,"reject at 0.22 — source agreement 0.00, text margin 0.63, barcode insufficient_data",insufficient_data,0.0,,master|supplier,"only 0 checksum-valid barcode(s) available; corrupt reading from master, supplier"
abt-buy_0816,988,988,True,unresolved,False,reject,0.283,0.0,0.809,0.0,,"reject at 0.28 — source agreement 0.00, text margin 0.81, barcode insufficient_data",insufficient_data,0.0,,master|supplier,"only 0 checksum-valid barcode(s) available; corrupt reading from master, supplier"
abt-buy_0817,949,949,True,unresolved,False,reject,0.2,0.0,0.571,0.0,,"reject at 0.20 — source agreement 0.00, text margin 0.57, barcode insufficient_data",insufficient_data,0.0,,master|supplier,"only 0 checksum-valid barcode(s) available; corrupt reading from master, supplier"
abt-buy_0818,948,948,True,unresolved,False,reject,0.207,0.0,0.592,0.0,,"reject at 0.21 — source agreement 0.00, text margin 0.59, barcode insufficient_data",insufficient_data,0.0,,master|supplier,"only 0 checksum-valid barcode(s) available; corrupt reading from master, supplier"
abt-buy_0819,924,924,True,unresolved,False,reject,0.275,0.0,0.786,0.0,,"reject at 0.27 — source agreement 0.00, text margin 0.79, barcode insufficient_data",insufficient_data,0.0,,master|supplier,"only 0 checksum-valid barcode(s) available; corrupt reading from master, supplier"
abt-buy_0820,1066,1066,True,unresolved,False,reject,0.278,0.0,0.795,0.0,,"reject at 0.28 — source agreement 0.00, text margin 0.80, barcode insufficient_data",insufficient_data,0.0,,master|supplier,"only 0 checksum-valid barcode(s) available; corrupt reading from master, supplier"
abt-buy_0821,1059,1059,True,unresolved,False,reject,0.35,0.0,1.0,0.0,,"reject at 0.35 — source agreement 0.00, text margin 1.00, barcode insufficient_data",insufficient_data,0.0,,master|supplier,"only 0 checksum-valid barcode(s) available; corrupt reading from master, supplier"
abt-buy_0822,1009,1009,True,unresolved,False,reject,0.35,0.0,1.0,0.0,,"reject at 0.35 — source agreement 0.00, text margin 1.00, barcode insufficient_data",insufficient_data,0.0,,master|supplier,"only 0 checksum-valid barcode(s) available; corrupt reading from master, supplier"
abt-buy_0823,848,848,True,unresolved,False,reject,0.232,0.0,0.663,0.0,,"reject at 0.23 — source agreement 0.00, text margin 0.66, barcode insufficient_data",insufficient_data,0.0,,master|supplier,"only 0 checksum-valid barcode(s) available; corrupt reading from master, supplier"
abt-buy_0824,950,950,True,unresolved,False,reject,0.242,0.0,0.691,0.0,,"reject at 0.24 — source agreement 0.00, text margin 0.69, barcode insufficient_data",insufficient_data,0.0,,master|supplier,"only 0 checksum-valid barcode(s) available; corrupt reading from master, supplier"
abt-buy_0825,868,868,True,unresolved,False,reject,0.35,0.0,1.0,0.0,,"reject at 0.35 — source agreement 0.00, text margin 1.00, barcode insufficient_data",insufficient_data,0.0,,master|supplier,"only 0 checksum-valid barcode(s) available; corrupt reading from master, supplier"
abt-buy_0826,914,914,True,unresolved,False,reject,0.257,0.0,0.735,0.0,,"reject at 0.26 — source agreement 0.00, text margin 0.73, barcode insufficient_data",insufficient_data,0.0,,master|supplier,"only 0 checksum-valid barcode(s) available; corrupt reading from master, supplier"
abt-buy_0827,922,922,True,unresolved,False,reject,0.219,0.0,0.627,0.0,,"reject at 0.22 — source agreement 0.00, text margin 0.63, barcode insufficient_data",insufficient_data,0.0,,master|supplier,"only 0 checksum-valid barcode(s) available; corrupt reading from master, supplier"
abt-buy_0828,915,915,True,unresolved,False,reject,0.287,0.0,0.82,0.0,,"reject at 0.29 — source agreement 0.00, text margin 0.82, barcode insufficient_data",insufficient_data,0.0,,master|supplier,"only 0 checksum-valid barcode(s) available; corrupt reading from master, supplier"
abt-buy_0829,916,916,True,unresolved,False,reject,0.259,0.0,0.739,0.0,,"reject at 0.26 — source agreement 0.00, text margin 0.74, barcode insufficient_data",insufficient_data,0.0,,master|supplier,"only 0 checksum-valid barcode(s) available; corrupt reading from master, supplier"
abt-buy_0830,917,917,True,unresolved,False,reject,0.25,0.0,0.714,0.0,,"reject at 0.25 — source agreement 0.00, text margin 0.71, barcode insufficient_data",insufficient_data,0.0,,master|supplier,"only 0 checksum-valid barcode(s) available; corrupt reading from master, supplier"
abt-buy_0831,918,918,True,unresolved,False,reject,0.266,0.0,0.76,0.0,,"reject at 0.27 — source agreement 0.00, text margin 0.76, barcode insufficient_data",insufficient_data,0.0,,master|supplier,"only 0 checksum-valid barcode(s) available; corrupt reading from master, supplier"
abt-buy_0832,920,920,True,unresolved,False,reject,0.273,0.0,0.779,0.0,,"reject at 0.27 — source agreement 0.00, text margin 0.78, barcode insufficient_data",insufficient_data,0.0,,master|supplier,"only 0 checksum-valid barcode(s) available; corrupt reading from master, supplier"
abt-buy_0833,923,923,True,unresolved,False,reject,0.206,0.0,0.589,0.0,,"reject at 0.21 — source agreement 0.00, text margin 0.59, barcode insufficient_data",insufficient_data,0.0,,master|supplier,"only 0 checksum-valid barcode(s) available; corrupt reading from master, supplier"
abt-buy_0834,921,921,True,unresolved,False,reject,0.277,0.0,0.79,0.0,,"reject at 0.28 — source agreement 0.00, text margin 0.79, barcode insufficient_data",insufficient_data,0.0,,master|supplier,"only 0 checksum-valid barcode(s) available; corrupt reading from master, supplier"
abt-buy_0835,919,919,True,unresolved,False,reject,0.261,0.0,0.744,0.0,,"reject at 0.26 — source agreement 0.00, text margin 0.74, barcode insufficient_data",insufficient_data,0.0,,master|supplier,"only 0 checksum-valid barcode(s) available; corrupt reading from master, supplier"
abt-buy_0836,858,858,True,unresolved,False,reject,0.306,0.0,0.874,0.0,,"reject at 0.31 — source agreement 0.00, text margin 0.87, barcode insufficient_data",insufficient_data,0.0,,master|supplier,"only 0 checksum-valid barcode(s) available; corrupt reading from master, supplier"
abt-buy_0837,1058,1058,True,unresolved,False,reject,0.35,0.0,1.0,0.0,,"reject at 0.35 — source agreement 0.00, text margin 1.00, barcode insufficient_data",insufficient_data,0.0,,master|supplier,"only 0 checksum-valid barcode(s) available; corrupt reading from master, supplier"
abt-buy_0838,912,912,True,unresolved,False,reject,0.264,0.0,0.754,0.0,,"reject at 0.26 — source agreement 0.00, text margin 0.75, barcode insufficient_data",insufficient_data,0.0,,master|supplier,"only 0 checksum-valid barcode(s) available; corrupt reading from master, supplier"
abt-buy_0839,913,913,True,unresolved,False,reject,0.26,0.0,0.742,0.0,,"reject at 0.26 — source agreement 0.00, text margin 0.74, barcode insufficient_data",insufficient_data,0.0,,master|supplier,"only 0 checksum-valid barcode(s) available; corrupt reading from master, supplier"
abt-buy_0840,941,941,True,unresolved,False,reject,0.194,0.0,0.553,0.0,,"reject at 0.19 — source agreement 0.00, text margin 0.55, barcode insufficient_data",insufficient_data,0.0,,master|supplier,"only 0 checksum-valid barcode(s) available; corrupt reading from master, supplier"
abt-buy_0841,942,942,True,unresolved,False,reject,0.232,0.0,0.664,0.0,,"reject at 0.23 — source agreement 0.00, text margin 0.66, barcode insufficient_data",insufficient_data,0.0,,master|supplier,"only 0 checksum-valid barcode(s) available; corrupt reading from master, supplier"
abt-buy_0842,996,996,True,unresolved,False,reject,0.299,0.0,0.854,0.0,,"reject at 0.30 — source agreement 0.00, text margin 0.85, barcode insufficient_data",insufficient_data,0.0,,master|supplier,"only 0 checksum-valid barcode(s) available; corrupt reading from master, supplier"
abt-buy_0843,603,603,True,unresolved,False,reject,0.322,0.0,0.919,0.0,,"reject at 0.32 — source agreement 0.00, text margin 0.92, barcode insufficient_data",insufficient_data,0.0,,master|supplier,"only 0 checksum-valid barcode(s) available; corrupt reading from master, supplier"
abt-buy_0844,742,742,True,unresolved,False,reject,0.276,0.0,0.787,0.0,,"reject at 0.28 — source agreement 0.00, text margin 0.79, barcode insufficient_data",insufficient_data,0.0,,master|supplier,"only 0 checksum-valid barcode(s) available; corrupt reading from master, supplier"
abt-buy_0845,989,989,True,unresolved,False,reject,0.295,0.0,0.843,0.0,,"reject at 0.29 — source agreement 0.00, text margin 0.84, barcode insufficient_data",insufficient_data,0.0,,master|supplier,"only 0 checksum-valid barcode(s) available; corrupt reading from master, supplier"
abt-buy_0846,634,634,True,unresolved,False,reject,0.35,0.0,1.0,0.0,,"reject at 0.35 — source agreement 0.00, text margin 1.00, barcode insufficient_data",insufficient_data,0.0,,master|supplier,"only 0 checksum-valid barcode(s) available; corrupt reading from master, supplier"
abt-buy_0847,859,859,True,unresolved,False,reject,0.325,0.0,0.928,0.0,,"reject at 0.32 — source agreement 0.00, text margin 0.93, barcode insufficient_data",insufficient_data,0.0,,master|supplier,"only 0 checksum-valid barcode(s) available; corrupt reading from master, supplier"
abt-buy_0848,384,384,True,unresolved,False,reject,0.291,0.0,0.831,0.0,,"reject at 0.29 — source agreement 0.00, text margin 0.83, barcode insufficient_data",insufficient_data,0.0,,master|supplier,"only 0 checksum-valid barcode(s) available; corrupt reading from master, supplier"
abt-buy_0849,944,944,True,unresolved,False,reject,0.35,0.0,1.0,0.0,,"reject at 0.35 — source agreement 0.00, text margin 1.00, barcode insufficient_data",insufficient_data,0.0,,master|supplier,"only 0 checksum-valid barcode(s) available; corrupt reading from master, supplier"
abt-buy_0850,935,935,True,unresolved,False,reject,0.188,0.0,0.538,0.0,,"reject at 0.19 — source agreement 0.00, text margin 0.54, barcode insufficient_data",insufficient_data,0.0,,master|supplier,"only 0 checksum-valid barcode(s) available; corrupt reading from master, supplier"
abt-buy_0851,933,933,True,unresolved,False,reject,0.187,0.0,0.534,0.0,,"reject at 0.19 — source agreement 0.00, text margin 0.53, barcode insufficient_data",insufficient_data,0.0,,master|supplier,"only 0 checksum-valid barcode(s) available; corrupt reading from master, supplier"
abt-buy_0852,932,932,True,unresolved,False,reject,0.177,0.0,0.504,0.0,,"reject at 0.18 — source agreement 0.00, text margin 0.50, barcode insufficient_data",insufficient_data,0.0,,master|supplier,"only 0 checksum-valid barcode(s) available; corrupt reading from master, supplier"
abt-buy_0853,934,934,True,unresolved,False,reject,0.185,0.0,0.528,0.0,,"reject at 0.18 — source agreement 0.00, text margin 0.53, barcode insufficient_data",insufficient_data,0.0,,master|supplier,"only 0 checksum-valid barcode(s) available; corrupt reading from master, supplier"
abt-buy_0854,647,647,True,unresolved,False,reject,0.24,0.0,0.687,0.0,,"reject at 0.24 — source agreement 0.00, text margin 0.69, barcode insufficient_data",insufficient_data,0.0,,master|supplier,"only 0 checksum-valid barcode(s) available; corrupt reading from master, supplier"
abt-buy_0855,414,414,True,unresolved,False,reject,0.289,0.0,0.824,0.0,,"reject at 0.29 — source agreement 0.00, text margin 0.82, barcode insufficient_data",insufficient_data,0.0,,master|supplier,"only 0 checksum-valid barcode(s) available; corrupt reading from master, supplier"
abt-buy_0856,1039,1039,True,unresolved,False,reject,0.231,0.0,0.661,0.0,,"reject at 0.23 — source agreement 0.00, text margin 0.66, barcode insufficient_data",insufficient_data,0.0,,master|supplier,"only 0 checksum-valid barcode(s) available; corrupt reading from master, supplier"
abt-buy_0857,981,981,True,unresolved,False,reject,0.242,0.0,0.692,0.0,,"reject at 0.24 — source agreement 0.00, text margin 0.69, barcode insufficient_data",insufficient_data,0.0,,master|supplier,"only 0 checksum-valid barcode(s) available; corrupt reading from master, supplier"
abt-buy_0858,380,380,True,unresolved,False,reject,0.35,0.0,1.0,0.0,,"reject at 0.35 — source agreement 0.00, text margin 1.00, barcode insufficient_data",insufficient_data,0.0,,master|supplier,"only 0 checksum-valid barcode(s) available; corrupt reading from master, supplier"
abt-buy_0859,985,985,True,unresolved,False,reject,0.213,0.0,0.61,0.0,,"reject at 0.21 — source agreement 0.00, text margin 0.61, barcode insufficient_data",insufficient_data,0.0,,master|supplier,"only 0 checksum-valid barcode(s) available; corrupt reading from master, supplier"
abt-buy_0860,997,997,True,unresolved,False,reject,0.339,0.0,0.969,0.0,,"reject at 0.34 — source agreement 0.00, text margin 0.97, barcode insufficient_data",insufficient_data,0.0,,master|supplier,"only 0 checksum-valid barcode(s) available; corrupt reading from master, supplier"
abt-buy_0861,991,991,True,unresolved,False,reject,0.255,0.0,0.729,0.0,,"reject at 0.26 — source agreement 0.00, text margin 0.73, barcode insufficient_data",insufficient_data,0.0,,master|supplier,"only 0 checksum-valid barcode(s) available; corrupt reading from master, supplier"
abt-buy_0862,1011,1011,True,unresolved,False,reject,0.29,0.0,0.828,0.0,,"reject at 0.29 — source agreement 0.00, text margin 0.83, barcode insufficient_data",insufficient_data,0.0,,master|supplier,"only 0 checksum-valid barcode(s) available; corrupt reading from master, supplier"
abt-buy_0863,1018,1018,True,unresolved,False,reject,0.342,0.0,0.979,0.0,,"reject at 0.34 — source agreement 0.00, text margin 0.98, barcode insufficient_data",insufficient_data,0.0,,master|supplier,"only 0 checksum-valid barcode(s) available; corrupt reading from master, supplier"
abt-buy_0864,970,970,True,unresolved,False,reject,0.287,0.0,0.819,0.0,,"reject at 0.29 — source agreement 0.00, text margin 0.82, barcode insufficient_data",insufficient_data,0.0,,master|supplier,"only 0 checksum-valid barcode(s) available; corrupt reading from master, supplier"
abt-buy_0865,476,476,True,unresolved,False,reject,0.35,0.0,1.0,0.0,,"reject at 0.35 — source agreement 0.00, text margin 1.00, barcode insufficient_data",insufficient_data,0.0,,master|supplier,"only 0 checksum-valid barcode(s) available; corrupt reading from master, supplier"
abt-buy_0866,350,350,True,unresolved,False,reject,0.35,0.0,1.0,0.0,,"reject at 0.35 — source agreement 0.00, text margin 1.00, barcode insufficient_data",insufficient_data,0.0,,master|supplier,"only 0 checksum-valid barcode(s) available; corrupt reading from master, supplier"
abt-buy_0867,766,766,True,unresolved,False,reject,0.276,0.0,0.79,0.0,,"reject at 0.28 — source agreement 0.00, text margin 0.79, barcode insufficient_data",insufficient_data,0.0,,master|supplier,"only 0 checksum-valid barcode(s) available; corrupt reading from master, supplier"
abt-buy_0868,537,537,True,unresolved,False,reject,0.35,0.0,1.0,0.0,,"reject at 0.35 — source agreement 0.00, text margin 1.00, barcode insufficient_data",insufficient_data,0.0,,master|supplier,"only 0 checksum-valid barcode(s) available; corrupt reading from master, supplier"
abt-buy_0869,964,964,True,unresolved,False,reject,0.242,0.0,0.692,0.0,,"reject at 0.24 — source agreement 0.00, text margin 0.69, barcode insufficient_data",insufficient_data,0.0,,master|supplier,"only 0 checksum-valid barcode(s) available; corrupt reading from master, supplier"
abt-buy_0870,1031,1031,True,unresolved,False,reject,0.289,0.0,0.827,0.0,,"reject at 0.29 — source agreement 0.00, text margin 0.83, barcode insufficient_data",insufficient_data,0.0,,master|supplier,"only 0 checksum-valid barcode(s) available; corrupt reading from master, supplier"
abt-buy_0871,1037,1037,True,unresolved,False,reject,0.34,0.0,0.97,0.0,,"reject at 0.34 — source agreement 0.00, text margin 0.97, barcode insufficient_data",insufficient_data,0.0,,master|supplier,"only 0 checksum-valid barcode(s) available; corrupt reading from master, supplier"
abt-buy_0872,968,968,True,unresolved,False,reject,0.342,0.0,0.976,0.0,,"reject at 0.34 — source agreement 0.00, text margin 0.98, barcode insufficient_data",insufficient_data,0.0,,master|supplier,"only 0 checksum-valid barcode(s) available; corrupt reading from master, supplier"
abt-buy_0873,1002,1002,True,unresolved,False,reject,0.249,0.0,0.712,0.0,,"reject at 0.25 — source agreement 0.00, text margin 0.71, barcode insufficient_data",insufficient_data,0.0,,master|supplier,"only 0 checksum-valid barcode(s) available; corrupt reading from master, supplier"
abt-buy_0874,874,874,True,unresolved,False,reject,0.312,0.0,0.891,0.0,,"reject at 0.31 — source agreement 0.00, text margin 0.89, barcode insufficient_data",insufficient_data,0.0,,master|supplier,"only 0 checksum-valid barcode(s) available; corrupt reading from master, supplier"
abt-buy_0875,876,876,True,unresolved,False,reject,0.232,0.0,0.663,0.0,,"reject at 0.23 — source agreement 0.00, text margin 0.66, barcode insufficient_data",insufficient_data,0.0,,master|supplier,"only 0 checksum-valid barcode(s) available; corrupt reading from master, supplier"
abt-buy_0876,893,893,True,unresolved,False,reject,0.331,0.0,0.946,0.0,,"reject at 0.33 — source agreement 0.00, text margin 0.95, barcode insufficient_data",insufficient_data,0.0,,master|supplier,"only 0 checksum-valid barcode(s) available; corrupt reading from master, supplier"
abt-buy_0877,899,899,True,unresolved,False,reject,0.298,0.0,0.85,0.0,,"reject at 0.30 — source agreement 0.00, text margin 0.85, barcode insufficient_data",insufficient_data,0.0,,master|supplier,"only 0 checksum-valid barcode(s) available; corrupt reading from master, supplier"
abt-buy_0878,475,475,True,unresolved,False,reject,0.291,0.0,0.831,0.0,,"reject at 0.29 — source agreement 0.00, text margin 0.83, barcode insufficient_data",insufficient_data,0.0,,master|supplier,"only 0 checksum-valid barcode(s) available; corrupt reading from master, supplier"
abt-buy_0879,625,625,True,unresolved,False,reject,0.273,0.0,0.781,0.0,,"reject at 0.27 — source agreement 0.00, text margin 0.78, barcode insufficient_data",insufficient_data,0.0,,master|supplier,"only 0 checksum-valid barcode(s) available; corrupt reading from master, supplier"
abt-buy_0880,814,814,True,unresolved,False,reject,0.35,0.0,1.0,0.0,,"reject at 0.35 — source agreement 0.00, text margin 1.00, barcode insufficient_data",insufficient_data,0.0,,master|supplier,"only 0 checksum-valid barcode(s) available; corrupt reading from master, supplier"
abt-buy_0881,990,990,True,unresolved,False,reject,0.287,0.0,0.821,0.0,,"reject at 0.29 — source agreement 0.00, text margin 0.82, barcode insufficient_data",insufficient_data,0.0,,master|supplier,"only 0 checksum-valid barcode(s) available; corrupt reading from master, supplier"
abt-buy_0882,1025,1025,True,unresolved,False,reject,0.35,0.0,1.0,0.0,,"reject at 0.35 — source agreement 0.00, text margin 1.00, barcode insufficient_data",insufficient_data,0.0,,master|supplier,"only 0 checksum-valid barcode(s) available; corrupt reading from master, supplier"
abt-buy_0883,777,777,True,unresolved,False,reject,0.35,0.0,1.0,0.0,,"reject at 0.35 — source agreement 0.00, text margin 1.00, barcode insufficient_data",insufficient_data,0.0,,master|supplier,"only 0 checksum-valid barcode(s) available; corrupt reading from master, supplier"
abt-buy_0884,880,880,True,unresolved,False,reject,0.278,0.0,0.793,0.0,,"reject at 0.28 — source agreement 0.00, text margin 0.79, barcode insufficient_data",insufficient_data,0.0,,master|supplier,"only 0 checksum-valid barcode(s) available; corrupt reading from master, supplier"
abt-buy_0885,882,882,True,unresolved,False,reject,0.277,0.0,0.791,0.0,,"reject at 0.28 — source agreement 0.00, text margin 0.79, barcode insufficient_data",insufficient_data,0.0,,master|supplier,"only 0 checksum-valid barcode(s) available; corrupt reading from master, supplier"
abt-buy_0886,1036,1036,True,unresolved,False,reject,0.35,0.0,1.0,0.0,,"reject at 0.35 — source agreement 0.00, text margin 1.00, barcode insufficient_data",insufficient_data,0.0,,master|supplier,"only 0 checksum-valid barcode(s) available; corrupt reading from master, supplier"
abt-buy_0887,376,376,True,unresolved,False,reject,0.215,0.0,0.614,0.0,,"reject at 0.22 — source agreement 0.00, text margin 0.61, barcode insufficient_data",insufficient_data,0.0,,master|supplier,"only 0 checksum-valid barcode(s) available; corrupt reading from master, supplier"
abt-buy_0888,1016,1016,True,unresolved,False,reject,0.343,0.0,0.98,0.0,,"reject at 0.34 — source agreement 0.00, text margin 0.98, barcode insufficient_data",insufficient_data,0.0,,master|supplier,"only 0 checksum-valid barcode(s) available; corrupt reading from master, supplier"
abt-buy_0889,582,582,True,unresolved,False,reject,0.284,0.0,0.81,0.0,,"reject at 0.28 — source agreement 0.00, text margin 0.81, barcode insufficient_data",insufficient_data,0.0,,master|supplier,"only 0 checksum-valid barcode(s) available; corrupt reading from master, supplier"
abt-buy_0890,604,604,True,unresolved,False,reject,0.35,0.0,1.0,0.0,,"reject at 0.35 — source agreement 0.00, text margin 1.00, barcode insufficient_data",insufficient_data,0.0,,master|supplier,"only 0 checksum-valid barcode(s) available; corrupt reading from master, supplier"
abt-buy_0891,46,46,True,unresolved,False,reject,0.253,0.0,0.724,0.0,,"reject at 0.25 — source agreement 0.00, text margin 0.72, barcode insufficient_data",insufficient_data,0.0,,master|supplier,"only 0 checksum-valid barcode(s) available; corrupt reading from master, supplier"
abt-buy_0892,1062,1062,True,unresolved,False,reject,0.256,0.0,0.733,0.0,,"reject at 0.26 — source agreement 0.00, text margin 0.73, barcode insufficient_data",insufficient_data,0.0,,master|supplier,"only 0 checksum-valid barcode(s) available; corrupt reading from master, supplier"
abt-buy_0893,1044,1044,True,unresolved,False,reject,0.35,0.0,1.0,0.0,,"reject at 0.35 — source agreement 0.00, text margin 1.00, barcode insufficient_data",insufficient_data,0.0,,master|supplier,"only 0 checksum-valid barcode(s) available; corrupt reading from master, supplier"
abt-buy_0894,1068,1068,True,unresolved,False,reject,0.211,0.0,0.603,0.0,,"reject at 0.21 — source agreement 0.00, text margin 0.60, barcode insufficient_data",insufficient_data,0.0,,master|supplier,"only 0 checksum-valid barcode(s) available; corrupt reading from master, supplier"
abt-buy_0895,1069,1069,True,unresolved,False,reject,0.288,0.0,0.824,0.0,,"reject at 0.29 — source agreement 0.00, text margin 0.82, barcode insufficient_data",insufficient_data,0.0,,master|supplier,"only 0 checksum-valid barcode(s) available; corrupt reading from master, supplier"
abt-buy_0896,128,128,True,unresolved,False,reject,0.21,0.0,0.6,0.0,,"reject at 0.21 — source agreement 0.00, text margin 0.60, barcode insufficient_data",insufficient_data,0.0,,master|supplier,"only 0 checksum-valid barcode(s) available; corrupt reading from master, supplier"
abt-buy_0897,129,129,True,unresolved,False,reject,0.196,0.0,0.559,0.0,,"reject at 0.20 — source agreement 0.00, text margin 0.56, barcode insufficient_data",insufficient_data,0.0,,master|supplier,"only 0 checksum-valid barcode(s) available; corrupt reading from master, supplier"
abt-buy_0898,127,127,True,unresolved,False,reject,0.339,0.0,0.969,0.0,,"reject at 0.34 — source agreement 0.00, text margin 0.97, barcode insufficient_data",insufficient_data,0.0,,master|supplier,"only 0 checksum-valid barcode(s) available; corrupt reading from master, supplier"
abt-buy_0899,431,431,True,unresolved,False,reject,0.35,0.0,1.0,0.0,,"reject at 0.35 — source agreement 0.00, text margin 1.00, barcode insufficient_data",insufficient_data,0.0,,master|supplier,"only 0 checksum-valid barcode(s) available; corrupt reading from master, supplier"
abt-buy_0900,3,3,True,unresolved,False,reject,0.35,0.0,1.0,0.0,,"reject at 0.35 — source agreement 0.00, text margin 1.00, barcode insufficient_data",insufficient_data,0.0,,master|supplier,"only 0 checksum-valid barcode(s) available; corrupt reading from master, supplier"
abt-buy_0901,12,12,True,unresolved,False,reject,0.196,0.0,0.561,0.0,,"reject at 0.20 — source agreement 0.00, text margin 0.56, barcode insufficient_data",insufficient_data,0.0,,master|supplier,"only 0 checksum-valid barcode(s) available; corrupt reading from master, supplier"
abt-buy_0902,35,35,True,unresolved,False,reject,0.334,0.0,0.955,0.0,,"reject at 0.33 — source agreement 0.00, text margin 0.95, barcode insufficient_data",insufficient_data,0.0,,master|supplier,"only 0 checksum-valid barcode(s) available; corrupt reading from master, supplier"
abt-buy_0903,98,98,True,unresolved,False,reject,0.35,0.0,1.0,0.0,,"reject at 0.35 — source agreement 0.00, text margin 1.00, barcode insufficient_data",insufficient_data,0.0,,master|supplier,"only 0 checksum-valid barcode(s) available; corrupt reading from master, supplier"
abt-buy_0904,20,20,True,unresolved,False,reject,0.179,0.0,0.512,0.0,,"reject at 0.18 — source agreement 0.00, text margin 0.51, barcode insufficient_data",insufficient_data,0.0,,master|supplier,"only 0 checksum-valid barcode(s) available; corrupt reading from master, supplier"
abt-buy_0905,21,21,True,unresolved,False,reject,0.174,0.0,0.497,0.0,,"reject at 0.17 — source agreement 0.00, text margin 0.50, barcode insufficient_data",insufficient_data,0.0,,master|supplier,"only 0 checksum-valid barcode(s) available; corrupt reading from master, supplier"
abt-buy_0906,31,31,True,unresolved,False,reject,0.19,0.0,0.544,0.0,,"reject at 0.19 — source agreement 0.00, text margin 0.54, barcode insufficient_data",insufficient_data,0.0,,master|supplier,"only 0 checksum-valid barcode(s) available; corrupt reading from master, supplier"
abt-buy_0907,25,25,True,unresolved,False,reject,0.315,0.0,0.9,0.0,,"reject at 0.31 — source agreement 0.00, text margin 0.90, barcode insufficient_data",insufficient_data,0.0,,master|supplier,"only 0 checksum-valid barcode(s) available; corrupt reading from master, supplier"
abt-buy_0908,30,30,True,unresolved,False,reject,0.189,0.0,0.541,0.0,,"reject at 0.19 — source agreement 0.00, text margin 0.54, barcode insufficient_data",insufficient_data,0.0,,master|supplier,"only 0 checksum-valid barcode(s) available; corrupt reading from master, supplier"
abt-buy_0909,15,15,True,unresolved,False,reject,0.237,0.0,0.677,0.0,,"reject at 0.24 — source agreement 0.00, text margin 0.68, barcode insufficient_data",insufficient_data,0.0,,master|supplier,"only 0 checksum-valid barcode(s) available; corrupt reading from master, supplier"
abt-buy_0910,172,172,True,unresolved,False,reject,0.307,0.0,0.877,0.0,,"reject at 0.31 — source agreement 0.00, text margin 0.88, barcode insufficient_data",insufficient_data,0.0,,master|supplier,"only 0 checksum-valid barcode(s) available; corrupt reading from master, supplier"
abt-buy_0911,61,61,True,unresolved,False,reject,0.168,0.0,0.48,0.0,,"reject at 0.17 — source agreement 0.00, text margin 0.48, barcode insufficient_data",insufficient_data,0.0,,master|supplier,"only 0 checksum-valid barcode(s) available; corrupt reading from master, supplier"
abt-buy_0912,28,28,True,unresolved,False,reject,0.255,0.0,0.728,0.0,,"reject at 0.25 — source agreement 0.00, text margin 0.73, barcode insufficient_data",insufficient_data,0.0,,master|supplier,"only 0 checksum-valid barcode(s) available; corrupt reading from master, supplier"
abt-buy_0913,29,29,True,unresolved,False,reject,0.24,0.0,0.687,0.0,,"reject at 0.24 — source agreement 0.00, text margin 0.69, barcode insufficient_data",insufficient_data,0.0,,master|supplier,"only 0 checksum-valid barcode(s) available; corrupt reading from master, supplier"
abt-buy_0914,833,833,True,unresolved,False,reject,0.202,0.0,0.578,0.0,,"reject at 0.20 — source agreement 0.00, text margin 0.58, barcode insufficient_data",insufficient_data,0.0,,master|supplier,"only 0 checksum-valid barcode(s) available; corrupt reading from master, supplier"
abt-buy_0915,33,33,True,unresolved,False,reject,0.35,0.0,1.0,0.0,,"reject at 0.35 — source agreement 0.00, text margin 1.00, barcode insufficient_data",insufficient_data,0.0,,master|supplier,"only 0 checksum-valid barcode(s) available; corrupt reading from master, supplier"
abt-buy_0916,113,113,True,unresolved,False,reject,0.257,0.0,0.733,0.0,,"reject at 0.26 — source agreement 0.00, text margin 0.73, barcode insufficient_data",insufficient_data,0.0,,master|supplier,"only 0 checksum-valid barcode(s) available; corrupt reading from master, supplier"
abt-buy_0917,116,116,True,unresolved,False,reject,0.293,0.0,0.837,0.0,,"reject at 0.29 — source agreement 0.00, text margin 0.84, barcode insufficient_data",insufficient_data,0.0,,master|supplier,"only 0 checksum-valid barcode(s) available; corrupt reading from master, supplier"
abt-buy_0918,41,41,True,unresolved,False,reject,0.255,0.0,0.728,0.0,,"reject at 0.25 — source agreement 0.00, text margin 0.73, barcode insufficient_data",insufficient_data,0.0,,master|supplier,"only 0 checksum-valid barcode(s) available; corrupt reading from master, supplier"
abt-buy_0919,16,16,True,unresolved,False,reject,0.262,0.0,0.748,0.0,,"reject at 0.26 — source agreement 0.00, text margin 0.75, barcode insufficient_data",insufficient_data,0.0,,master|supplier,"only 0 checksum-valid barcode(s) available; corrupt reading from master, supplier"
abt-buy_0920,330,330,True,unresolved,False,reject,0.245,0.0,0.701,0.0,,"reject at 0.25 — source agreement 0.00, text margin 0.70, barcode insufficient_data",insufficient_data,0.0,,master|supplier,"only 0 checksum-valid barcode(s) available; corrupt reading from master, supplier"
abt-buy_0921,13,13,True,unresolved,False,reject,0.155,0.0,0.442,0.0,,"reject at 0.15 — source agreement 0.00, text margin 0.44, barcode insufficient_data",insufficient_data,0.0,,master|supplier,"only 0 checksum-valid barcode(s) available; corrupt reading from master, supplier"
abt-buy_0922,809,809,True,unresolved,False,reject,0.237,0.0,0.678,0.0,,"reject at 0.24 — source agreement 0.00, text margin 0.68, barcode insufficient_data",insufficient_data,0.0,,master|supplier,"only 0 checksum-valid barcode(s) available; corrupt reading from master, supplier"
abt-buy_0923,23,23,True,unresolved,False,reject,0.35,0.0,1.0,0.0,,"reject at 0.35 — source agreement 0.00, text margin 1.00, barcode insufficient_data",insufficient_data,0.0,,master|supplier,"only 0 checksum-valid barcode(s) available; corrupt reading from master, supplier"
abt-buy_0924,49,49,True,unresolved,False,reject,0.177,0.0,0.507,0.0,,"reject at 0.18 — source agreement 0.00, text margin 0.51, barcode insufficient_data",insufficient_data,0.0,,master|supplier,"only 0 checksum-valid barcode(s) available; corrupt reading from master, supplier"
abt-buy_0925,55,55,True,unresolved,False,reject,0.35,0.0,1.0,0.0,,"reject at 0.35 — source agreement 0.00, text margin 1.00, barcode insufficient_data",insufficient_data,0.0,,master|supplier,"only 0 checksum-valid barcode(s) available; corrupt reading from master, supplier"
abt-buy_0926,59,59,True,unresolved,False,reject,0.238,0.0,0.681,0.0,,"reject at 0.24 — source agreement 0.00, text margin 0.68, barcode insufficient_data",insufficient_data,0.0,,master|supplier,"only 0 checksum-valid barcode(s) available; corrupt reading from master, supplier"
abt-buy_0927,802,802,True,unresolved,False,reject,0.35,0.0,1.0,0.0,,"reject at 0.35 — source agreement 0.00, text margin 1.00, barcode insufficient_data",insufficient_data,0.0,,master|supplier,"only 0 checksum-valid barcode(s) available; corrupt reading from master, supplier"
abt-buy_0928,801,801,True,unresolved,False,reject,0.225,0.0,0.642,0.0,,"reject at 0.22 — source agreement 0.00, text margin 0.64, barcode insufficient_data",insufficient_data,0.0,,master|supplier,"only 0 checksum-valid barcode(s) available; corrupt reading from master, supplier"
abt-buy_0929,763,763,True,unresolved,False,reject,0.221,0.0,0.632,0.0,,"reject at 0.22 — source agreement 0.00, text margin 0.63, barcode insufficient_data",insufficient_data,0.0,,master|supplier,"only 0 checksum-valid barcode(s) available; corrupt reading from master, supplier"
abt-buy_0930,821,821,True,unresolved,False,reject,0.199,0.0,0.569,0.0,,"reject at 0.20 — source agreement 0.00, text margin 0.57, barcode insufficient_data",insufficient_data,0.0,,master|supplier,"only 0 checksum-valid barcode(s) available; corrupt reading from master, supplier"
abt-buy_0931,88,88,True,unresolved,False,reject,0.199,0.0,0.568,0.0,,"reject at 0.20 — source agreement 0.00, text margin 0.57, barcode insufficient_data",insufficient_data,0.0,,master|supplier,"only 0 checksum-valid barcode(s) available; corrupt reading from master, supplier"
abt-buy_0932,65,65,True,unresolved,False,reject,0.203,0.0,0.581,0.0,,"reject at 0.20 — source agreement 0.00, text margin 0.58, barcode insufficient_data",insufficient_data,0.0,,master|supplier,"only 0 checksum-valid barcode(s) available; corrupt reading from master, supplier"
abt-buy_0933,165,165,True,unresolved,False,reject,0.311,0.0,0.888,0.0,,"reject at 0.31 — source agreement 0.00, text margin 0.89, barcode insufficient_data",insufficient_data,0.0,,master|supplier,"only 0 checksum-valid barcode(s) available; corrupt reading from master, supplier"
abt-buy_0934,66,66,True,unresolved,False,reject,0.207,0.0,0.593,0.0,,"reject at 0.21 — source agreement 0.00, text margin 0.59, barcode insufficient_data",insufficient_data,0.0,,master|supplier,"only 0 checksum-valid barcode(s) available; corrupt reading from master, supplier"
abt-buy_0935,81,81,True,unresolved,False,reject,0.35,0.0,1.0,0.0,,"reject at 0.35 — source agreement 0.00, text margin 1.00, barcode insufficient_data",insufficient_data,0.0,,master|supplier,"only 0 checksum-valid barcode(s) available; corrupt reading from master, supplier"
abt-buy_0936,73,73,True,unresolved,False,reject,0.254,0.0,0.724,0.0,,"reject at 0.25 — source agreement 0.00, text margin 0.72, barcode insufficient_data",insufficient_data,0.0,,master|supplier,"only 0 checksum-valid barcode(s) available; corrupt reading from master, supplier"
abt-buy_0937,62,62,True,unresolved,False,reject,0.254,0.0,0.726,0.0,,"reject at 0.25 — source agreement 0.00, text margin 0.73, barcode insufficient_data",insufficient_data,0.0,,master|supplier,"only 0 checksum-valid barcode(s) available; corrupt reading from master, supplier"
abt-buy_0938,124,124,True,unresolved,False,reject,0.345,0.0,0.985,0.0,,"reject at 0.34 — source agreement 0.00, text margin 0.99, barcode insufficient_data",insufficient_data,0.0,,master|supplier,"only 0 checksum-valid barcode(s) available; corrupt reading from master, supplier"
abt-buy_0939,48,48,True,unresolved,False,reject,0.21,0.0,0.599,0.0,,"reject at 0.21 — source agreement 0.00, text margin 0.60, barcode insufficient_data",insufficient_data,0.0,,master|supplier,"only 0 checksum-valid barcode(s) available; corrupt reading from master, supplier"
abt-buy_0940,79,79,True,unresolved,False,reject,0.309,0.0,0.884,0.0,,"reject at 0.31 — source agreement 0.00, text margin 0.88, barcode insufficient_data",insufficient_data,0.0,,master|supplier,"only 0 checksum-valid barcode(s) available; corrupt reading from master, supplier"
abt-buy_0941,94,94,True,unresolved,False,reject,0.299,0.0,0.855,0.0,,"reject at 0.30 — source agreement 0.00, text margin 0.86, barcode insufficient_data",insufficient_data,0.0,,master|supplier,"only 0 checksum-valid barcode(s) available; corrupt reading from master, supplier"
abt-buy_0942,95,95,True,unresolved,False,reject,0.29,0.0,0.83,0.0,,"reject at 0.29 — source agreement 0.00, text margin 0.83, barcode insufficient_data",insufficient_data,0.0,,master|supplier,"only 0 checksum-valid barcode(s) available; corrupt reading from master, supplier"
abt-buy_0943,115,115,True,unresolved,False,reject,0.35,0.0,1.0,0.0,,"reject at 0.35 — source agreement 0.00, text margin 1.00, barcode insufficient_data",insufficient_data,0.0,,master|supplier,"only 0 checksum-valid barcode(s) available; corrupt reading from master, supplier"
abt-buy_0944,373,373,True,unresolved,False,reject,0.35,0.0,1.0,0.0,,"reject at 0.35 — source agreement 0.00, text margin 1.00, barcode insufficient_data",insufficient_data,0.0,,master|supplier,"only 0 checksum-valid barcode(s) available; corrupt reading from master, supplier"
abt-buy_0945,175,175,True,unresolved,False,reject,0.223,0.0,0.636,0.0,,"reject at 0.22 — source agreement 0.00, text margin 0.64, barcode insufficient_data",insufficient_data,0.0,,master|supplier,"only 0 checksum-valid barcode(s) available; corrupt reading from master, supplier"
abt-buy_0946,169,169,True,unresolved,False,reject,0.261,0.0,0.745,0.0,,"reject at 0.26 — source agreement 0.00, text margin 0.75, barcode insufficient_data",insufficient_data,0.0,,master|supplier,"only 0 checksum-valid barcode(s) available; corrupt reading from master, supplier"
abt-buy_0947,798,798,True,unresolved,False,reject,0.266,0.0,0.759,0.0,,"reject at 0.27 — source agreement 0.00, text margin 0.76, barcode insufficient_data",insufficient_data,0.0,,master|supplier,"only 0 checksum-valid barcode(s) available; corrupt reading from master, supplier"
abt-buy_0948,202,202,True,unresolved,False,reject,0.279,0.0,0.798,0.0,,"reject at 0.28 — source agreement 0.00, text margin 0.80, barcode insufficient_data",insufficient_data,0.0,,master|supplier,"only 0 checksum-valid barcode(s) available; corrupt reading from master, supplier"
abt-buy_0949,243,243,True,unresolved,False,reject,0.35,0.0,1.0,0.0,,"reject at 0.35 — source agreement 0.00, text margin 1.00, barcode insufficient_data",insufficient_data,0.0,,master|supplier,"only 0 checksum-valid barcode(s) available; corrupt reading from master, supplier"
abt-buy_0950,281,281,True,unresolved,False,reject,0.291,0.0,0.831,0.0,,"reject at 0.29 — source agreement 0.00, text margin 0.83, barcode insufficient_data",insufficient_data,0.0,,master|supplier,"only 0 checksum-valid barcode(s) available; corrupt reading from master, supplier"
abt-buy_0951,277,277,True,unresolved,False,reject,0.344,0.0,0.982,0.0,,"reject at 0.34 — source agreement 0.00, text margin 0.98, barcode insufficient_data",insufficient_data,0.0,,master|supplier,"only 0 checksum-valid barcode(s) available; corrupt reading from master, supplier"
abt-buy_0952,955,955,True,unresolved,False,reject,0.35,0.0,1.0,0.0,,"reject at 0.35 — source agreement 0.00, text margin 1.00, barcode insufficient_data",insufficient_data,0.0,,master|supplier,"only 0 checksum-valid barcode(s) available; corrupt reading from master, supplier"
abt-buy_0953,262,262,True,unresolved,False,reject,0.266,0.0,0.761,0.0,,"reject at 0.27 — source agreement 0.00, text margin 0.76, barcode insufficient_data",insufficient_data,0.0,,master|supplier,"only 0 checksum-valid barcode(s) available; corrupt reading from master, supplier"
abt-buy_0954,324,324,True,unresolved,False,reject,0.302,0.0,0.861,0.0,,"reject at 0.30 — source agreement 0.00, text margin 0.86, barcode insufficient_data",insufficient_data,0.0,,master|supplier,"only 0 checksum-valid barcode(s) available; corrupt reading from master, supplier"
abt-buy_0955,423,423,True,unresolved,False,reject,0.28,0.0,0.801,0.0,,"reject at 0.28 — source agreement 0.00, text margin 0.80, barcode insufficient_data",insufficient_data,0.0,,master|supplier,"only 0 checksum-valid barcode(s) available; corrupt reading from master, supplier"
abt-buy_0956,216,216,True,unresolved,False,reject,0.255,0.0,0.728,0.0,,"reject at 0.25 — source agreement 0.00, text margin 0.73, barcode insufficient_data",insufficient_data,0.0,,master|supplier,"only 0 checksum-valid barcode(s) available; corrupt reading from master, supplier"
abt-buy_0957,479,479,True,unresolved,False,reject,0.273,0.0,0.78,0.0,,"reject at 0.27 — source agreement 0.00, text margin 0.78, barcode insufficient_data",insufficient_data,0.0,,master|supplier,"only 0 checksum-valid barcode(s) available; corrupt reading from master, supplier"
abt-buy_0958,1032,1032,True,unresolved,False,reject,0.31,0.0,0.885,0.0,,"reject at 0.31 — source agreement 0.00, text margin 0.89, barcode insufficient_data",insufficient_data,0.0,,master|supplier,"only 0 checksum-valid barcode(s) available; corrupt reading from master, supplier"
abt-buy_0959,1005,1005,True,unresolved,False,reject,0.35,0.0,1.0,0.0,,"reject at 0.35 — source agreement 0.00, text margin 1.00, barcode insufficient_data",insufficient_data,0.0,,master|supplier,"only 0 checksum-valid barcode(s) available; corrupt reading from master, supplier"
abt-buy_0960,623,623,True,unresolved,False,reject,0.284,0.0,0.81,0.0,,"reject at 0.28 — source agreement 0.00, text margin 0.81, barcode insufficient_data",insufficient_data,0.0,,master|supplier,"only 0 checksum-valid barcode(s) available; corrupt reading from master, supplier"
abt-buy_0961,1010,1010,True,unresolved,False,reject,0.35,0.0,1.0,0.0,,"reject at 0.35 — source agreement 0.00, text margin 1.00, barcode insufficient_data",insufficient_data,0.0,,master|supplier,"only 0 checksum-valid barcode(s) available; corrupt reading from master, supplier"
abt-buy_0962,873,873,True,unresolved,False,reject,0.35,0.0,1.0,0.0,,"reject at 0.35 — source agreement 0.00, text margin 1.00, barcode insufficient_data",insufficient_data,0.0,,master|supplier,"only 0 checksum-valid barcode(s) available; corrupt reading from master, supplier"
abt-buy_0963,594,594,True,unresolved,False,reject,0.331,0.0,0.944,0.0,,"reject at 0.33 — source agreement 0.00, text margin 0.94, barcode insufficient_data",insufficient_data,0.0,,master|supplier,"only 0 checksum-valid barcode(s) available; corrupt reading from master, supplier"
abt-buy_0964,587,587,True,unresolved,False,reject,0.296,0.0,0.845,0.0,,"reject at 0.30 — source agreement 0.00, text margin 0.84, barcode insufficient_data",insufficient_data,0.0,,master|supplier,"only 0 checksum-valid barcode(s) available; corrupt reading from master, supplier"
abt-buy_0965,689,689,True,unresolved,False,reject,0.313,0.0,0.895,0.0,,"reject at 0.31 — source agreement 0.00, text margin 0.89, barcode insufficient_data",insufficient_data,0.0,,master|supplier,"only 0 checksum-valid barcode(s) available; corrupt reading from master, supplier"
abt-buy_0966,1001,1001,True,unresolved,False,reject,0.266,0.0,0.759,0.0,,"reject at 0.27 — source agreement 0.00, text margin 0.76, barcode insufficient_data",insufficient_data,0.0,,master|supplier,"only 0 checksum-valid barcode(s) available; corrupt reading from master, supplier"
abt-buy_0967,672,672,True,unresolved,False,reject,0.197,0.0,0.563,0.0,,"reject at 0.20 — source agreement 0.00, text margin 0.56, barcode insufficient_data",insufficient_data,0.0,,master|supplier,"only 0 checksum-valid barcode(s) available; corrupt reading from master, supplier"
abt-buy_0968,671,671,True,unresolved,False,reject,0.183,0.0,0.523,0.0,,"reject at 0.18 — source agreement 0.00, text margin 0.52, barcode insufficient_data",insufficient_data,0.0,,master|supplier,"only 0 checksum-valid barcode(s) available; corrupt reading from master, supplier"
abt-buy_0969,492,492,True,unresolved,False,reject,0.245,0.0,0.7,0.0,,"reject at 0.24 — source agreement 0.00, text margin 0.70, barcode insufficient_data",insufficient_data,0.0,,master|supplier,"only 0 checksum-valid barcode(s) available; corrupt reading from master, supplier"
abt-buy_0970,572,572,True,unresolved,False,reject,0.35,0.0,1.0,0.0,,"reject at 0.35 — source agreement 0.00, text margin 1.00, barcode insufficient_data",insufficient_data,0.0,,master|supplier,"only 0 checksum-valid barcode(s) available; corrupt reading from master, supplier"
abt-buy_0971,335,335,True,unresolved,False,reject,0.189,0.0,0.539,0.0,,"reject at 0.19 — source agreement 0.00, text margin 0.54, barcode insufficient_data",insufficient_data,0.0,,master|supplier,"only 0 checksum-valid barcode(s) available; corrupt reading from master, supplier"
abt-buy_0972,846,846,True,unresolved,False,reject,0.177,0.0,0.505,0.0,,"reject at 0.18 — source agreement 0.00, text margin 0.51, barcode insufficient_data",insufficient_data,0.0,,master|supplier,"only 0 checksum-valid barcode(s) available; corrupt reading from master, supplier"
abt-buy_0973,852,852,True,unresolved,False,reject,0.187,0.0,0.534,0.0,,"reject at 0.19 — source agreement 0.00, text margin 0.53, barcode insufficient_data",insufficient_data,0.0,,master|supplier,"only 0 checksum-valid barcode(s) available; corrupt reading from master, supplier"
abt-buy_0974,795,795,True,unresolved,False,reject,0.19,0.0,0.542,0.0,,"reject at 0.19 — source agreement 0.00, text margin 0.54, barcode insufficient_data",insufficient_data,0.0,,master|supplier,"only 0 checksum-valid barcode(s) available; corrupt reading from master, supplier"
abt-buy_0975,845,845,True,unresolved,False,reject,0.187,0.0,0.534,0.0,,"reject at 0.19 — source agreement 0.00, text margin 0.53, barcode insufficient_data",insufficient_data,0.0,,master|supplier,"only 0 checksum-valid barcode(s) available; corrupt reading from master, supplier"
abt-buy_0976,843,843,True,unresolved,False,reject,0.188,0.0,0.537,0.0,,"reject at 0.19 — source agreement 0.00, text margin 0.54, barcode insufficient_data",insufficient_data,0.0,,master|supplier,"only 0 checksum-valid barcode(s) available; corrupt reading from master, supplier"
abt-buy_0977,841,841,True,unresolved,False,reject,0.185,0.0,0.528,0.0,,"reject at 0.18 — source agreement 0.00, text margin 0.53, barcode insufficient_data",insufficient_data,0.0,,master|supplier,"only 0 checksum-valid barcode(s) available; corrupt reading from master, supplier"
abt-buy_0978,796,796,True,unresolved,False,reject,0.185,0.0,0.527,0.0,,"reject at 0.18 — source agreement 0.00, text margin 0.53, barcode insufficient_data",insufficient_data,0.0,,master|supplier,"only 0 checksum-valid barcode(s) available; corrupt reading from master, supplier"
abt-buy_0979,847,847,True,unresolved,False,reject,0.194,0.0,0.555,0.0,,"reject at 0.19 — source agreement 0.00, text margin 0.55, barcode insufficient_data",insufficient_data,0.0,,master|supplier,"only 0 checksum-valid barcode(s) available; corrupt reading from master, supplier"
abt-buy_0980,844,844,True,unresolved,False,reject,0.177,0.0,0.507,0.0,,"reject at 0.18 — source agreement 0.00, text margin 0.51, barcode insufficient_data",insufficient_data,0.0,,master|supplier,"only 0 checksum-valid barcode(s) available; corrupt reading from master, supplier"
abt-buy_0981,840,840,True,unresolved,False,reject,0.181,0.0,0.517,0.0,,"reject at 0.18 — source agreement 0.00, text margin 0.52, barcode insufficient_data",insufficient_data,0.0,,master|supplier,"only 0 checksum-valid barcode(s) available; corrupt reading from master, supplier"
abt-buy_0982,849,849,True,unresolved,False,reject,0.176,0.0,0.504,0.0,,"reject at 0.18 — source agreement 0.00, text margin 0.50, barcode insufficient_data",insufficient_data,0.0,,master|supplier,"only 0 checksum-valid barcode(s) available; corrupt reading from master, supplier"
abt-buy_0983,851,851,True,unresolved,False,reject,0.18,0.0,0.515,0.0,,"reject at 0.18 — source agreement 0.00, text margin 0.51, barcode insufficient_data",insufficient_data,0.0,,master|supplier,"only 0 checksum-valid barcode(s) available; corrupt reading from master, supplier"
abt-buy_0984,853,853,True,unresolved,False,reject,0.189,0.0,0.539,0.0,,"reject at 0.19 — source agreement 0.00, text margin 0.54, barcode insufficient_data",insufficient_data,0.0,,master|supplier,"only 0 checksum-valid barcode(s) available; corrupt reading from master, supplier"
abt-buy_0985,837,837,True,unresolved,False,reject,0.259,0.0,0.741,0.0,,"reject at 0.26 — source agreement 0.00, text margin 0.74, barcode insufficient_data",insufficient_data,0.0,,master|supplier,"only 0 checksum-valid barcode(s) available; corrupt reading from master, supplier"
abt-buy_0986,883,883,True,unresolved,False,reject,0.216,0.0,0.616,0.0,,"reject at 0.22 — source agreement 0.00, text margin 0.62, barcode insufficient_data",insufficient_data,0.0,,master|supplier,"only 0 checksum-valid barcode(s) available; corrupt reading from master, supplier"
abt-buy_0987,483,483,True,unresolved,False,reject,0.241,0.0,0.689,0.0,,"reject at 0.24 — source agreement 0.00, text margin 0.69, barcode insufficient_data",insufficient_data,0.0,,master|supplier,"only 0 checksum-valid barcode(s) available; corrupt reading from master, supplier"
abt-buy_0988,142,142,True,unresolved,False,reject,0.203,0.0,0.579,0.0,,"reject at 0.20 — source agreement 0.00, text margin 0.58, barcode insufficient_data",insufficient_data,0.0,,master|supplier,"only 0 checksum-valid barcode(s) available; corrupt reading from master, supplier"
abt-buy_0989,1063,1063,True,unresolved,False,reject,0.294,0.0,0.84,0.0,,"reject at 0.29 — source agreement 0.00, text margin 0.84, barcode insufficient_data",insufficient_data,0.0,,master|supplier,"only 0 checksum-valid barcode(s) available; corrupt reading from master, supplier"
abt-buy_0990,999,999,True,unresolved,False,reject,0.35,0.0,1.0,0.0,,"reject at 0.35 — source agreement 0.00, text margin 1.00, barcode insufficient_data",insufficient_data,0.0,,master|supplier,"only 0 checksum-valid barcode(s) available; corrupt reading from master, supplier"
abt-buy_0991,648,648,True,unresolved,False,reject,0.185,0.0,0.529,0.0,,"reject at 0.19 — source agreement 0.00, text margin 0.53, barcode insufficient_data",insufficient_data,0.0,,master|supplier,"only 0 checksum-valid barcode(s) available; corrupt reading from master, supplier"
abt-buy_0992,983,983,True,unresolved,False,reject,0.211,0.0,0.603,0.0,,"reject at 0.21 — source agreement 0.00, text margin 0.60, barcode insufficient_data",insufficient_data,0.0,,master|supplier,"only 0 checksum-valid barcode(s) available; corrupt reading from master, supplier"
abt-buy_0993,1015,1015,True,unresolved,False,reject,0.35,0.0,1.0,0.0,,"reject at 0.35 — source agreement 0.00, text margin 1.00, barcode insufficient_data",insufficient_data,0.0,,master|supplier,"only 0 checksum-valid barcode(s) available; corrupt reading from master, supplier"
abt-buy_0994,982,982,True,unresolved,False,reject,0.219,0.0,0.625,0.0,,"reject at 0.22 — source agreement 0.00, text margin 0.63, barcode insufficient_data",insufficient_data,0.0,,master|supplier,"only 0 checksum-valid barcode(s) available; corrupt reading from master, supplier"
abt-buy_0995,1053,1053,True,unresolved,False,reject,0.35,0.0,1.0,0.0,,"reject at 0.35 — source agreement 0.00, text margin 1.00, barcode insufficient_data",insufficient_data,0.0,,master|supplier,"only 0 checksum-valid barcode(s) available; corrupt reading from master, supplier"
abt-buy_0996,975,975,True,unresolved,False,reject,0.246,0.0,0.703,0.0,,"reject at 0.25 — source agreement 0.00, text margin 0.70, barcode insufficient_data",insufficient_data,0.0,,master|supplier,"only 0 checksum-valid barcode(s) available; corrupt reading from master, supplier"
abt-buy_0997,1056,1056,True,unresolved,False,reject,0.35,0.0,1.0,0.0,,"reject at 0.35 — source agreement 0.00, text margin 1.00, barcode insufficient_data",insufficient_data,0.0,,master|supplier,"only 0 checksum-valid barcode(s) available; corrupt reading from master, supplier"
abt-buy_0998,166,166,True,unresolved,False,reject,0.35,0.0,1.0,0.0,,"reject at 0.35 — source agreement 0.00, text margin 1.00, barcode insufficient_data",insufficient_data,0.0,,master|supplier,"only 0 checksum-valid barcode(s) available; corrupt reading from master, supplier"
abt-buy_0999,63,63,True,unresolved,False,reject,0.248,0.0,0.709,0.0,,"reject at 0.25 — source agreement 0.00, text margin 0.71, barcode insufficient_data",insufficient_data,0.0,,master|supplier,"only 0 checksum-valid barcode(s) available; corrupt reading from master, supplier"
abt-buy_1000,53,53,True,unresolved,False,reject,0.35,0.0,1.0,0.0,,"reject at 0.35 — source agreement 0.00, text margin 1.00, barcode insufficient_data",insufficient_data,0.0,,master|supplier,"only 0 checksum-valid barcode(s) available; corrupt reading from master, supplier"
abt-buy_1001,64,64,True,unresolved,False,reject,0.083,0.0,0.238,0.0,,"reject at 0.08 — source agreement 0.00, text margin 0.24, barcode insufficient_data",insufficient_data,0.0,,master|supplier,"only 0 checksum-valid barcode(s) available; corrupt reading from master, supplier"
abt-buy_1002,794,794,True,unresolved,False,reject,0.35,0.0,1.0,0.0,,"reject at 0.35 — source agreement 0.00, text margin 1.00, barcode insufficient_data",insufficient_data,0.0,,master|supplier,"only 0 checksum-valid barcode(s) available; corrupt reading from master, supplier"
abt-buy_1003,119,119,True,unresolved,False,reject,0.272,0.0,0.776,0.0,,"reject at 0.27 — source agreement 0.00, text margin 0.78, barcode insufficient_data",insufficient_data,0.0,,master|supplier,"only 0 checksum-valid barcode(s) available; corrupt reading from master, supplier"
abt-buy_1004,102,102,True,unresolved,False,reject,0.35,0.0,1.0,0.0,,"reject at 0.35 — source agreement 0.00, text margin 1.00, barcode insufficient_data",insufficient_data,0.0,,master|supplier,"only 0 checksum-valid barcode(s) available; corrupt reading from master, supplier"
abt-buy_1005,123,123,True,unresolved,False,reject,0.296,0.0,0.845,0.0,,"reject at 0.30 — source agreement 0.00, text margin 0.84, barcode insufficient_data",insufficient_data,0.0,,master|supplier,"only 0 checksum-valid barcode(s) available; corrupt reading from master, supplier"
abt-buy_1006,191,191,True,unresolved,False,reject,0.273,0.0,0.781,0.0,,"reject at 0.27 — source agreement 0.00, text margin 0.78, barcode insufficient_data",insufficient_data,0.0,,master|supplier,"only 0 checksum-valid barcode(s) available; corrupt reading from master, supplier"
abt-buy_1007,294,294,True,unresolved,False,reject,0.302,0.0,0.862,0.0,,"reject at 0.30 — source agreement 0.00, text margin 0.86, barcode insufficient_data",insufficient_data,0.0,,master|supplier,"only 0 checksum-valid barcode(s) available; corrupt reading from master, supplier"
abt-buy_1008,146,146,True,unresolved,False,reject,0.179,0.0,0.51,0.0,,"reject at 0.18 — source agreement 0.00, text margin 0.51, barcode insufficient_data",insufficient_data,0.0,,master|supplier,"only 0 checksum-valid barcode(s) available; corrupt reading from master, supplier"
abt-buy_1009,233,233,True,unresolved,False,reject,0.35,0.0,1.0,0.0,,"reject at 0.35 — source agreement 0.00, text margin 1.00, barcode insufficient_data",insufficient_data,0.0,,master|supplier,"only 0 checksum-valid barcode(s) available; corrupt reading from master, supplier"
abt-buy_1010,208,208,True,unresolved,False,reject,0.231,0.0,0.661,0.0,,"reject at 0.23 — source agreement 0.00, text margin 0.66, barcode insufficient_data",insufficient_data,0.0,,master|supplier,"only 0 checksum-valid barcode(s) available; corrupt reading from master, supplier"
abt-buy_1011,237,237,True,unresolved,False,reject,0.185,0.0,0.528,0.0,,"reject at 0.18 — source agreement 0.00, text margin 0.53, barcode insufficient_data",insufficient_data,0.0,,master|supplier,"only 0 checksum-valid barcode(s) available; corrupt reading from master, supplier"
abt-buy_1012,207,207,True,unresolved,False,reject,0.213,0.0,0.608,0.0,,"reject at 0.21 — source agreement 0.00, text margin 0.61, barcode insufficient_data",insufficient_data,0.0,,master|supplier,"only 0 checksum-valid barcode(s) available; corrupt reading from master, supplier"
abt-buy_1013,811,811,True,unresolved,False,reject,0.35,0.0,1.0,0.0,,"reject at 0.35 — source agreement 0.00, text margin 1.00, barcode insufficient_data",insufficient_data,0.0,,master|supplier,"only 0 checksum-valid barcode(s) available; corrupt reading from master, supplier"
abt-buy_1014,70,70,True,unresolved,False,reject,0.181,0.0,0.518,0.0,,"reject at 0.18 — source agreement 0.00, text margin 0.52, barcode insufficient_data",insufficient_data,0.0,,master|supplier,"only 0 checksum-valid barcode(s) available; corrupt reading from master, supplier"
abt-buy_1015,232,232,True,unresolved,False,reject,0.235,0.0,0.672,0.0,,"reject at 0.24 — source agreement 0.00, text margin 0.67, barcode insufficient_data",insufficient_data,0.0,,master|supplier,"only 0 checksum-valid barcode(s) available; corrupt reading from master, supplier"
abt-buy_1016,193,193,True,unresolved,False,reject,0.288,0.0,0.822,0.0,,"reject at 0.29 — source agreement 0.00, text margin 0.82, barcode insufficient_data",insufficient_data,0.0,,master|supplier,"only 0 checksum-valid barcode(s) available; corrupt reading from master, supplier"
abt-buy_1017,261,261,True,unresolved,False,reject,0.345,0.0,0.985,0.0,,"reject at 0.34 — source agreement 0.00, text margin 0.98, barcode insufficient_data",insufficient_data,0.0,,master|supplier,"only 0 checksum-valid barcode(s) available; corrupt reading from master, supplier"
abt-buy_1018,190,190,True,unresolved,False,reject,0.35,0.0,1.0,0.0,,"reject at 0.35 — source agreement 0.00, text margin 1.00, barcode insufficient_data",insufficient_data,0.0,,master|supplier,"only 0 checksum-valid barcode(s) available; corrupt reading from master, supplier"
abt-buy_1019,205,205,True,unresolved,False,reject,0.309,0.0,0.882,0.0,,"reject at 0.31 — source agreement 0.00, text margin 0.88, barcode insufficient_data",insufficient_data,0.0,,master|supplier,"only 0 checksum-valid barcode(s) available; corrupt reading from master, supplier"
abt-buy_1020,266,266,True,unresolved,False,reject,0.343,0.0,0.981,0.0,,"reject at 0.34 — source agreement 0.00, text margin 0.98, barcode insufficient_data",insufficient_data,0.0,,master|supplier,"only 0 checksum-valid barcode(s) available; corrupt reading from master, supplier"
abt-buy_1021,288,288,True,unresolved,False,reject,0.344,0.0,0.983,0.0,,"reject at 0.34 — source agreement 0.00, text margin 0.98, barcode insufficient_data",insufficient_data,0.0,,master|supplier,"only 0 checksum-valid barcode(s) available; corrupt reading from master, supplier"
abt-buy_1022,315,315,True,unresolved,False,reject,0.224,0.0,0.641,0.0,,"reject at 0.22 — source agreement 0.00, text margin 0.64, barcode insufficient_data",insufficient_data,0.0,,master|supplier,"only 0 checksum-valid barcode(s) available; corrupt reading from master, supplier"
abt-buy_1023,786,786,True,unresolved,False,reject,0.346,0.0,0.987,0.0,,"reject at 0.35 — source agreement 0.00, text margin 0.99, barcode insufficient_data",insufficient_data,0.0,,master|supplier,"only 0 checksum-valid barcode(s) available; corrupt reading from master, supplier"
abt-buy_1024,385,385,True,unresolved,False,reject,0.294,0.0,0.84,0.0,,"reject at 0.29 — source agreement 0.00, text margin 0.84, barcode insufficient_data",insufficient_data,0.0,,master|supplier,"only 0 checksum-valid barcode(s) available; corrupt reading from master, supplier"
abt-buy_1025,348,348,True,unresolved,False,reject,0.266,0.0,0.761,0.0,,"reject at 0.27 — source agreement 0.00, text margin 0.76, barcode insufficient_data",insufficient_data,0.0,,master|supplier,"only 0 checksum-valid barcode(s) available; corrupt reading from master, supplier"
abt-buy_1026,227,227,True,unresolved,False,reject,0.259,0.0,0.739,0.0,,"reject at 0.26 — source agreement 0.00, text margin 0.74, barcode insufficient_data",insufficient_data,0.0,,master|supplier,"only 0 checksum-valid barcode(s) available; corrupt reading from master, supplier"
abt-buy_1027,254,254,True,unresolved,False,reject,0.272,0.0,0.777,0.0,,"reject at 0.27 — source agreement 0.00, text margin 0.78, barcode insufficient_data",insufficient_data,0.0,,master|supplier,"only 0 checksum-valid barcode(s) available; corrupt reading from master, supplier"
abt-buy_1028,322,322,True,unresolved,False,reject,0.35,0.0,1.0,0.0,,"reject at 0.35 — source agreement 0.00, text margin 1.00, barcode insufficient_data",insufficient_data,0.0,,master|supplier,"only 0 checksum-valid barcode(s) available; corrupt reading from master, supplier"
abt-buy_1029,790,790,True,unresolved,False,reject,0.286,0.0,0.818,0.0,,"reject at 0.29 — source agreement 0.00, text margin 0.82, barcode insufficient_data",insufficient_data,0.0,,master|supplier,"only 0 checksum-valid barcode(s) available; corrupt reading from master, supplier"
abt-buy_1030,730,730,True,unresolved,False,reject,0.222,0.0,0.635,0.0,,"reject at 0.22 — source agreement 0.00, text margin 0.64, barcode insufficient_data",insufficient_data,0.0,,master|supplier,"only 0 checksum-valid barcode(s) available; corrupt reading from master, supplier"
abt-buy_1031,635,635,True,unresolved,False,reject,0.294,0.0,0.839,0.0,,"reject at 0.29 — source agreement 0.00, text margin 0.84, barcode insufficient_data",insufficient_data,0.0,,master|supplier,"only 0 checksum-valid barcode(s) available; corrupt reading from master, supplier"
abt-buy_1032,554,554,True,unresolved,False,reject,0.223,0.0,0.636,0.0,,"reject at 0.22 — source agreement 0.00, text margin 0.64, barcode insufficient_data",insufficient_data,0.0,,master|supplier,"only 0 checksum-valid barcode(s) available; corrupt reading from master, supplier"
abt-buy_1033,622,622,True,unresolved,False,reject,0.251,0.0,0.717,0.0,,"reject at 0.25 — source agreement 0.00, text margin 0.72, barcode insufficient_data",insufficient_data,0.0,,master|supplier,"only 0 checksum-valid barcode(s) available; corrupt reading from master, supplier"
abt-buy_1034,542,542,True,unresolved,False,reject,0.319,0.0,0.913,0.0,,"reject at 0.32 — source agreement 0.00, text margin 0.91, barcode insufficient_data",insufficient_data,0.0,,master|supplier,"only 0 checksum-valid barcode(s) available; corrupt reading from master, supplier"
abt-buy_1035,808,808,True,unresolved,False,reject,0.295,0.0,0.844,0.0,,"reject at 0.30 — source agreement 0.00, text margin 0.84, barcode insufficient_data",insufficient_data,0.0,,master|supplier,"only 0 checksum-valid barcode(s) available; corrupt reading from master, supplier"
abt-buy_1036,773,773,True,unresolved,False,reject,0.344,0.0,0.984,0.0,,"reject at 0.34 — source agreement 0.00, text margin 0.98, barcode insufficient_data",insufficient_data,0.0,,master|supplier,"only 0 checksum-valid barcode(s) available; corrupt reading from master, supplier"
abt-buy_1037,774,774,True,unresolved,False,reject,0.152,0.0,0.436,0.0,,"reject at 0.15 — source agreement 0.00, text margin 0.44, barcode insufficient_data",insufficient_data,0.0,,master|supplier,"only 0 checksum-valid barcode(s) available; corrupt reading from master, supplier"
abt-buy_1038,755,755,True,unresolved,False,reject,0.261,0.0,0.747,0.0,,"reject at 0.26 — source agreement 0.00, text margin 0.75, barcode insufficient_data",insufficient_data,0.0,,master|supplier,"only 0 checksum-valid barcode(s) available; corrupt reading from master, supplier"
abt-buy_1039,702,702,True,unresolved,False,reject,0.342,0.0,0.978,0.0,,"reject at 0.34 — source agreement 0.00, text margin 0.98, barcode insufficient_data",insufficient_data,0.0,,master|supplier,"only 0 checksum-valid barcode(s) available; corrupt reading from master, supplier"
abt-buy_1040,498,498,True,unresolved,False,reject,0.319,0.0,0.91,0.0,,"reject at 0.32 — source agreement 0.00, text margin 0.91, barcode insufficient_data",insufficient_data,0.0,,master|supplier,"only 0 checksum-valid barcode(s) available; corrupt reading from master, supplier"
abt-buy_1041,778,778,True,unresolved,False,reject,0.294,0.0,0.84,0.0,,"reject at 0.29 — source agreement 0.00, text margin 0.84, barcode insufficient_data",insufficient_data,0.0,,master|supplier,"only 0 checksum-valid barcode(s) available; corrupt reading from master, supplier"
abt-buy_1042,813,813,True,unresolved,False,reject,0.303,0.0,0.866,0.0,,"reject at 0.30 — source agreement 0.00, text margin 0.87, barcode insufficient_data",insufficient_data,0.0,,master|supplier,"only 0 checksum-valid barcode(s) available; corrupt reading from master, supplier"
abt-buy_1043,812,812,True,unresolved,False,reject,0.205,0.0,0.585,0.0,,"reject at 0.20 — source agreement 0.00, text margin 0.58, barcode insufficient_data",insufficient_data,0.0,,master|supplier,"only 0 checksum-valid barcode(s) available; corrupt reading from master, supplier"
abt-buy_1044,305,305,True,unresolved,False,reject,0.32,0.0,0.913,0.0,,"reject at 0.32 — source agreement 0.00, text margin 0.91, barcode insufficient_data",insufficient_data,0.0,,master|supplier,"only 0 checksum-valid barcode(s) available; corrupt reading from master, supplier"
abt-buy_1045,1034,1034,True,unresolved,False,reject,0.35,0.0,1.0,0.0,,"reject at 0.35 — source agreement 0.00, text margin 1.00, barcode insufficient_data",insufficient_data,0.0,,master|supplier,"only 0 checksum-valid barcode(s) available; corrupt reading from master, supplier"
abt-buy_1046,803,803,True,unresolved,False,reject,0.35,0.0,1.0,0.0,,"reject at 0.35 — source agreement 0.00, text margin 1.00, barcode insufficient_data",insufficient_data,0.0,,master|supplier,"only 0 checksum-valid barcode(s) available; corrupt reading from master, supplier"
abt-buy_1047,897,897,True,unresolved,False,reject,0.211,0.0,0.602,0.0,,"reject at 0.21 — source agreement 0.00, text margin 0.60, barcode insufficient_data",insufficient_data,0.0,,master|supplier,"only 0 checksum-valid barcode(s) available; corrupt reading from master, supplier"
abt-buy_1048,900,900,True,unresolved,False,reject,0.219,0.0,0.625,0.0,,"reject at 0.22 — source agreement 0.00, text margin 0.63, barcode insufficient_data",insufficient_data,0.0,,master|supplier,"only 0 checksum-valid barcode(s) available; corrupt reading from master, supplier"
abt-buy_1049,972,972,True,unresolved,False,reject,0.329,0.0,0.941,0.0,,"reject at 0.33 — source agreement 0.00, text margin 0.94, barcode insufficient_data",insufficient_data,0.0,,master|supplier,"only 0 checksum-valid barcode(s) available; corrupt reading from master, supplier"
abt-buy_1050,1042,1042,True,unresolved,False,reject,0.35,0.0,1.0,0.0,,"reject at 0.35 — source agreement 0.00, text margin 1.00, barcode insufficient_data",insufficient_data,0.0,,master|supplier,"only 0 checksum-valid barcode(s) available; corrupt reading from master, supplier"
abt-buy_1051,860,860,True,unresolved,False,reject,0.274,0.0,0.782,0.0,,"reject at 0.27 — source agreement 0.00, text margin 0.78, barcode insufficient_data",insufficient_data,0.0,,master|supplier,"only 0 checksum-valid barcode(s) available; corrupt reading from master, supplier"
abt-buy_1052,979,979,True,unresolved,False,reject,0.331,0.0,0.947,0.0,,"reject at 0.33 — source agreement 0.00, text margin 0.95, barcode insufficient_data",insufficient_data,0.0,,master|supplier,"only 0 checksum-valid barcode(s) available; corrupt reading from master, supplier"
abt-buy_1053,926,926,True,unresolved,False,reject,0.343,0.0,0.98,0.0,,"reject at 0.34 — source agreement 0.00, text margin 0.98, barcode insufficient_data",insufficient_data,0.0,,master|supplier,"only 0 checksum-valid barcode(s) available; corrupt reading from master, supplier"
abt-buy_1054,1006,1006,True,unresolved,False,reject,0.333,0.0,0.951,0.0,,"reject at 0.33 — source agreement 0.00, text margin 0.95, barcode insufficient_data",insufficient_data,0.0,,master|supplier,"only 0 checksum-valid barcode(s) available; corrupt reading from master, supplier"
abt-buy_1055,980,980,True,unresolved,False,reject,0.272,0.0,0.776,0.0,,"reject at 0.27 — source agreement 0.00, text margin 0.78, barcode insufficient_data",insufficient_data,0.0,,master|supplier,"only 0 checksum-valid barcode(s) available; corrupt reading from master, supplier"
abt-buy_1056,879,879,True,unresolved,False,reject,0.35,0.0,1.0,0.0,,"reject at 0.35 — source agreement 0.00, text margin 1.00, barcode insufficient_data",insufficient_data,0.0,,master|supplier,"only 0 checksum-valid barcode(s) available; corrupt reading from master, supplier"
abt-buy_1057,1067,1067,True,unresolved,False,reject,0.303,0.0,0.865,0.0,,"reject at 0.30 — source agreement 0.00, text margin 0.87, barcode insufficient_data",insufficient_data,0.0,,master|supplier,"only 0 checksum-valid barcode(s) available; corrupt reading from master, supplier"
abt-buy_1058,967,967,True,unresolved,False,reject,0.35,0.0,1.0,0.0,,"reject at 0.35 — source agreement 0.00, text margin 1.00, barcode insufficient_data",insufficient_data,0.0,,master|supplier,"only 0 checksum-valid barcode(s) available; corrupt reading from master, supplier"
abt-buy_1059,1000,1000,True,unresolved,False,reject,0.35,0.0,1.0,0.0,,"reject at 0.35 — source agreement 0.00, text margin 1.00, barcode insufficient_data",insufficient_data,0.0,,master|supplier,"only 0 checksum-valid barcode(s) available; corrupt reading from master, supplier"
abt-buy_1060,1075,1075,True,unresolved,False,reject,0.333,0.0,0.952,0.0,,"reject at 0.33 — source agreement 0.00, text margin 0.95, barcode insufficient_data",insufficient_data,0.0,,master|supplier,"only 0 checksum-valid barcode(s) available; corrupt reading from master, supplier"
abt-buy_1061,139,139,True,unresolved,False,reject,0.217,0.0,0.619,0.0,,"reject at 0.22 — source agreement 0.00, text margin 0.62, barcode insufficient_data",insufficient_data,0.0,,master|supplier,"only 0 checksum-valid barcode(s) available; corrupt reading from master, supplier"
abt-buy_1062,11,11,True,unresolved,False,reject,0.218,0.0,0.623,0.0,,"reject at 0.22 — source agreement 0.00, text margin 0.62, barcode insufficient_data",insufficient_data,0.0,,master|supplier,"only 0 checksum-valid barcode(s) available; corrupt reading from master, supplier"
abt-buy_1063,9,9,True,unresolved,False,reject,0.319,0.0,0.913,0.0,,"reject at 0.32 — source agreement 0.00, text margin 0.91, barcode insufficient_data",insufficient_data,0.0,,master|supplier,"only 0 checksum-valid barcode(s) available; corrupt reading from master, supplier"
abt-buy_1064,1,1,True,unresolved,False,reject,0.35,0.0,1.0,0.0,,"reject at 0.35 — source agreement 0.00, text margin 1.00, barcode insufficient_data",insufficient_data,0.0,,master|supplier,"only 0 checksum-valid barcode(s) available; corrupt reading from master, supplier"
abt-buy_1065,51,51,True,unresolved,False,reject,0.35,0.0,1.0,0.0,,"reject at 0.35 — source agreement 0.00, text margin 1.00, barcode insufficient_data",insufficient_data,0.0,,master|supplier,"only 0 checksum-valid barcode(s) available; corrupt reading from master, supplier"
abt-buy_1066,83,83,True,unresolved,False,reject,0.305,0.0,0.872,0.0,,"reject at 0.31 — source agreement 0.00, text margin 0.87, barcode insufficient_data",insufficient_data,0.0,,master|supplier,"only 0 checksum-valid barcode(s) available; corrupt reading from master, supplier"
abt-buy_1067,134,134,True,unresolved,False,reject,0.35,0.0,1.0,0.0,,"reject at 0.35 — source agreement 0.00, text margin 1.00, barcode insufficient_data",insufficient_data,0.0,,master|supplier,"only 0 checksum-valid barcode(s) available; corrupt reading from master, supplier"
abt-buy_1068,160,160,True,unresolved,False,reject,0.323,0.0,0.924,0.0,,"reject at 0.32 — source agreement 0.00, text margin 0.92, barcode insufficient_data",insufficient_data,0.0,,master|supplier,"only 0 checksum-valid barcode(s) available; corrupt reading from master, supplier"
abt-buy_1069,255,255,True,unresolved,False,reject,0.335,0.0,0.957,0.0,,"reject at 0.34 — source agreement 0.00, text margin 0.96, barcode insufficient_data",insufficient_data,0.0,,master|supplier,"only 0 checksum-valid barcode(s) available; corrupt reading from master, supplier"
abt-buy_1070,392,392,True,unresolved,False,reject,0.317,0.0,0.906,0.0,,"reject at 0.32 — source agreement 0.00, text margin 0.91, barcode insufficient_data",insufficient_data,0.0,,master|supplier,"only 0 checksum-valid barcode(s) available; corrupt reading from master, supplier"
abt-buy_1071,627,627,True,unresolved,False,reject,0.195,0.0,0.558,0.0,,"reject at 0.20 — source agreement 0.00, text margin 0.56, barcode insufficient_data",insufficient_data,0.0,,master|supplier,"only 0 checksum-valid barcode(s) available; corrupt reading from master, supplier"
abt-buy_1072,628,628,True,unresolved,False,reject,0.211,0.0,0.602,0.0,,"reject at 0.21 — source agreement 0.00, text margin 0.60, barcode insufficient_data",insufficient_data,0.0,,master|supplier,"only 0 checksum-valid barcode(s) available; corrupt reading from master, supplier"
abt-buy_1073,629,629,True,unresolved,False,reject,0.195,0.0,0.558,0.0,,"reject at 0.20 — source agreement 0.00, text margin 0.56, barcode insufficient_data",insufficient_data,0.0,,master|supplier,"only 0 checksum-valid barcode(s) available; corrupt reading from master, supplier"
abt-buy_1074,1007,1007,True,unresolved,False,reject,0.35,0.0,1.0,0.0,,"reject at 0.35 — source agreement 0.00, text margin 1.00, barcode insufficient_data",insufficient_data,0.0,,master|supplier,"only 0 checksum-valid barcode(s) available; corrupt reading from master, supplier"
abt-buy_1075,105,105,True,unresolved,False,reject,0.335,0.0,0.958,0.0,,"reject at 0.34 — source agreement 0.00, text margin 0.96, barcode insufficient_data",insufficient_data,0.0,,master|supplier,"only 0 checksum-valid barcode(s) available; corrupt reading from master, supplier"
abt-buy_1076,307,307,True,unresolved,False,reject,0.255,0.0,0.729,0.0,,"reject at 0.26 — source agreement 0.00, text margin 0.73, barcode insufficient_data",insufficient_data,0.0,,master|supplier,"only 0 checksum-valid barcode(s) available; corrupt reading from master, supplier"
abt-buy_1077,308,308,True,unresolved,False,reject,0.246,0.0,0.703,0.0,,"reject at 0.25 — source agreement 0.00, text margin 0.70, barcode insufficient_data",insufficient_data,0.0,,master|supplier,"only 0 checksum-valid barcode(s) available; corrupt reading from master, supplier"
abt-buy_1078,285,285,True,unresolved,False,reject,0.35,0.0,1.0,0.0,,"reject at 0.35 — source agreement 0.00, text margin 1.00, barcode insufficient_data",insufficient_data,0.0,,master|supplier,"only 0 checksum-valid barcode(s) available; corrupt reading from master, supplier"
abt-buy_1079,80,80,True,unresolved,False,reject,0.35,0.0,1.0,0.0,,"reject at 0.35 — source agreement 0.00, text margin 1.00, barcode insufficient_data",insufficient_data,0.0,,master|supplier,"only 0 checksum-valid barcode(s) available; corrupt reading from master, supplier"
abt-buy_1080,2,2,True,unresolved,False,reject,0.35,0.0,1.0,0.0,,"reject at 0.35 — source agreement 0.00, text margin 1.00, barcode insufficient_data",insufficient_data,0.0,,master|supplier,"only 0 checksum-valid barcode(s) available; corrupt reading from master, supplier"
abt-buy_1081,152,152,True,unresolved,False,reject,0.2,0.0,0.572,0.0,,"reject at 0.20 — source agreement 0.00, text margin 0.57, barcode insufficient_data",insufficient_data,0.0,,master|supplier,"only 0 checksum-valid barcode(s) available; corrupt reading from master, supplier"
abt-buy_1082,157,157,True,unresolved,False,reject,0.21,0.0,0.6,0.0,,"reject at 0.21 — source agreement 0.00, text margin 0.60, barcode insufficient_data",insufficient_data,0.0,,master|supplier,"only 0 checksum-valid barcode(s) available; corrupt reading from master, supplier"
abt-buy_1083,154,154,True,unresolved,False,reject,0.266,0.0,0.761,0.0,,"reject at 0.27 — source agreement 0.00, text margin 0.76, barcode insufficient_data",insufficient_data,0.0,,master|supplier,"only 0 checksum-valid barcode(s) available; corrupt reading from master, supplier"
abt-buy_1084,170,170,True,unresolved,False,reject,0.35,0.0,1.0,0.0,,"reject at 0.35 — source agreement 0.00, text margin 1.00, barcode insufficient_data",insufficient_data,0.0,,master|supplier,"only 0 checksum-valid barcode(s) available; corrupt reading from master, supplier"
abt-buy_1085,217,217,True,unresolved,False,reject,0.259,0.0,0.739,0.0,,"reject at 0.26 — source agreement 0.00, text margin 0.74, barcode insufficient_data",insufficient_data,0.0,,master|supplier,"only 0 checksum-valid barcode(s) available; corrupt reading from master, supplier"
abt-buy_1086,331,331,True,unresolved,False,reject,0.255,0.0,0.73,0.0,,"reject at 0.26 — source agreement 0.00, text margin 0.73, barcode insufficient_data",insufficient_data,0.0,,master|supplier,"only 0 checksum-valid barcode(s) available; corrupt reading from master, supplier"
abt-buy_1087,332,332,True,unresolved,False,reject,0.22,0.0,0.629,0.0,,"reject at 0.22 — source agreement 0.00, text margin 0.63, barcode insufficient_data",insufficient_data,0.0,,master|supplier,"only 0 checksum-valid barcode(s) available; corrupt reading from master, supplier"
abt-buy_1088,242,242,True,unresolved,False,reject,0.209,0.0,0.596,0.0,,"reject at 0.21 — source agreement 0.00, text margin 0.60, barcode insufficient_data",insufficient_data,0.0,,master|supplier,"only 0 checksum-valid barcode(s) available; corrupt reading from master, supplier"
abt-buy_1089,252,252,True,unresolved,False,reject,0.223,0.0,0.636,0.0,,"reject at 0.22 — source agreement 0.00, text margin 0.64, barcode insufficient_data",insufficient_data,0.0,,master|supplier,"only 0 checksum-valid barcode(s) available; corrupt reading from master, supplier"
abt-buy_1090,351,351,True,unresolved,False,reject,0.35,0.0,1.0,0.0,,"reject at 0.35 — source agreement 0.00, text margin 1.00, barcode insufficient_data",insufficient_data,0.0,,master|supplier,"only 0 checksum-valid barcode(s) available; corrupt reading from master, supplier"
abt-buy_1091,226,226,True,unresolved,False,reject,0.297,0.0,0.849,0.0,,"reject at 0.30 — source agreement 0.00, text margin 0.85, barcode insufficient_data",insufficient_data,0.0,,master|supplier,"only 0 checksum-valid barcode(s) available; corrupt reading from master, supplier"
